dim_0,dim_1,timepoint,sample_id,split
-0.4730125,-0.64564824,11,C_Lav_81,train
-1.2932359,0.073354416,12,C_Lav_81,train
-0.7619942,-1.9120432,8,C_Lav_81,train
0.5026479,-0.718147,14,C_Lav_81,train
0.73661923,0.8875327,9,C_Lav_81,train
-0.37463486,-1.230191,7,C_Lav_81,train
-1.0745387,-0.5251565,13,C_Lav_81,train
0.5002098,0.74119544,10,C_Lav_81,train
0.47198793,-1.9068302,3,C_Lav_81,train
0.9907278,-0.052313026,0,C_Lav_81,train
0.26538736,-0.28691387,4,C_Lav_81,train
1.1646727,-0.8284853,5,C_Lav_81,train
-0.09215937,0.9534219,2,C_Lav_81,train
0.8340152,-0.2378991,6,C_Lav_81,train
-0.62014246,0.6906255,1,C_Lav_81,train
0.23750657,0.7874959,13,C_Sav_82,train
-0.8648311,-0.12780613,7,C_Sav_82,train
-0.38490444,-0.12052563,10,C_Sav_82,train
0.39596316,-1.1105902,14,C_Sav_82,train
1.1254817,-0.108508326,8,C_Sav_82,train
-0.8817089,1.6793357,9,C_Sav_82,train
0.6973928,-1.4880337,12,C_Sav_82,train
0.87615615,-0.6080783,11,C_Sav_82,train
1.6644006,-0.81299543,6,C_Sav_82,train
-0.41800714,1.3451093,1,C_Sav_82,train
-0.42057967,0.24715649,5,C_Sav_82,train
1.0444944,-1.4476379,2,C_Sav_82,train
-1.5855107,-0.46779695,4,C_Sav_82,train
0.66237855,-0.6784001,3,C_Sav_82,train
0.7615784,0.28979978,0,C_Sav_82,train
1.0047026,0.46977928,10,C_Savav_20,train
-1.8930559,1.9245162,7,C_Savav_20,train
-0.023324,-0.25634113,13,C_Savav_20,train
-1.5452571,-0.5207421,9,C_Savav_20,train
0.51657295,-1.5779877,8,C_Savav_20,train
0.6646414,-0.23635802,14,C_Savav_20,train
1.1659634,-1.3429784,12,C_Savav_20,train
-0.57126474,-0.07431756,11,C_Savav_20,train
-0.7222043,-0.97453314,1,C_Savav_20,train
0.28255206,0.60090756,6,C_Savav_20,train
-0.51406807,-0.6956795,2,C_Savav_20,train
1.1705549,-0.29960418,5,C_Savav_20,train
1.5412041,1.3145424,4,C_Savav_20,train
-0.13892867,0.86251736,0,C_Savav_20,train
-1.4541873,-0.020370565,3,C_Savav_20,train
0.75462204,0.9642374,3,C_Sav_78,train
1.264416,0.419582,0,C_Sav_78,train
-0.63910127,-0.35572135,4,C_Sav_78,train
0.1569626,0.8734152,5,C_Sav_78,train
-0.45096156,-0.48809806,2,C_Sav_78,train
-0.8937442,0.9603694,6,C_Sav_78,train
0.59229445,-0.163003,1,C_Sav_78,train
-0.17327759,0.38681245,11,C_Sav_78,train
-1.5890713,-0.117780976,12,C_Sav_78,train
-0.48993024,1.4991039,8,C_Sav_78,train
-0.0008896119,0.36625433,14,C_Sav_78,train
2.4841664,1.2436246,9,C_Sav_78,train
-1.2285581,-0.6969321,7,C_Sav_78,train
-0.27630237,-1.0847592,13,C_Sav_78,train
0.12508574,-0.9223486,10,C_Sav_78,train
-0.21724817,0.047195192,2,C_Savav_27,train
0.8165512,-0.3487145,5,C_Savav_27,train
0.23281981,0.1284383,1,C_Savav_27,train
0.51034474,0.47454327,6,C_Savav_27,train
-2.2655604,0.6698506,0,C_Savav_27,train
0.33035466,-1.0946105,3,C_Savav_27,train
1.5409979,0.22566502,4,C_Savav_27,train
0.23886822,0.11921725,9,C_Savav_27,train
0.11433876,-0.34976834,8,C_Savav_27,train
0.19978604,-0.09008436,14,C_Savav_27,train
1.343365,0.8848542,10,C_Savav_27,train
-0.92114687,1.2880713,7,C_Savav_27,train
-0.4537202,-0.18733123,13,C_Savav_27,train
-0.9369048,-0.25549415,11,C_Savav_27,train
0.27891424,-0.43823075,12,C_Savav_27,train
-1.3632877,-0.16105461,3,C_Lava_6,train
0.63753796,0.7623299,0,C_Lava_6,train
-0.8932166,0.48483914,4,C_Lava_6,train
0.14753531,0.62668836,5,C_Lava_6,train
-1.0114923,0.3885422,2,C_Lava_6,train
-0.6267027,-0.19110766,6,C_Lava_6,train
-1.0041578,-0.7235722,1,C_Lava_6,train
-0.15313545,1.6910537,11,C_Lava_6,train
0.6330474,0.078288436,12,C_Lava_6,train
1.2731909,0.8863301,8,C_Lava_6,train
1.2597831,1.1433738,14,C_Lava_6,train
-0.6637382,0.5160366,9,C_Lava_6,train
-0.9837452,1.2083737,7,C_Lava_6,train
-1.5968186,-1.2032733,13,C_Lava_6,train
0.01587105,1.3253791,10,C_Lava_6,train
-0.94320667,-1.8034756,0,C_Lvav_0,train
0.5122743,-0.9316299,3,C_Lvav_0,train
-0.1304731,0.08373641,4,C_Lvav_0,train
0.6428261,1.5011808,2,C_Lvav_0,train
1.030073,-0.9351218,5,C_Lvav_0,train
-1.7190458,0.30117458,1,C_Lvav_0,train
0.30433482,-0.96407104,6,C_Lvav_0,train
-1.0010206,-0.3016604,11,C_Lvav_0,train
-0.57314765,0.008378432,12,C_Lvav_0,train
-0.64061725,-1.0522792,9,C_Lvav_0,train
0.04309202,0.47639653,8,C_Lvav_0,train
0.5584277,-0.50035334,14,C_Lvav_0,train
1.3168365,-2.6266487,10,C_Lvav_0,train
-1.9537355,-0.075564966,7,C_Lvav_0,train
0.16103193,-0.099728964,13,C_Lvav_0,train
0.77339876,0.08687443,11,C_Lav_45,train
-0.03986008,-0.093611054,12,C_Lav_45,train
1.2129654,-0.6547655,9,C_Lav_45,train
0.32864928,0.11963678,14,C_Lav_45,train
0.16819246,-1.7355815,8,C_Lav_45,train
1.5294739,1.0821791,10,C_Lav_45,train
-0.67009723,-0.32606453,13,C_Lav_45,train
-1.0215056,1.0470134,7,C_Lav_45,train
-1.0254751,-0.2467798,0,C_Lav_45,train
-1.392575,1.1387597,3,C_Lav_45,train
-1.3029951,0.71518934,4,C_Lav_45,train
-0.12445091,-2.3567502,2,C_Lav_45,train
1.1051928,1.3228431,5,C_Lav_45,train
1.3795338,-0.177027,1,C_Lav_45,train
1.5614667,-1.5008858,6,C_Lav_45,train
1.4738657,-2.262037,4,C_Lvav_46,train
-1.2518921,-0.8759586,0,C_Lvav_46,train
-0.5243384,-0.20707744,3,C_Lvav_46,train
-1.2209151,-0.44286796,1,C_Lvav_46,train
0.40715444,0.6332897,6,C_Lvav_46,train
1.0305685,0.5577598,2,C_Lvav_46,train
0.20090929,0.39795485,5,C_Lvav_46,train
0.6278048,1.3819451,12,C_Lvav_46,train
0.42643005,-0.11739564,11,C_Lvav_46,train
0.85414326,1.2001363,10,C_Lvav_46,train
1.9366841,0.65792096,13,C_Lvav_46,train
-0.23608023,0.4628778,7,C_Lvav_46,train
-0.51989573,-0.24171895,9,C_Lvav_46,train
-1.7022864,0.64734656,14,C_Lvav_46,train
1.3545418,0.59978753,8,C_Lvav_46,train
-0.7938005,-0.16069663,9,C_Lava_71,train
0.21906784,1.579259,8,C_Lava_71,train
0.13270938,1.4901377,14,C_Lava_71,train
-0.6862115,0.39343023,10,C_Lava_71,train
-1.0134398,-0.9956196,7,C_Lava_71,train
0.7024489,-0.016791243,13,C_Lava_71,train
-2.0088065,-0.53434354,11,C_Lava_71,train
0.016820079,-2.7547028,12,C_Lava_71,train
1.0890474,-0.2943486,2,C_Lava_71,train
-1.8566188,-0.27140504,5,C_Lava_71,train
0.40904814,-0.9541906,1,C_Lava_71,train
-0.47023454,-2.0299215,6,C_Lava_71,train
1.2859697,-0.46272582,0,C_Lava_71,train
-1.0706307,-2.0094566,3,C_Lava_71,train
0.09817493,-1.3346092,4,C_Lava_71,train
-1.4252338,0.006448253,1,C_Savav_46,train
-1.1574296,0.840001,6,C_Savav_46,train
1.3406584,1.7038255,2,C_Savav_46,train
0.39959908,0.7916545,5,C_Savav_46,train
0.7284044,-1.2580774,4,C_Savav_46,train
-2.052826,0.13772699,0,C_Savav_46,train
0.73142904,-1.1770667,3,C_Savav_46,train
0.12844458,0.010787079,10,C_Savav_46,train
1.7397,2.1673582,13,C_Savav_46,train
0.14045158,-1.1480895,7,C_Savav_46,train
-2.2088327,-0.25472468,9,C_Savav_46,train
0.2275009,0.7741095,14,C_Savav_46,train
-0.3859731,1.8405428,8,C_Savav_46,train
-0.81564796,0.5061225,12,C_Savav_46,train
-2.7328765,-0.824595,11,C_Savav_46,train
-0.22048804,-0.31559098,5,C_Lvav_67,train
-0.82127804,0.9180035,2,C_Lvav_67,train
1.966892,-0.1992437,6,C_Lvav_67,train
0.9522082,0.21347108,1,C_Lvav_67,train
1.7132936,0.97713804,3,C_Lvav_67,train
0.37526762,-0.8131383,0,C_Lvav_67,train
-0.12589873,-0.9104592,4,C_Lvav_67,train
-0.9295522,-0.9493475,8,C_Lvav_67,train
-0.15297842,-2.7394717,14,C_Lvav_67,train
-1.3126768,-0.54527485,9,C_Lvav_67,train
-1.4406371,-0.314064,7,C_Lvav_67,train
-0.5489219,0.14496797,13,C_Lvav_67,train
0.7149799,0.16908795,10,C_Lvav_67,train
-0.28713128,-0.24928136,11,C_Lvav_67,train
-0.29548085,-0.51509964,12,C_Lvav_67,train
0.26905662,-0.41458,12,C_Lav_65,train
0.90318954,-1.163048,11,C_Lav_65,train
-0.22868046,-0.44982094,10,C_Lav_65,train
1.0121655,-1.0878736,7,C_Lav_65,train
-0.27138028,0.989272,13,C_Lav_65,train
-1.0136533,1.0432051,9,C_Lav_65,train
-2.9312978,0.55036044,8,C_Lav_65,train
0.46099693,1.4255595,14,C_Lav_65,train
1.2833261,-0.15748507,4,C_Lav_65,train
-1.2151893,-0.098607995,0,C_Lav_65,train
0.8576096,0.8976798,3,C_Lav_65,train
0.32974273,0.8298215,1,C_Lav_65,train
-1.0188159,-0.6374433,6,C_Lav_65,train
-0.19933464,-0.70195997,2,C_Lav_65,train
-1.2562722,-0.19053158,5,C_Lav_65,train
0.20862493,0.43575335,6,C_Lava_41,train
-0.3982461,-0.40756607,1,C_Lava_41,train
-0.3005026,-0.3193352,5,C_Lava_41,train
0.08030153,0.755671,2,C_Lava_41,train
0.1527684,0.56602883,4,C_Lava_41,train
-0.16917846,-0.29529765,3,C_Lava_41,train
-0.28323492,-0.85185474,0,C_Lava_41,train
-0.46244583,-0.8121565,13,C_Lava_41,train
0.9179425,1.2949986,7,C_Lava_41,train
0.03409432,0.44327813,10,C_Lava_41,train
0.20798624,1.5630348,14,C_Lava_41,train
-0.33702388,-0.9743832,8,C_Lava_41,train
-1.7739131,-0.2350692,9,C_Lava_41,train
-0.36610565,1.2210271,12,C_Lava_41,train
-1.7967798,1.2406133,11,C_Lava_41,train
-1.5590022,-0.22726361,3,C_Lav_14,train
0.7424226,0.37516022,0,C_Lav_14,train
1.0206809,0.53623205,4,C_Lav_14,train
-0.9227268,-1.474425,5,C_Lav_14,train
0.47088188,1.4596744,2,C_Lav_14,train
-1.8554826,1.1843644,6,C_Lav_14,train
-2.0010917,1.1519201,1,C_Lav_14,train
-1.4442618,-0.43444842,11,C_Lav_14,train
-0.8386813,1.3526312,12,C_Lav_14,train
1.2783993,-0.5597919,14,C_Lav_14,train
-0.032890145,0.40896153,8,C_Lav_14,train
0.1121109,0.5505411,9,C_Lav_14,train
2.4360254,0.0071539385,13,C_Lav_14,train
0.45006812,-0.57109475,7,C_Lav_14,train
0.72944415,1.1069297,10,C_Lav_14,train
-0.4382567,0.03449606,12,C_Sav_75,train
-1.5658857,-0.95200574,11,C_Sav_75,train
-1.7211807,-0.9924779,10,C_Sav_75,train
1.4423745,-0.8672417,7,C_Sav_75,train
-0.85967124,0.20374307,13,C_Sav_75,train
0.5465691,-0.3691626,9,C_Sav_75,train
0.7035616,-0.3434659,8,C_Sav_75,train
1.0322611,0.82181954,14,C_Sav_75,train
0.8687455,0.039085757,4,C_Sav_75,train
-0.10218648,0.43510818,0,C_Sav_75,train
-0.058439046,-0.1438196,3,C_Sav_75,train
-1.0103436,0.6409744,1,C_Sav_75,train
0.6118295,-0.24401659,6,C_Sav_75,train
-0.38342768,-0.068960704,2,C_Sav_75,train
-1.0259101,1.9644246,5,C_Sav_75,train
0.2567015,0.5153992,12,C_Lav_24,train
-1.648683,-0.4233589,11,C_Lav_24,train
2.217597,0.9836911,10,C_Lav_24,train
0.04518563,0.82081276,7,C_Lav_24,train
0.8273935,1.3661553,13,C_Lav_24,train
0.28657264,-2.7602978,9,C_Lav_24,train
-0.059044875,0.20556474,8,C_Lav_24,train
0.049200173,-0.31572312,14,C_Lav_24,train
1.4413424,-0.7642027,4,C_Lav_24,train
0.9415726,0.30997127,0,C_Lav_24,train
0.025864601,-0.82741624,3,C_Lav_24,train
-0.19062129,0.75965047,1,C_Lav_24,train
0.49854133,-1.1017702,6,C_Lav_24,train
-0.40904692,-0.08691592,2,C_Lav_24,train
-0.53146434,-0.30867398,5,C_Lav_24,train
-0.940502,-3.1364968,3,C_Lav_29,train
-2.4572833,-0.21992326,0,C_Lav_29,train
-1.5228285,0.108892046,4,C_Lav_29,train
-1.0584154,0.18473084,5,C_Lav_29,train
-1.7085404,-0.33374277,2,C_Lav_29,train
0.35211903,-1.6651903,6,C_Lav_29,train
-0.58943176,-0.5477125,1,C_Lav_29,train
-0.056325197,0.32232928,11,C_Lav_29,train
-0.45379072,0.55918014,12,C_Lav_29,train
0.58192945,0.69695526,8,C_Lav_29,train
2.4018333,0.8083461,14,C_Lav_29,train
-0.5034294,-0.0049452283,9,C_Lav_29,train
-0.2193575,-0.62659127,7,C_Lav_29,train
-0.0140841445,-2.3957741,13,C_Lav_29,train
0.12820199,0.35105872,10,C_Lav_29,train
0.65313053,1.0489467,3,C_Lvav_28,train
-0.6584585,-0.38538554,0,C_Lvav_28,train
0.30947748,0.37563315,4,C_Lvav_28,train
1.1177651,-0.265403,5,C_Lvav_28,train
0.6716493,0.86603236,2,C_Lvav_28,train
-1.0267302,-0.17071661,6,C_Lvav_28,train
-1.3938756,-0.9967798,1,C_Lvav_28,train
-0.004999608,0.082231134,11,C_Lvav_28,train
0.031882003,0.29865628,12,C_Lvav_28,train
-0.15202019,0.81000006,14,C_Lvav_28,train
-1.1009859,-0.5875925,8,C_Lvav_28,train
1.2657579,-0.2931074,9,C_Lvav_28,train
-0.51838565,-0.6112603,13,C_Lvav_28,train
-0.6841862,0.14175156,7,C_Lvav_28,train
-1.0957633,-0.58138174,10,C_Lvav_28,train
0.23896363,0.4450767,0,C_Lvav_66,train
0.9527148,0.08303363,3,C_Lvav_66,train
-0.98860264,-0.08145328,4,C_Lvav_66,train
-0.60485053,0.6162985,2,C_Lvav_66,train
-0.7767641,0.6397982,5,C_Lvav_66,train
-0.67442787,-0.095353186,1,C_Lvav_66,train
0.26096898,0.33530286,6,C_Lvav_66,train
1.463604,0.23157315,11,C_Lvav_66,train
-1.043324,-0.61216384,12,C_Lvav_66,train
0.059813302,-0.5488958,9,C_Lvav_66,train
0.11137558,0.70741075,8,C_Lvav_66,train
0.3480463,1.0170808,14,C_Lvav_66,train
0.14816743,-0.61143327,10,C_Lvav_66,train
0.46836776,0.9551915,7,C_Lvav_66,train
-0.51513785,-1.7562904,13,C_Lvav_66,train
1.253495,0.47229713,12,C_Lava_26,train
0.54460436,-0.43308428,11,C_Lava_26,train
0.3058035,2.014809,10,C_Lava_26,train
0.3022894,-1.4726276,7,C_Lava_26,train
0.78264385,-0.40997472,13,C_Lava_26,train
-0.55242187,-0.45081866,9,C_Lava_26,train
1.3764542,-1.2035506,8,C_Lava_26,train
0.7557263,0.2816126,14,C_Lava_26,train
0.28947285,-0.6480299,4,C_Lava_26,train
0.7913826,0.5249475,0,C_Lava_26,train
1.2949858,1.2518963,3,C_Lava_26,train
0.27428922,-1.485187,1,C_Lava_26,train
0.71657395,-0.7167388,6,C_Lava_26,train
-1.541379,-0.22350216,2,C_Lava_26,train
-0.5169798,-1.3609036,5,C_Lava_26,train
-1.1542083,-0.64720786,3,C_Lvav_10,train
-1.9338319,0.14065292,0,C_Lvav_10,train
-0.8391654,-0.03135328,4,C_Lvav_10,train
-0.017186735,-0.88587844,5,C_Lvav_10,train
-0.31428587,0.37082344,2,C_Lvav_10,train
0.7634363,0.56744325,6,C_Lvav_10,train
-0.84759897,-1.5079495,1,C_Lvav_10,train
1.9099172,0.34364682,11,C_Lvav_10,train
-1.0540515,-0.26349342,12,C_Lvav_10,train
-0.08803477,1.1557336,14,C_Lvav_10,train
0.2346258,0.03321283,8,C_Lvav_10,train
-0.42286882,2.2563555,9,C_Lvav_10,train
1.2282622,0.8132768,13,C_Lvav_10,train
-0.064562954,-0.4706489,7,C_Lvav_10,train
-0.61448276,-1.1364117,10,C_Lvav_10,train
1.0994035,1.0727938,7,C_Lav_97,train
-1.1373099,0.76554626,13,C_Lav_97,train
-2.1875775,0.8960106,10,C_Lav_97,train
-0.039838184,2.370042,8,C_Lav_97,train
-4.1538477,-0.9763621,14,C_Lav_97,train
-0.6942283,-1.7113665,9,C_Lav_97,train
-1.777195,0.22377801,12,C_Lav_97,train
0.17580906,0.9624722,11,C_Lav_97,train
-0.6539733,-0.007894487,6,C_Lav_97,train
0.4599229,-1.1168505,1,C_Lav_97,train
-1.1149601,0.4100553,5,C_Lav_97,train
-0.93834674,-1.3312441,2,C_Lav_97,train
0.105389774,1.2274446,4,C_Lav_97,train
-0.57392657,-0.2239744,3,C_Lav_97,train
0.033535607,-1.1556545,0,C_Lav_97,train
1.1694999,0.35147268,5,C_Lav_22,train
-1.1646287,0.20122655,2,C_Lav_22,train
-1.4275122,1.3884342,6,C_Lav_22,train
-1.4382362,0.59444696,1,C_Lav_22,train
0.8708657,-0.089315996,3,C_Lav_22,train
0.95692575,0.5209225,0,C_Lav_22,train
-0.36766437,0.26937437,4,C_Lav_22,train
1.0480226,-1.2136585,8,C_Lav_22,train
-0.12386448,1.3706074,14,C_Lav_22,train
-0.18115187,2.2440038,9,C_Lav_22,train
2.3532035,0.21963404,7,C_Lav_22,train
1.2247486,-0.13381901,13,C_Lav_22,train
1.1245685,-0.15049684,10,C_Lav_22,train
0.5392821,-0.84275925,11,C_Lav_22,train
0.3258232,-0.50238425,12,C_Lav_22,train
-0.45154744,-0.685179,14,C_Savav_73,train
-0.045048334,0.56551605,8,C_Savav_73,train
0.24241984,2.0832622,9,C_Savav_73,train
2.4948075,0.05125027,13,C_Savav_73,train
-2.188358,0.9242567,7,C_Savav_73,train
-0.52840835,1.630662,10,C_Savav_73,train
1.1978115,-0.04262879,11,C_Savav_73,train
-1.8152612,0.67145306,12,C_Savav_73,train
-1.409594,0.17511001,5,C_Savav_73,train
0.15003304,-1.1199007,2,C_Savav_73,train
-0.43488497,0.8309196,6,C_Savav_73,train
-0.07004254,0.03527681,1,C_Savav_73,train
1.0667688,-0.044124894,3,C_Savav_73,train
-0.4180131,-1.2790531,0,C_Savav_73,train
-0.14886175,-0.79621637,4,C_Savav_73,train
2.069159,0.070358455,9,C_Lvav_84,train
-1.6820215,0.7979107,8,C_Lvav_84,train
-0.2235111,-1.1201701,14,C_Lvav_84,train
2.6251037,-0.35732895,10,C_Lvav_84,train
1.7645966,1.1305798,7,C_Lvav_84,train
0.9529123,-0.9643307,13,C_Lvav_84,train
-0.08031036,-0.1838721,11,C_Lvav_84,train
-0.938056,-0.44219404,12,C_Lvav_84,train
0.049185563,-0.88624936,2,C_Lvav_84,train
-1.9308842,0.36045018,5,C_Lvav_84,train
-1.1791129,1.4442656,1,C_Lvav_84,train
-0.2152407,0.6903097,6,C_Lvav_84,train
-0.64790213,0.09267366,0,C_Lvav_84,train
-0.4715832,-0.54375684,3,C_Lvav_84,train
0.1038143,1.7347386,4,C_Lvav_84,train
0.7292812,1.3483757,11,C_Lav_8,train
0.37822628,0.1104549,12,C_Lav_8,train
-0.6769297,-0.3347249,9,C_Lav_8,train
-0.76557434,-1.0387673,8,C_Lav_8,train
-0.6497236,0.04349857,14,C_Lav_8,train
0.614128,-1.9981055,10,C_Lav_8,train
0.116297536,-0.4905488,7,C_Lav_8,train
-0.13856956,1.544427,13,C_Lav_8,train
0.42530388,0.99436736,0,C_Lav_8,train
-0.5473885,0.8207474,3,C_Lav_8,train
0.26325506,0.37010837,4,C_Lav_8,train
0.07197249,-0.32707775,2,C_Lav_8,train
-0.75605655,-0.29193562,5,C_Lav_8,train
-1.4752662,1.2552347,1,C_Lav_8,train
0.63483167,2.131896,6,C_Lav_8,train
-0.6976999,-1.5334325,4,C_Savav_83,train
-0.843743,0.8554584,0,C_Savav_83,train
-1.0288079,-0.063529454,3,C_Savav_83,train
-0.58247113,-0.99890214,1,C_Savav_83,train
-2.1861389,-0.51729816,6,C_Savav_83,train
0.50685066,-0.1232711,2,C_Savav_83,train
2.061256,-1.3543361,5,C_Savav_83,train
-0.44939417,0.961236,12,C_Savav_83,train
0.567838,1.4389467,11,C_Savav_83,train
2.107907,0.4814459,10,C_Savav_83,train
-1.7258803,-0.5536151,7,C_Savav_83,train
0.70014375,1.1272342,13,C_Savav_83,train
-0.6015396,1.0031921,9,C_Savav_83,train
0.13551517,-0.014454189,8,C_Savav_83,train
0.5025016,0.24339433,14,C_Savav_83,train
-0.21505094,-0.12837726,12,C_Lava_94,train
-0.8388926,0.5453456,11,C_Lava_94,train
2.4857306,-0.52616394,10,C_Lava_94,train
0.20300356,-0.16887268,7,C_Lava_94,train
-0.72099245,0.6673947,13,C_Lava_94,train
0.06728745,0.37454075,9,C_Lava_94,train
-0.25063318,-1.7515538,8,C_Lava_94,train
0.16567281,-0.66406834,14,C_Lava_94,train
0.3553648,-0.8631824,4,C_Lava_94,train
-0.19452387,-0.7299767,0,C_Lava_94,train
-0.22438014,0.6338447,3,C_Lava_94,train
-1.9943678,0.9826057,1,C_Lava_94,train
-0.7235355,1.5397252,6,C_Lava_94,train
-2.6285121,2.0064232,2,C_Lava_94,train
0.79230213,-0.41447347,5,C_Lava_94,train
1.3815364,0.15726206,12,C_Lvav_97,train
-1.2292167,1.6441978,11,C_Lvav_97,train
0.02250101,0.64220774,10,C_Lvav_97,train
-0.46767417,-0.015868085,13,C_Lvav_97,train
-1.2180805,0.6801421,7,C_Lvav_97,train
-0.4922338,-0.0048899036,9,C_Lvav_97,train
0.33348823,1.3013057,14,C_Lvav_97,train
-0.87462443,-1.548173,8,C_Lvav_97,train
0.31292665,0.5403852,4,C_Lvav_97,train
-1.3105977,0.5790882,0,C_Lvav_97,train
-0.27382836,-1.9897708,3,C_Lvav_97,train
0.21758306,0.4868572,1,C_Lvav_97,train
1.8059462,-1.0155239,6,C_Lvav_97,train
-0.9171261,0.56477106,2,C_Lvav_97,train
0.0935601,2.2706006,5,C_Lvav_97,train
-0.76694554,0.49129423,4,C_Savav_89,train
-0.003331828,1.4006174,3,C_Savav_89,train
0.11825576,0.70390683,0,C_Savav_89,train
-0.26933414,-1.8795205,6,C_Savav_89,train
-0.8526464,-1.0814681,1,C_Savav_89,train
-0.30898783,-0.6646472,5,C_Savav_89,train
-1.0359712,-0.48938894,2,C_Savav_89,train
0.06917208,0.8812183,12,C_Savav_89,train
1.0551254,-0.5053518,11,C_Savav_89,train
-0.27856126,0.08977597,7,C_Savav_89,train
-0.20478445,2.5657218,13,C_Savav_89,train
1.1022282,0.46889484,10,C_Savav_89,train
0.2828487,0.15746856,8,C_Savav_89,train
-0.45720935,0.062089726,14,C_Savav_89,train
-0.5399485,-1.1683371,9,C_Savav_89,train
0.6786496,0.39431614,9,C_Lvav_33,train
1.9603267,-0.039119363,14,C_Lvav_33,train
-0.45294285,0.27453405,8,C_Lvav_33,train
0.5022394,1.5901308,10,C_Lvav_33,train
0.46389282,-0.2826295,13,C_Lvav_33,train
-1.7926399,-0.34393257,7,C_Lvav_33,train
-0.05510858,1.4871336,11,C_Lvav_33,train
0.29374987,-0.71196485,12,C_Lvav_33,train
1.1403478,-1.345673,2,C_Lvav_33,train
0.3374063,0.52892566,5,C_Lvav_33,train
-0.44721854,0.4104631,1,C_Lvav_33,train
0.5550302,1.5174482,6,C_Lvav_33,train
-0.27058098,0.66773283,0,C_Lvav_33,train
0.7564037,-0.60191274,3,C_Lvav_33,train
-0.47136477,-0.9895964,4,C_Lvav_33,train
-0.15566608,-0.011525923,11,C_Lava_34,train
-1.5481997,0.22154991,12,C_Lava_34,train
1.3035967,-0.5778626,14,C_Lava_34,train
-0.19675249,-0.15377781,8,C_Lava_34,train
-0.5477134,0.3583708,9,C_Lava_34,train
1.0655215,-1.4245985,13,C_Lava_34,train
0.40912065,-1.4512599,7,C_Lava_34,train
0.28545564,0.2531517,10,C_Lava_34,train
1.0893148,-0.7716391,3,C_Lava_34,train
1.3769377,1.3664217,0,C_Lava_34,train
1.4672161,1.0073593,4,C_Lava_34,train
1.7573305,-0.5174455,5,C_Lava_34,train
-2.4960167,-0.8930339,2,C_Lava_34,train
-0.9044799,1.1244357,6,C_Lava_34,train
-1.0897341,0.08353078,1,C_Lava_34,train
-0.19764906,1.1672686,7,C_Lava_66,train
0.6571729,0.72778463,13,C_Lava_66,train
1.4830307,-0.24120516,10,C_Lava_66,train
-0.19555011,0.51170343,8,C_Lava_66,train
0.67248905,-0.81167686,14,C_Lava_66,train
-1.4372201,-0.2536324,9,C_Lava_66,train
-0.2539381,-0.0568085,12,C_Lava_66,train
-0.18130068,1.1553942,11,C_Lava_66,train
0.06528455,-1.2100915,6,C_Lava_66,train
-0.386005,-0.161989,1,C_Lava_66,train
0.6519265,1.4106712,5,C_Lava_66,train
-0.86588466,2.159411,2,C_Lava_66,train
0.672615,0.6037475,4,C_Lava_66,train
0.43837312,-0.54367834,3,C_Lava_66,train
-0.44937944,0.054423153,0,C_Lava_66,train
-0.68564194,-0.22617823,9,C_Lvav_77,train
-0.6657058,0.6620764,8,C_Lvav_77,train
1.1820042,0.47947094,14,C_Lvav_77,train
0.7778407,0.35814315,10,C_Lvav_77,train
-1.17244,0.07549883,7,C_Lvav_77,train
-0.27236646,-1.67523,13,C_Lvav_77,train
1.6250548,0.8140127,11,C_Lvav_77,train
0.4995383,0.31370413,12,C_Lvav_77,train
1.2592233,-1.0296433,2,C_Lvav_77,train
-1.0750605,-0.885301,5,C_Lvav_77,train
-0.96175796,-0.32979897,1,C_Lvav_77,train
-0.7393503,-1.6299199,6,C_Lvav_77,train
-0.81005645,0.8540033,0,C_Lvav_77,train
1.0400589,2.184036,3,C_Lvav_77,train
0.8489169,-0.7675154,4,C_Lvav_77,train
0.48400435,-0.62285066,2,C_Lav_15,train
0.08723951,0.97412014,5,C_Lav_15,train
1.6018836,0.72708917,1,C_Lav_15,train
-0.41330135,-1.461941,6,C_Lav_15,train
1.3083906,0.54343766,0,C_Lav_15,train
0.43695182,-0.45950627,3,C_Lav_15,train
0.6314527,-0.12279065,4,C_Lav_15,train
-0.8318626,1.6547441,9,C_Lav_15,train
1.7882152,1.3787807,14,C_Lav_15,train
0.3117362,-0.85442054,8,C_Lav_15,train
1.324722,0.4596765,10,C_Lav_15,train
0.07025974,-0.7094895,13,C_Lav_15,train
0.06415174,-1.7617908,7,C_Lav_15,train
0.6784035,-2.5935447,11,C_Lav_15,train
-1.0404236,-2.264745,12,C_Lav_15,train
1.2085371,-0.18286003,5,C_Lava_25,train
0.025295194,0.022332957,2,C_Lava_25,train
-0.5462194,0.24321349,6,C_Lava_25,train
0.21390443,0.44387284,1,C_Lava_25,train
0.4609617,0.7043358,3,C_Lava_25,train
0.283852,-0.80887854,0,C_Lava_25,train
-0.037880484,-0.043377243,4,C_Lava_25,train
-0.7807746,-2.1685483,14,C_Lava_25,train
-1.3956378,-0.53802943,8,C_Lava_25,train
0.6460314,-0.21620938,9,C_Lava_25,train
-0.3479172,0.2485721,13,C_Lava_25,train
-1.8577464,0.111339055,7,C_Lava_25,train
-1.6377509,-0.7841373,10,C_Lava_25,train
1.2766961,0.5644182,11,C_Lava_25,train
2.1166787,-1.2916578,12,C_Lava_25,train
-0.50183034,0.5222145,4,C_Lav_75,train
1.3175516,-1.3442882,3,C_Lav_75,train
0.9665836,-1.0655762,0,C_Lav_75,train
-0.15286261,-2.6968522,6,C_Lav_75,train
2.2806668,-1.6120495,1,C_Lav_75,train
-0.7204697,-0.109478,5,C_Lav_75,train
0.5897867,-0.9202688,2,C_Lav_75,train
1.5081347,-0.4153184,12,C_Lav_75,train
1.101644,0.33809906,11,C_Lav_75,train
-1.2724192,-0.8560377,7,C_Lav_75,train
0.7320473,0.0698331,13,C_Lav_75,train
0.3445761,1.9124305,10,C_Lav_75,train
-0.54481614,0.13148367,8,C_Lav_75,train
0.6858649,-0.8441819,14,C_Lav_75,train
0.10274937,-0.27097154,9,C_Lav_75,train
0.8709229,-0.735793,5,C_Sav_80,train
-0.029518379,1.1281037,2,C_Sav_80,train
-0.27465603,-0.52842665,6,C_Sav_80,train
-0.41345674,-0.83519924,1,C_Sav_80,train
0.3302341,0.16465311,3,C_Sav_80,train
-1.3240619,2.1089895,0,C_Sav_80,train
2.4483855,1.6350539,4,C_Sav_80,train
0.8860228,2.3683894,8,C_Sav_80,train
-0.45114878,1.7166971,14,C_Sav_80,train
0.54425746,0.03663247,9,C_Sav_80,train
0.5295814,-0.7018002,7,C_Sav_80,train
-0.026328115,0.11152761,13,C_Sav_80,train
0.8012255,-2.0861857,10,C_Sav_80,train
-1.0474503,0.86858594,11,C_Sav_80,train
0.35186404,0.12755017,12,C_Sav_80,train
0.051365867,-1.3131809,13,C_Lava_90,train
0.557617,0.20739007,7,C_Lava_90,train
-0.3028263,0.46894187,10,C_Lava_90,train
1.2153076,0.3582103,14,C_Lava_90,train
0.8602913,0.40552977,8,C_Lava_90,train
-0.24162093,-0.77180725,9,C_Lava_90,train
-0.021424446,-0.56268317,12,C_Lava_90,train
0.0470139,-0.21237095,11,C_Lava_90,train
0.9890133,-0.03536518,6,C_Lava_90,train
1.1380945,-2.4082084,1,C_Lava_90,train
2.128694,0.9921823,5,C_Lava_90,train
0.40299094,0.26783794,2,C_Lava_90,train
-0.13581225,2.1311388,4,C_Lava_90,train
-1.0182829,0.08764272,3,C_Lava_90,train
2.0674863,1.1795927,0,C_Lava_90,train
0.41540584,-0.3050295,10,C_Lava_0,train
-1.2693638,-1.6214763,7,C_Lava_0,train
0.5470108,-0.24748567,13,C_Lava_0,train
-2.1918104,-0.38498673,9,C_Lava_0,train
0.34854448,0.92188656,8,C_Lava_0,train
1.0547887,-1.9830533,14,C_Lava_0,train
0.107442796,0.66417557,12,C_Lava_0,train
-0.53871113,0.11327387,11,C_Lava_0,train
0.34504673,0.91806805,1,C_Lava_0,train
-2.504403,-0.84185326,6,C_Lava_0,train
0.6244562,0.9402702,2,C_Lava_0,train
0.33528104,-0.37761045,5,C_Lava_0,train
-1.0717132,0.24223244,4,C_Lava_0,train
-0.96729034,-0.85790426,0,C_Lava_0,train
-2.1082325,-0.03332798,3,C_Lava_0,train
0.080005035,-0.6703709,2,C_Lvav_14,train
0.66454357,-0.24064788,5,C_Lvav_14,train
0.08319556,0.013203299,1,C_Lvav_14,train
0.485559,-0.0760256,6,C_Lvav_14,train
0.68264693,-0.032450467,0,C_Lvav_14,train
0.64477617,-0.16075665,3,C_Lvav_14,train
0.7028597,-1.3396907,4,C_Lvav_14,train
0.8460216,-2.1238,9,C_Lvav_14,train
-1.506347,0.58769906,8,C_Lvav_14,train
-0.10230238,0.30741656,14,C_Lvav_14,train
0.7633848,-1.7661651,10,C_Lvav_14,train
-0.9133623,-0.29312515,7,C_Lvav_14,train
-1.0404965,1.5258296,13,C_Lvav_14,train
-0.52182376,0.8285564,11,C_Lvav_14,train
0.11495459,-1.1511589,12,C_Lvav_14,train
-1.6332227,-1.2946028,12,C_Lvav_17,train
0.36143988,0.45950717,11,C_Lvav_17,train
0.3177396,-0.6180203,13,C_Lvav_17,train
0.9927246,-0.504306,7,C_Lvav_17,train
-1.9644265,0.67757213,10,C_Lvav_17,train
-0.29543942,-1.0066547,14,C_Lvav_17,train
0.10476137,0.72984546,8,C_Lvav_17,train
-0.9076942,-0.8146189,9,C_Lvav_17,train
-0.89685035,0.9306404,4,C_Lvav_17,train
1.4559829,-0.4533466,3,C_Lvav_17,train
-0.31077766,-1.4474952,0,C_Lvav_17,train
-0.91765976,-0.35456482,6,C_Lvav_17,train
-0.82733434,0.6465797,1,C_Lvav_17,train
1.14947,1.3347223,5,C_Lvav_17,train
-0.25297883,-0.11878921,2,C_Lvav_17,train
0.40477806,-1.6024748,6,C_Lav_46,train
-0.5216593,-0.6189447,1,C_Lav_46,train
-1.4043742,0.51335347,5,C_Lav_46,train
-0.030482993,-0.8461942,2,C_Lav_46,train
-0.4423823,-0.0028670793,4,C_Lav_46,train
1.168688,-0.38531297,3,C_Lav_46,train
0.8451263,0.69601226,0,C_Lav_46,train
1.0984375,0.5707294,7,C_Lav_46,train
-0.2580732,-0.8660223,13,C_Lav_46,train
-1.8583044,2.4496536,10,C_Lav_46,train
0.57472366,0.33693013,8,C_Lav_46,train
-1.0351077,0.006047038,14,C_Lav_46,train
-0.84057647,-1.5143616,9,C_Lav_46,train
-0.54195476,-0.3319567,12,C_Lav_46,train
-1.0211002,0.15217113,11,C_Lav_46,train
-0.5844839,0.7384325,2,C_Savav_22,train
-0.94628835,-0.6006531,5,C_Savav_22,train
-0.04592637,-0.08629622,1,C_Savav_22,train
-0.32249415,-1.7068542,6,C_Savav_22,train
-0.07132746,-1.6610206,0,C_Savav_22,train
1.3398596,-0.29161596,3,C_Savav_22,train
0.04519124,0.48061627,4,C_Savav_22,train
-0.9142058,-1.398443,9,C_Savav_22,train
-0.68989706,0.2668872,14,C_Savav_22,train
1.1792889,-1.246738,8,C_Savav_22,train
-1.1702932,1.0059618,10,C_Savav_22,train
-1.1558009,1.288236,13,C_Savav_22,train
-1.521716,1.0697516,7,C_Savav_22,train
0.9616206,0.14073421,11,C_Savav_22,train
0.70814764,0.8724682,12,C_Savav_22,train
-0.031407014,0.17088233,11,C_Lvav_38,train
0.45407814,1.6066697,12,C_Lvav_38,train
-0.08957443,0.28212422,9,C_Lvav_38,train
0.55736685,0.3205282,14,C_Lvav_38,train
1.7403362,0.21265969,8,C_Lvav_38,train
-1.1944879,0.020482475,10,C_Lvav_38,train
2.373346,-2.4310353,13,C_Lvav_38,train
-0.9654679,1.3006729,7,C_Lvav_38,train
0.31345722,-0.5083986,0,C_Lvav_38,train
-0.1406439,-0.3334449,3,C_Lvav_38,train
0.21092927,0.28604534,4,C_Lvav_38,train
-0.12933923,-0.73312676,2,C_Lvav_38,train
-0.23876865,0.9202725,5,C_Lvav_38,train
0.4227739,-1.6538357,1,C_Lvav_38,train
0.03181056,-0.34111777,6,C_Lvav_38,train
0.15881237,-1.1328213,0,C_Lav_23,train
-1.2694211,0.65865874,3,C_Lav_23,train
1.0599875,-1.0416504,4,C_Lav_23,train
1.4495165,-1.7039683,2,C_Lav_23,train
0.16933471,-0.8209736,5,C_Lav_23,train
0.019699585,2.2507303,1,C_Lav_23,train
0.40862793,1.3053622,6,C_Lav_23,train
0.8968901,0.6121446,11,C_Lav_23,train
-1.5442237,0.060109932,12,C_Lav_23,train
0.63848525,1.0867634,9,C_Lav_23,train
-0.236909,-0.17381644,8,C_Lav_23,train
-0.38540572,-0.842008,14,C_Lav_23,train
2.1823144,-1.5594493,10,C_Lav_23,train
0.5635789,0.96061295,7,C_Lav_23,train
-1.8429432,-2.0761743,13,C_Lav_23,train
1.3111333,0.32267955,10,C_Lav_12,train
0.90981346,-0.4787221,13,C_Lav_12,train
-0.9584013,-1.9735844,7,C_Lav_12,train
-1.7028899,-1.0637189,9,C_Lav_12,train
-1.5446211,-0.7822553,14,C_Lav_12,train
-0.25411132,-0.65000504,8,C_Lav_12,train
-0.6397875,1.8411533,12,C_Lav_12,train
-0.6196636,-0.097354025,11,C_Lav_12,train
-0.6813591,1.6893333,1,C_Lav_12,train
0.2301159,0.13857406,6,C_Lav_12,train
-0.8416775,-0.6488503,2,C_Lav_12,train
0.7945624,0.4678742,5,C_Lav_12,train
-0.89876646,-1.3410141,4,C_Lav_12,train
-0.98807603,-0.06747197,0,C_Lav_12,train
0.35823727,-2.3392444,3,C_Lav_12,train
-1.7371386,-0.4884216,11,C_Savav_84,train
0.328958,-0.08280075,12,C_Savav_84,train
1.2002888,-0.3928138,9,C_Savav_84,train
0.24851084,0.8790209,8,C_Savav_84,train
-0.43244803,-2.2058096,14,C_Savav_84,train
-1.3263626,-1.0076512,10,C_Savav_84,train
0.71296793,0.13516515,7,C_Savav_84,train
1.2463548,-0.6996253,13,C_Savav_84,train
-0.44589388,1.936304,0,C_Savav_84,train
-0.021800388,-1.4732493,3,C_Savav_84,train
0.17827682,-0.4762749,4,C_Savav_84,train
0.38473362,0.47986844,2,C_Savav_84,train
0.230313,2.566388,5,C_Savav_84,train
1.1226509,0.68228805,1,C_Savav_84,train
-0.5739486,-0.041304767,6,C_Savav_84,train
0.042378873,-0.46889412,2,C_Sav_38,train
0.2401017,0.5302826,5,C_Sav_38,train
-0.29524365,-0.75625,1,C_Sav_38,train
-1.5806286,-0.033149786,6,C_Sav_38,train
-1.9135023,0.7306327,0,C_Sav_38,train
0.20525017,-0.85788184,3,C_Sav_38,train
0.3687731,1.490044,4,C_Sav_38,train
1.4325887,1.2312145,9,C_Sav_38,train
-1.0662596,1.1325849,8,C_Sav_38,train
0.29812515,-1.9101985,14,C_Sav_38,train
1.7107825,0.32523113,10,C_Sav_38,train
-0.92908984,-0.44350523,7,C_Sav_38,train
0.9422799,1.6952794,13,C_Sav_38,train
-0.6933162,0.92720234,11,C_Sav_38,train
-1.5290678,-0.38053623,12,C_Sav_38,train
1.0738947,1.27319,12,C_Savav_93,train
0.32883877,1.279701,11,C_Savav_93,train
1.2663066,0.9413614,7,C_Savav_93,train
0.5466013,-0.33679998,13,C_Savav_93,train
-1.0424479,0.78889245,10,C_Savav_93,train
2.863133,-0.624121,8,C_Savav_93,train
-1.0943621,1.0184746,14,C_Savav_93,train
0.071396776,-1.1362566,9,C_Savav_93,train
-0.5953208,0.2939386,4,C_Savav_93,train
-0.49890643,0.89907926,3,C_Savav_93,train
-1.0455503,1.4893342,0,C_Savav_93,train
0.3034653,1.0104816,6,C_Savav_93,train
-0.29058883,-0.71764296,1,C_Savav_93,train
1.2053263,-1.1621044,5,C_Savav_93,train
-0.64312315,0.28203085,2,C_Savav_93,train
-1.2138041,-0.16933948,1,C_Lav_82,train
1.0822806,0.529035,6,C_Lav_82,train
0.67875934,0.38238385,2,C_Lav_82,train
0.10080504,1.4149083,5,C_Lav_82,train
-0.67955816,1.3615997,4,C_Lav_82,train
-0.13587089,-0.038146954,0,C_Lav_82,train
-1.0894179,-1.8604034,3,C_Lav_82,train
-1.6541113,-0.27977446,10,C_Lav_82,train
-0.7067939,1.0983973,13,C_Lav_82,train
-0.29959285,1.0490397,7,C_Lav_82,train
-0.2356964,-0.38130492,9,C_Lav_82,train
1.0283943,0.4378489,14,C_Lav_82,train
0.009828325,1.3074605,8,C_Lav_82,train
0.66995907,-0.18459308,12,C_Lav_82,train
-0.74876887,-1.9858373,11,C_Lav_82,train
0.47600532,-0.9635664,11,C_Lava_83,train
0.7960979,0.3136896,12,C_Lava_83,train
-1.6068058,1.6266463,8,C_Lava_83,train
-1.3264306,0.1711745,14,C_Lava_83,train
-0.4512903,-1.3638079,9,C_Lava_83,train
-0.522943,0.61436015,7,C_Lava_83,train
-1.2758366,0.7103148,13,C_Lava_83,train
-0.38224283,-0.6560335,10,C_Lava_83,train
1.5095179,-1.6572871,3,C_Lava_83,train
-1.4812193,0.19459006,0,C_Lava_83,train
-0.62249506,0.6129055,4,C_Lava_83,train
2.3363426,1.1190717,5,C_Lava_83,train
1.2303113,-1.6438584,2,C_Lava_83,train
-0.065548785,0.4450801,6,C_Lava_83,train
0.3917091,0.07064822,1,C_Lava_83,train
-0.45258382,-0.22222635,12,C_Sav_83,train
-0.29235014,0.44752747,11,C_Sav_83,train
1.8010616,-0.0164166,10,C_Sav_83,train
-1.1528745,1.0416632,13,C_Sav_83,train
1.3159038,0.2591481,7,C_Sav_83,train
-0.9713699,-0.1604923,9,C_Sav_83,train
0.4449853,-0.21191087,14,C_Sav_83,train
0.40914318,0.8809501,8,C_Sav_83,train
-1.7135845,-1.6803422,4,C_Sav_83,train
-0.91368574,-0.1611569,0,C_Sav_83,train
1.1367793,-1.6743836,3,C_Sav_83,train
-0.6618655,1.6275434,1,C_Sav_83,train
0.87736654,1.4560775,6,C_Sav_83,train
0.46484524,-1.8166937,2,C_Sav_83,train
0.1023658,0.43365222,5,C_Sav_83,train
0.70773244,-0.3528052,10,C_Lav_17,train
1.003625,1.3591002,7,C_Lav_17,train
0.48500592,-1.8690827,13,C_Lav_17,train
1.1567525,-0.5024223,9,C_Lav_17,train
0.7480236,-1.6440117,8,C_Lav_17,train
-0.32140988,1.44602,14,C_Lav_17,train
-1.7200335,-1.9276005,12,C_Lav_17,train
0.8309646,0.0457223,11,C_Lav_17,train
-0.2747854,-0.9472952,1,C_Lav_17,train
-0.8614013,-1.184926,6,C_Lav_17,train
1.0502009,-0.8298628,2,C_Lav_17,train
-0.2177963,-0.21634173,5,C_Lav_17,train
-0.17979468,0.71488553,4,C_Lav_17,train
-0.077397294,0.08609429,0,C_Lav_17,train
-0.86596036,0.993593,3,C_Lav_17,train
-0.87222743,-0.5000057,11,C_Lvav_80,train
2.3401115,1.1607907,12,C_Lvav_80,train
0.4623559,-1.4175932,14,C_Lvav_80,train
-0.7395395,-0.24663475,8,C_Lvav_80,train
-1.1985326,-0.008451378,9,C_Lvav_80,train
-0.5962847,1.4409585,13,C_Lvav_80,train
1.6559244,0.62529874,7,C_Lvav_80,train
0.072961755,1.6964266,10,C_Lvav_80,train
2.1458526,1.607311,3,C_Lvav_80,train
-2.1727667,-1.1124381,0,C_Lvav_80,train
0.123832166,0.20572846,4,C_Lvav_80,train
1.6060954,-0.26581398,5,C_Lvav_80,train
-0.30979633,0.3040756,2,C_Lvav_80,train
-1.2865075,0.536709,6,C_Lvav_80,train
-0.78379154,-0.3526222,1,C_Lvav_80,train
0.13532487,-1.253004,10,C_Lava_28,train
-0.7895411,-0.13600984,13,C_Lava_28,train
-1.1204902,-1.7248302,7,C_Lava_28,train
-1.1197187,1.2283086,9,C_Lava_28,train
0.2981748,-0.5742976,14,C_Lava_28,train
-1.8395351,-1.103575,8,C_Lava_28,train
1.0487605,-1.2658327,12,C_Lava_28,train
0.3437147,0.92918015,11,C_Lava_28,train
-0.4485851,1.2427335,1,C_Lava_28,train
0.5235565,0.32740518,6,C_Lava_28,train
-2.4492583,1.9406853,2,C_Lava_28,train
0.99885094,-0.026698928,5,C_Lava_28,train
0.33764723,-1.7706556,4,C_Lava_28,train
-0.08607765,-0.10164508,0,C_Lava_28,train
-0.005345868,-2.4726288,3,C_Lava_28,train
0.6038844,-0.90087646,11,C_Savav_36,train
-0.114241324,-0.44262248,12,C_Savav_36,train
0.033289284,0.13232552,9,C_Savav_36,train
0.18357679,1.7871131,8,C_Savav_36,train
-1.0013722,-0.8599422,14,C_Savav_36,train
-0.93868804,-0.40044504,10,C_Savav_36,train
1.7004423,0.54421514,7,C_Savav_36,train
-1.1523625,2.0651577,13,C_Savav_36,train
0.73920906,-0.03413145,0,C_Savav_36,train
-1.1619977,0.33265185,3,C_Savav_36,train
-1.1306853,-0.25594002,4,C_Savav_36,train
-0.02066831,-2.7738118,2,C_Savav_36,train
-0.04389745,-0.85449,5,C_Savav_36,train
-1.2556674,0.48948663,1,C_Savav_36,train
-0.30612767,0.9956192,6,C_Savav_36,train
-0.3781369,1.2116877,11,C_Savav_33,train
0.8665404,-0.6065051,12,C_Savav_33,train
-0.4460482,0.05753938,9,C_Savav_33,train
0.29917276,-0.06389398,14,C_Savav_33,train
-0.64215314,0.27648312,8,C_Savav_33,train
1.2322676,-0.75795746,10,C_Savav_33,train
-3.4113722,0.15805013,13,C_Savav_33,train
0.19907817,1.213369,7,C_Savav_33,train
-0.4358872,-0.5115938,0,C_Savav_33,train
-0.80160666,1.6196432,3,C_Savav_33,train
-0.019843172,0.11229705,4,C_Savav_33,train
-2.241163,0.2245971,2,C_Savav_33,train
0.07688974,-0.7778904,5,C_Savav_33,train
-0.8691246,0.3591227,1,C_Savav_33,train
0.6951229,-0.5390769,6,C_Savav_33,train
-0.048123997,2.0283296,4,C_Lav_47,train
1.31408,-0.23490673,0,C_Lav_47,train
2.2118423,1.4886873,3,C_Lav_47,train
-1.1910021,-0.053490333,1,C_Lav_47,train
0.66104454,1.1569967,6,C_Lav_47,train
-0.08324486,1.7288364,2,C_Lav_47,train
-1.0242236,-0.42954934,5,C_Lav_47,train
0.04046433,1.6350993,12,C_Lav_47,train
1.2334523,1.1195971,11,C_Lav_47,train
1.1302118,0.78561854,10,C_Lav_47,train
-0.71909285,-0.9347891,7,C_Lav_47,train
1.9377742,0.4858292,13,C_Lav_47,train
0.8574301,-1.0789175,9,C_Lav_47,train
1.1107379,-1.063656,8,C_Lav_47,train
0.42778483,-0.60480917,14,C_Lav_47,train
-0.94715893,0.1850751,4,C_Lav_31,train
1.8804104,1.1580855,3,C_Lav_31,train
-2.3577814,-1.239261,0,C_Lav_31,train
-1.2890446,0.2761361,6,C_Lav_31,train
2.2890053,1.9208161,1,C_Lav_31,train
-0.25026026,0.66321397,5,C_Lav_31,train
-0.68880445,-0.71659595,2,C_Lav_31,train
-0.33970833,0.3176791,12,C_Lav_31,train
0.1012025,0.12750597,11,C_Lav_31,train
-1.2185719,0.57851833,13,C_Lav_31,train
0.25658268,-0.8105474,7,C_Lav_31,train
-0.3946352,-2.3499062,10,C_Lav_31,train
-1.3508044,-1.4647635,14,C_Lav_31,train
0.98997265,0.1783131,8,C_Lav_31,train
-1.6631578,-0.9216326,9,C_Lav_31,train
-0.21674731,-0.6791205,0,C_Savav_55,train
-0.21019933,0.6660615,3,C_Savav_55,train
-0.40857357,0.5423174,4,C_Savav_55,train
-0.18606758,0.8906821,2,C_Savav_55,train
-1.0282578,0.28705707,5,C_Savav_55,train
-1.030153,0.7631888,1,C_Savav_55,train
-0.9459474,0.048665944,6,C_Savav_55,train
-1.1491921,1.3974298,11,C_Savav_55,train
0.14580292,0.38355964,12,C_Savav_55,train
0.2661247,0.021026727,9,C_Savav_55,train
1.7840121,1.1758803,8,C_Savav_55,train
-0.3958171,-0.9382335,14,C_Savav_55,train
-0.72467464,0.7699631,10,C_Savav_55,train
-0.4562655,1.7291598,7,C_Savav_55,train
-0.8665024,0.13517691,13,C_Savav_55,train
-0.469734,0.0825962,2,C_Lvav_11,train
0.38911402,0.052924514,5,C_Lvav_11,train
-0.39252865,0.2284858,1,C_Lvav_11,train
0.5859951,1.3624337,6,C_Lvav_11,train
-0.4033071,-0.6565844,0,C_Lvav_11,train
-0.16981354,0.07786449,3,C_Lvav_11,train
0.8434682,1.0170444,4,C_Lvav_11,train
-0.18001299,1.4954205,9,C_Lvav_11,train
0.042613987,-0.7846122,14,C_Lvav_11,train
-0.16269413,0.366746,8,C_Lvav_11,train
-0.9484503,-1.8387619,10,C_Lvav_11,train
2.2927377,-1.5089238,13,C_Lvav_11,train
0.87800986,0.2009598,7,C_Lvav_11,train
1.4661139,-0.6759361,11,C_Lvav_11,train
0.06515178,0.8958788,12,C_Lvav_11,train
0.6244977,-0.7927548,1,C_Savav_43,train
-0.8269087,-0.8403051,6,C_Savav_43,train
-1.092113,-0.54439664,2,C_Savav_43,train
-1.9798665,-0.18405974,5,C_Savav_43,train
-1.6953193,0.58046156,4,C_Savav_43,train
0.38697448,-0.8772066,0,C_Savav_43,train
-0.4246204,0.646033,3,C_Savav_43,train
-0.37885386,0.15113658,10,C_Savav_43,train
-0.010072186,-0.74186295,7,C_Savav_43,train
-0.54065096,1.2392464,13,C_Savav_43,train
0.1011534,-0.67114484,9,C_Savav_43,train
-0.91913205,0.66607267,8,C_Savav_43,train
-0.09016293,-0.091614366,14,C_Savav_43,train
0.35347545,1.03801,12,C_Savav_43,train
-0.7714298,0.46392035,11,C_Savav_43,train
1.0733584,1.0100689,1,C_Lvav_31,train
-0.22073577,-0.35679165,6,C_Lvav_31,train
-1.8686184,0.98534876,2,C_Lvav_31,train
1.413691,1.6162409,5,C_Lvav_31,train
-0.108244054,-0.9949048,4,C_Lvav_31,train
-1.1889197,0.07045395,0,C_Lvav_31,train
-0.68839455,0.528565,3,C_Lvav_31,train
-0.031892188,0.6538343,10,C_Lvav_31,train
1.6175497,-0.43526912,7,C_Lvav_31,train
-0.3058151,-0.73452985,13,C_Lvav_31,train
1.7164333,1.0909989,9,C_Lvav_31,train
1.8700739,0.08556551,8,C_Lvav_31,train
-1.487488,-0.04683269,14,C_Lvav_31,train
0.6636487,-1.7832502,12,C_Lvav_31,train
-0.4015761,0.2969877,11,C_Lvav_31,train
0.55716777,-0.15930483,5,C_Lvav_62,train
-0.35074306,-0.62183714,2,C_Lvav_62,train
-0.8130045,-0.49921122,6,C_Lvav_62,train
0.51116884,-0.7925803,1,C_Lvav_62,train
0.51409376,0.06613879,3,C_Lvav_62,train
0.6605418,-1.4200792,0,C_Lvav_62,train
0.09619287,0.8441427,4,C_Lvav_62,train
0.74022853,1.6822432,14,C_Lvav_62,train
0.360002,0.09058101,8,C_Lvav_62,train
0.86167747,-1.5140485,9,C_Lvav_62,train
-0.718515,-1.0796387,13,C_Lvav_62,train
0.43850577,-0.41877544,7,C_Lvav_62,train
0.49827713,-1.1846886,10,C_Lvav_62,train
0.58569425,-0.22677958,11,C_Lvav_62,train
-0.43251014,2.1496813,12,C_Lvav_62,train
-0.31655216,0.31287444,12,C_Sav_5,train
-0.36939734,2.1276085,11,C_Sav_5,train
1.3116308,-0.12231623,13,C_Sav_5,train
0.04483378,1.152816,7,C_Sav_5,train
1.2340982,-1.207399,10,C_Sav_5,train
0.032999996,0.2419705,14,C_Sav_5,train
0.16506773,-0.16975948,8,C_Sav_5,train
-1.0102499,0.6783671,9,C_Sav_5,train
-0.7361437,0.09750272,4,C_Sav_5,train
-0.70657974,-0.60394967,3,C_Sav_5,train
-0.78169155,1.1348829,0,C_Sav_5,train
-0.85974866,-0.45327973,6,C_Sav_5,train
0.5311498,-0.26081935,1,C_Sav_5,train
-1.1842232,1.4337428,5,C_Sav_5,train
-1.4777524,0.15018591,2,C_Sav_5,train
-1.9895543,-1.1009917,0,C_Lava_58,train
-1.3111801,0.73773867,3,C_Lava_58,train
1.0740635,-1.2559377,4,C_Lava_58,train
-0.49338537,0.52895796,2,C_Lava_58,train
0.38156158,-1.2394776,5,C_Lava_58,train
0.054867685,-0.70127594,1,C_Lava_58,train
0.21798155,0.10234496,6,C_Lava_58,train
-1.2059432,-0.4975119,11,C_Lava_58,train
-0.5117566,0.8182742,12,C_Lava_58,train
1.0414679,0.7596239,9,C_Lava_58,train
-0.14712891,-0.067059316,8,C_Lava_58,train
-0.6957444,-1.5089369,14,C_Lava_58,train
0.9380626,1.1142538,10,C_Lava_58,train
0.69943184,-0.7234563,7,C_Lava_58,train
0.5675957,0.06516522,13,C_Lava_58,train
-1.0451374,-0.80030316,11,C_Sav_50,train
-0.17396027,-0.5204276,12,C_Sav_50,train
0.4993151,0.64403605,9,C_Sav_50,train
-0.65264314,-0.08290112,8,C_Sav_50,train
-0.2996097,1.0810431,14,C_Sav_50,train
1.6639982,-0.09644757,10,C_Sav_50,train
1.2951396,-1.8068097,7,C_Sav_50,train
-0.5491312,-0.24247706,13,C_Sav_50,train
0.915358,1.7599016,0,C_Sav_50,train
0.6675755,0.6477557,3,C_Sav_50,train
1.0275718,-0.055947535,4,C_Sav_50,train
-0.7264893,-0.129247,2,C_Sav_50,train
0.9592125,0.5027877,5,C_Sav_50,train
-0.862665,0.43691555,1,C_Sav_50,train
0.66969997,-0.03770163,6,C_Sav_50,train
-0.78401685,-1.3934413,10,C_Lvav_57,train
0.8029705,-1.0146809,13,C_Lvav_57,train
1.5095682,0.40737966,7,C_Lvav_57,train
-0.40529966,0.42492688,9,C_Lvav_57,train
1.0346295,-1.1195406,14,C_Lvav_57,train
-1.7199142,-0.091868654,8,C_Lvav_57,train
0.48898458,1.6955113,12,C_Lvav_57,train
-0.05672036,1.7373018,11,C_Lvav_57,train
0.37500706,0.5878876,1,C_Lvav_57,train
-1.0702091,-0.6945873,6,C_Lvav_57,train
1.2387635,0.4079461,2,C_Lvav_57,train
0.84415567,0.72950524,5,C_Lvav_57,train
0.59161276,-0.41020864,4,C_Lvav_57,train
-1.9521654,-0.17994604,0,C_Lvav_57,train
-2.1351788,-0.40714693,3,C_Lvav_57,train
-0.95662373,-1.5407251,8,C_Lava_88,train
-0.27862793,-0.4172332,14,C_Lava_88,train
-0.9157427,-0.98553914,9,C_Lava_88,train
-0.6557119,-0.9023876,7,C_Lava_88,train
-0.37043038,0.6085279,13,C_Lava_88,train
0.35333747,0.76510346,10,C_Lava_88,train
-1.2025986,-1.5379726,11,C_Lava_88,train
-1.0054793,0.70897865,12,C_Lava_88,train
0.3730967,-1.0650337,5,C_Lava_88,train
-1.1610229,-1.5860248,2,C_Lava_88,train
1.1508975,1.4479142,6,C_Lava_88,train
-1.4003001,0.18954131,1,C_Lava_88,train
0.37478086,-1.2217815,3,C_Lava_88,train
1.294749,-1.632312,0,C_Lava_88,train
1.6122847,0.10214016,4,C_Lava_88,train
-1.8002089,1.7057899,12,C_Sav_70,train
1.1624405,0.23362023,11,C_Sav_70,train
-0.19254324,1.1502856,10,C_Sav_70,train
-0.86951214,0.06766227,13,C_Sav_70,train
-0.6363509,0.04198041,7,C_Sav_70,train
-1.0675281,-1.416286,9,C_Sav_70,train
-1.4607651,-0.52915937,14,C_Sav_70,train
0.108916916,0.120118015,8,C_Sav_70,train
-0.8411806,-0.07233003,4,C_Sav_70,train
0.21822539,0.7846143,0,C_Sav_70,train
-1.3693857,-1.0046729,3,C_Sav_70,train
-0.64673287,-3.2513711,1,C_Sav_70,train
-0.70838434,-1.2305928,6,C_Sav_70,train
-1.0787396,-0.23447934,2,C_Sav_70,train
0.74881935,-0.27062458,5,C_Sav_70,train
0.20091918,0.7871356,0,C_Lava_24,train
-0.13500036,-1.9439396,3,C_Lava_24,train
0.458713,0.74700516,4,C_Lava_24,train
0.04977417,-0.087527856,2,C_Lava_24,train
0.37777817,-0.4707867,5,C_Lava_24,train
-0.5601899,-0.91440654,1,C_Lava_24,train
-1.3542118,1.3003222,6,C_Lava_24,train
-0.3840695,1.6868062,11,C_Lava_24,train
0.11547534,1.3905722,12,C_Lava_24,train
1.0913806,-0.39464542,9,C_Lava_24,train
-0.6002065,-0.33186713,14,C_Lava_24,train
0.85708946,-0.17943317,8,C_Lava_24,train
-0.41326654,0.8177528,10,C_Lava_24,train
0.5762986,-0.5443215,13,C_Lava_24,train
-1.3582026,0.043854546,7,C_Lava_24,train
0.14198995,0.6322469,4,C_Lava_33,train
-0.13796586,-0.873644,3,C_Lava_33,train
-0.32427377,0.49239495,0,C_Lava_33,train
-0.3862495,-1.5804474,6,C_Lava_33,train
0.7148641,0.74845123,1,C_Lava_33,train
2.1880736,0.017803747,5,C_Lava_33,train
-0.36960658,0.95217425,2,C_Lava_33,train
-0.7651966,-0.29004073,12,C_Lava_33,train
-0.5547176,0.101848334,11,C_Lava_33,train
-0.8069448,0.22377247,13,C_Lava_33,train
1.0984035,-2.076168,7,C_Lava_33,train
1.6054932,-0.063356675,10,C_Lava_33,train
-0.23685753,-1.8133839,14,C_Lava_33,train
0.5249002,0.031734534,8,C_Lava_33,train
-0.5597513,0.11850178,9,C_Lava_33,train
0.23372912,-0.32996047,6,C_Lvav_47,train
-0.038796674,-1.0948478,1,C_Lvav_47,train
0.032090142,-0.3577043,5,C_Lvav_47,train
0.40493095,0.22581697,2,C_Lvav_47,train
0.421741,2.354757,4,C_Lvav_47,train
-0.40080133,0.29852563,3,C_Lvav_47,train
2.9634032,-1.6059434,0,C_Lvav_47,train
-1.0965964,-0.7742686,13,C_Lvav_47,train
-1.2548895,-0.27200103,7,C_Lvav_47,train
0.6975219,0.25488102,10,C_Lvav_47,train
0.6099568,0.9700817,14,C_Lvav_47,train
1.2370516,-0.13952084,8,C_Lvav_47,train
-0.8239175,1.8297918,9,C_Lvav_47,train
-0.2212794,-0.11593535,12,C_Lvav_47,train
-0.33877468,0.29444253,11,C_Lvav_47,train
-0.79216653,-0.22835645,11,C_Lav_78,train
-0.690407,0.29261062,12,C_Lav_78,train
-0.21794492,0.17340584,9,C_Lav_78,train
0.3035506,0.18444598,8,C_Lav_78,train
0.3709992,-0.71650916,14,C_Lav_78,train
0.52649987,-1.1645552,10,C_Lav_78,train
0.6658488,-0.4834104,7,C_Lav_78,train
0.86136377,-0.23009044,13,C_Lav_78,train
-0.19553691,0.3150854,0,C_Lav_78,train
-0.84934646,0.0078005185,3,C_Lav_78,train
-0.042468995,0.13857314,4,C_Lav_78,train
0.034427892,-0.86410975,2,C_Lav_78,train
-1.209986,1.1041886,5,C_Lav_78,train
-0.34156713,-1.7666403,1,C_Lav_78,train
0.66765887,-0.02276571,6,C_Lav_78,train
0.79732347,0.5498921,2,C_Sav_44,train
1.6421074,0.22608685,5,C_Sav_44,train
0.18799955,-0.04586175,1,C_Sav_44,train
-0.5406623,-0.5326886,6,C_Sav_44,train
0.13085355,-0.88538384,0,C_Sav_44,train
-0.42020148,-0.24351865,3,C_Sav_44,train
-1.9276927,-0.9000658,4,C_Sav_44,train
-0.68671376,1.0673318,9,C_Sav_44,train
0.050059043,0.23502997,14,C_Sav_44,train
-0.88595754,0.102202006,8,C_Sav_44,train
-2.3427415,-1.2901938,10,C_Sav_44,train
0.19308418,-0.75604254,13,C_Sav_44,train
0.35501352,-0.826116,7,C_Sav_44,train
1.1119084,-1.0427728,11,C_Sav_44,train
-1.2600492,0.50037944,12,C_Sav_44,train
-1.1572706,-0.7392532,1,C_Lvav_34,train
-0.23687473,-0.15463258,6,C_Lvav_34,train
0.7376212,-0.7550594,2,C_Lvav_34,train
1.8917439,1.5052371,5,C_Lvav_34,train
-0.8130884,-0.27889925,4,C_Lvav_34,train
-1.0192894,1.0499545,0,C_Lvav_34,train
0.26079467,-0.39223525,3,C_Lvav_34,train
0.24120322,-0.22626749,10,C_Lvav_34,train
0.21624416,-0.42639413,13,C_Lvav_34,train
-0.3457972,0.8025577,7,C_Lvav_34,train
-0.2912198,-0.7127382,9,C_Lvav_34,train
-0.03218262,1.6532515,14,C_Lvav_34,train
-1.5081983,-0.021112401,8,C_Lvav_34,train
0.10419553,-1.1594863,12,C_Lvav_34,train
-0.20173858,0.6276982,11,C_Lvav_34,train
-0.21233359,0.17633079,2,C_Savav_63,train
2.6560376,-0.28734922,5,C_Savav_63,train
0.62822235,-0.7584458,1,C_Savav_63,train
-1.6734661,-0.5430017,6,C_Savav_63,train
-0.23755705,0.27498513,0,C_Savav_63,train
0.958983,3.102983,3,C_Savav_63,train
1.3023599,-0.6855539,4,C_Savav_63,train
0.5056841,-0.22273096,9,C_Savav_63,train
-1.2145054,0.18441759,14,C_Savav_63,train
-1.0843079,0.024560617,8,C_Savav_63,train
0.025867317,0.45996994,10,C_Savav_63,train
1.4069828,-2.1349776,13,C_Savav_63,train
-1.5497515,0.503006,7,C_Savav_63,train
-1.720614,0.42873088,11,C_Savav_63,train
0.556556,0.48120394,12,C_Savav_63,train
1.1748463,-0.34023106,10,C_Savav_7,train
-0.30423453,0.1293757,13,C_Savav_7,train
-0.041100346,-2.4084206,7,C_Savav_7,train
-1.2053163,-0.21674043,9,C_Savav_7,train
1.0219105,0.18167175,14,C_Savav_7,train
0.3371639,-0.6408654,8,C_Savav_7,train
-0.33880705,-0.4882494,12,C_Savav_7,train
0.20967564,0.20565432,11,C_Savav_7,train
-1.0788608,1.3207568,1,C_Savav_7,train
1.1297874,-0.441911,6,C_Savav_7,train
-0.3510015,0.6529127,2,C_Savav_7,train
0.4141162,-0.19983499,5,C_Savav_7,train
-1.6233089,-0.12150802,4,C_Savav_7,train
-0.7884921,0.09445295,0,C_Savav_7,train
-0.7903812,-2.1864219,3,C_Savav_7,train
0.6933197,1.5805514,4,C_Lav_48,train
-0.029509408,-0.14830711,3,C_Lav_48,train
-0.2685885,-0.2084956,0,C_Lav_48,train
-0.46541983,0.4489528,6,C_Lav_48,train
-0.17912653,0.5471044,1,C_Lav_48,train
0.40701687,2.1117892,5,C_Lav_48,train
-1.2379553,-0.026269766,2,C_Lav_48,train
-0.46604016,0.22031973,12,C_Lav_48,train
1.311129,2.3502457,11,C_Lav_48,train
-1.3775996,2.4452074,13,C_Lav_48,train
0.7741752,0.020038242,7,C_Lav_48,train
-0.005710497,-1.2318679,10,C_Lav_48,train
0.5585636,-1.0861595,14,C_Lav_48,train
0.17413108,-1.1585225,8,C_Lav_48,train
-0.34901667,1.0415938,9,C_Lav_48,train
-0.25831595,-0.6450079,9,C_Lav_76,train
-1.3159565,-0.49172702,14,C_Lav_76,train
0.5860507,-0.062359,8,C_Lav_76,train
-0.3779165,-1.3304724,10,C_Lav_76,train
0.6351614,1.4749801,13,C_Lav_76,train
0.65093267,0.72080684,7,C_Lav_76,train
1.2111167,-1.6082422,11,C_Lav_76,train
-0.07964753,0.96316695,12,C_Lav_76,train
-1.2027677,-0.79551375,2,C_Lav_76,train
0.82201153,-0.6369706,5,C_Lav_76,train
-1.4595785,-1.086888,1,C_Lav_76,train
0.294716,0.20988423,6,C_Lav_76,train
0.50189507,-0.14629552,0,C_Lav_76,train
0.075842835,0.04277758,3,C_Lav_76,train
-0.67880404,-1.7688141,4,C_Lav_76,train
0.6697715,-0.88180226,4,C_Sav_57,train
1.1545141,0.3694291,0,C_Sav_57,train
0.7867975,0.22503868,3,C_Sav_57,train
0.5750619,-0.79630476,1,C_Sav_57,train
0.9376669,0.46834823,6,C_Sav_57,train
-0.44864985,0.29195136,2,C_Sav_57,train
-0.7257689,-0.6065134,5,C_Sav_57,train
-0.0318953,-0.0044332515,12,C_Sav_57,train
-0.7754233,-0.13385722,11,C_Sav_57,train
-0.5252987,-0.48174968,10,C_Sav_57,train
-0.979576,0.6898743,7,C_Sav_57,train
-0.43098432,-0.56084317,13,C_Sav_57,train
-0.009076573,0.50122416,9,C_Sav_57,train
0.12571394,-0.02354351,8,C_Sav_57,train
-1.1113994,-0.3948516,14,C_Sav_57,train
0.13695146,-0.445292,7,C_Savav_12,train
0.27904752,-0.9689516,13,C_Savav_12,train
0.57304186,-0.41705617,10,C_Savav_12,train
1.0078741,0.66678405,8,C_Savav_12,train
-1.627096,-1.5642706,14,C_Savav_12,train
1.6168412,-0.21172154,9,C_Savav_12,train
0.5427047,1.8572803,12,C_Savav_12,train
-0.73900545,-0.67885387,11,C_Savav_12,train
0.34443647,-0.96883607,6,C_Savav_12,train
1.2022011,-1.4986197,1,C_Savav_12,train
-0.2717792,0.11868359,5,C_Savav_12,train
1.2112088,0.6977076,2,C_Savav_12,train
-1.8626138,1.3712825,4,C_Savav_12,train
0.16804859,-1.3067149,3,C_Savav_12,train
-1.4628348,-0.45178947,0,C_Savav_12,train
0.5080451,-0.44095907,7,C_Lava_27,train
-0.97379684,-1.3116171,13,C_Lava_27,train
-1.0312101,0.8387824,10,C_Lava_27,train
0.12628412,-0.5177944,8,C_Lava_27,train
0.69088155,-0.3318123,14,C_Lava_27,train
-1.802648,0.7917172,9,C_Lava_27,train
-1.2410264,1.0650868,12,C_Lava_27,train
-1.8883383,-1.7029761,11,C_Lava_27,train
-1.9030343,0.0058239726,6,C_Lava_27,train
0.85955524,0.11495728,1,C_Lava_27,train
0.83362263,0.3112344,5,C_Lava_27,train
0.47659487,-0.9065296,2,C_Lava_27,train
-1.4887416,-0.066046394,4,C_Lava_27,train
1.0062826,0.72499806,3,C_Lava_27,train
-0.46646562,1.8129722,0,C_Lava_27,train
1.0497885,-1.471878,12,C_Savav_96,train
1.0977426,-0.4563188,11,C_Savav_96,train
0.3529259,0.2446785,13,C_Savav_96,train
1.4092925,-0.72387457,7,C_Savav_96,train
0.41062906,0.7808509,10,C_Savav_96,train
1.1221223,-1.7911682,14,C_Savav_96,train
-1.2509487,0.10846407,8,C_Savav_96,train
0.21390656,1.3468629,9,C_Savav_96,train
0.0245072,-0.19588745,4,C_Savav_96,train
-0.94923913,-2.1128316,3,C_Savav_96,train
0.398613,0.61034286,0,C_Savav_96,train
0.048593834,-0.19995755,6,C_Savav_96,train
0.0372832,0.16402426,1,C_Savav_96,train
0.6608094,1.7441322,5,C_Savav_96,train
-0.29348013,0.42704207,2,C_Savav_96,train
-0.7031773,-0.43691504,12,C_Lvav_92,train
-0.8544539,0.4372197,11,C_Lvav_92,train
0.80208486,-0.5497825,10,C_Lvav_92,train
0.8561159,0.32722777,7,C_Lvav_92,train
0.9523755,-0.9970732,13,C_Lvav_92,train
2.1512797,-1.4036192,9,C_Lvav_92,train
0.91739535,0.5862891,8,C_Lvav_92,train
-0.47780645,1.200242,14,C_Lvav_92,train
-0.7687226,0.2810403,4,C_Lvav_92,train
2.3681984,0.15981624,0,C_Lvav_92,train
-0.7423639,-0.17105973,3,C_Lvav_92,train
-0.7448433,-0.05064606,1,C_Lvav_92,train
1.0290742,-0.46632865,6,C_Lvav_92,train
-0.5994774,-1.5739651,2,C_Lvav_92,train
-0.90478426,0.08977828,5,C_Lvav_92,train
-0.08998382,0.15016994,12,C_Sav_42,train
1.3367449,1.1905293,11,C_Sav_42,train
-0.4974419,-0.0799294,13,C_Sav_42,train
2.0370197,0.2221083,7,C_Sav_42,train
-1.1745183,0.6109847,10,C_Sav_42,train
-0.14778835,0.7597902,14,C_Sav_42,train
0.059262417,-0.16654214,8,C_Sav_42,train
-0.78868425,0.15264198,9,C_Sav_42,train
-0.80339193,0.20537247,4,C_Sav_42,train
0.15404433,0.40647447,3,C_Sav_42,train
0.705241,-0.6029236,0,C_Sav_42,train
0.29514456,-0.09453503,6,C_Sav_42,train
1.3744593,-0.74554366,1,C_Sav_42,train
1.4126893,0.4915697,5,C_Sav_42,train
0.06439337,0.24069893,2,C_Sav_42,train
-0.03363604,-0.61722904,1,C_Lav_30,train
-0.83478844,-0.25312972,6,C_Lav_30,train
0.19721167,1.8409861,2,C_Lav_30,train
-0.9604548,-1.6569606,5,C_Lav_30,train
-0.80083025,1.4925267,4,C_Lav_30,train
-0.79929525,1.3658779,0,C_Lav_30,train
-0.47504988,-0.13576815,3,C_Lav_30,train
-0.40843847,-0.3571491,10,C_Lav_30,train
0.0905955,-0.5280342,13,C_Lav_30,train
0.7875886,-0.098986246,7,C_Lav_30,train
0.16636398,-1.1574832,9,C_Lav_30,train
-2.581755,-3.1757648,14,C_Lav_30,train
-2.836409,-2.1598678,8,C_Lav_30,train
1.1547407,-0.4675715,12,C_Lav_30,train
-0.81154805,-0.11685655,11,C_Lav_30,train
-1.677455,0.27701795,9,C_Sav_90,train
1.5799997,-0.45976257,8,C_Sav_90,train
-0.22983304,0.3495145,14,C_Sav_90,train
0.9698538,0.36786672,10,C_Sav_90,train
-0.69966656,-0.107789196,7,C_Sav_90,train
1.1211371,-0.01238207,13,C_Sav_90,train
1.0761452,0.5834642,11,C_Sav_90,train
-0.70437855,1.1019894,12,C_Sav_90,train
0.78278476,-1.4120038,2,C_Sav_90,train
0.17524764,1.0178659,5,C_Sav_90,train
-1.804939,2.2698524,1,C_Sav_90,train
1.5273494,0.05212147,6,C_Sav_90,train
-0.031361338,-0.7818388,0,C_Sav_90,train
-1.1318475,-0.31303048,3,C_Sav_90,train
1.9071051,-0.933396,4,C_Sav_90,train
0.20126075,0.29553056,6,C_Savav_35,train
1.1022652,-1.5093389,1,C_Savav_35,train
0.23409544,-0.22533262,5,C_Savav_35,train
-1.1396722,-1.0924126,2,C_Savav_35,train
-0.20264864,-0.026578993,4,C_Savav_35,train
0.64794475,1.2007513,3,C_Savav_35,train
-0.41618156,0.16412464,0,C_Savav_35,train
0.21106836,-0.5165953,13,C_Savav_35,train
-0.5318751,3.8825166,7,C_Savav_35,train
1.0218236,-0.3763718,10,C_Savav_35,train
-0.5433304,-0.18282464,14,C_Savav_35,train
-1.2885008,-0.9487635,8,C_Savav_35,train
-0.10080195,-2.572475,9,C_Savav_35,train
-1.3244601,-0.734273,12,C_Savav_35,train
0.27433193,-1.4480889,11,C_Savav_35,train
0.61240864,-1.6605835,6,C_Lava_38,train
0.49495316,0.46073714,1,C_Lava_38,train
1.4954712,1.1343431,5,C_Lava_38,train
2.824331,-0.3584414,2,C_Lava_38,train
-1.317615,-0.5576828,4,C_Lava_38,train
1.3735516,-0.5218135,3,C_Lava_38,train
-1.0502982,-1.1487367,0,C_Lava_38,train
0.35576117,-0.48404267,13,C_Lava_38,train
0.102994345,-0.32917592,7,C_Lava_38,train
0.2464064,1.0110505,10,C_Lava_38,train
0.2142577,-0.98707783,14,C_Lava_38,train
-0.16877195,-1.1566969,8,C_Lava_38,train
-1.5499688,-0.41077098,9,C_Lava_38,train
-0.03232766,1.2322477,12,C_Lava_38,train
0.40838778,0.18552242,11,C_Lava_38,train
0.58927506,-1.111574,5,C_Sav_76,train
1.4673593,1.1442492,2,C_Sav_76,train
-0.4110272,-2.302904,6,C_Sav_76,train
-0.15845585,1.0746809,1,C_Sav_76,train
1.2089052,1.0050095,3,C_Sav_76,train
-0.32133344,-1.4049852,0,C_Sav_76,train
0.01429737,-0.29500872,4,C_Sav_76,train
-0.80033094,-0.053187158,14,C_Sav_76,train
-0.5020773,0.33511144,8,C_Sav_76,train
-0.7341304,-1.7856867,9,C_Sav_76,train
0.08079163,0.35036004,13,C_Sav_76,train
-0.3480678,0.81752354,7,C_Sav_76,train
0.40761796,-1.1403904,10,C_Sav_76,train
-1.375139,-0.015815025,11,C_Sav_76,train
0.33386928,-0.0038425047,12,C_Sav_76,train
-0.59816533,0.15084808,1,C_Sav_61,train
0.8964949,-0.32240131,6,C_Sav_61,train
1.169397,-0.2925465,2,C_Sav_61,train
-0.3033093,-1.3672733,5,C_Sav_61,train
-0.15269709,0.4094942,4,C_Sav_61,train
-0.051277895,-0.30742097,0,C_Sav_61,train
0.8690662,1.0628079,3,C_Sav_61,train
-0.91416866,1.2453153,10,C_Sav_61,train
-0.1157382,-0.4214374,13,C_Sav_61,train
-0.35707676,0.13134018,7,C_Sav_61,train
0.8495822,1.3273937,9,C_Sav_61,train
1.7552619,0.9280362,14,C_Sav_61,train
-0.48319447,0.8476651,8,C_Sav_61,train
0.23426047,0.359272,12,C_Sav_61,train
-0.23281497,-1.3126861,11,C_Sav_61,train
-0.07287979,1.8313711,5,C_Lvav_1,train
1.2757778,1.8794627,2,C_Lvav_1,train
-0.35239553,-1.6117305,6,C_Lvav_1,train
-0.07606867,0.6699163,1,C_Lvav_1,train
-0.2156255,1.4069885,3,C_Lvav_1,train
0.06434013,-0.77477366,0,C_Lvav_1,train
1.0815668,2.129513,4,C_Lvav_1,train
-0.032377966,0.24262416,8,C_Lvav_1,train
0.5348879,1.2519968,14,C_Lvav_1,train
-1.1932713,-1.2858751,9,C_Lvav_1,train
-0.90194035,0.5599227,7,C_Lvav_1,train
1.3067558,2.4331222,13,C_Lvav_1,train
-0.19786274,-0.9561012,10,C_Lvav_1,train
-0.15983438,0.15037248,11,C_Lvav_1,train
-1.5955229,0.28544873,12,C_Lvav_1,train
-1.1623908,-0.15672925,13,C_Savav_56,train
0.3311541,-0.7257017,7,C_Savav_56,train
0.33337682,0.028436322,10,C_Savav_56,train
1.9971219,1.873074,14,C_Savav_56,train
0.62260795,1.7865453,8,C_Savav_56,train
-0.47055727,1.1646981,9,C_Savav_56,train
1.5858852,-0.48761904,12,C_Savav_56,train
-1.0702542,-0.27321187,11,C_Savav_56,train
0.0850014,0.31998992,6,C_Savav_56,train
-0.45723838,1.0685394,1,C_Savav_56,train
0.13297024,2.8914115,5,C_Savav_56,train
0.8006057,1.4007788,2,C_Savav_56,train
1.5557238,-0.47023037,4,C_Savav_56,train
-1.0818176,2.4045794,3,C_Savav_56,train
0.8981211,0.016682893,0,C_Savav_56,train
-0.7009539,0.20994326,11,C_Sav_68,train
-0.6381893,-0.11663037,12,C_Sav_68,train
-0.18986565,-1.2999765,9,C_Sav_68,train
-0.17927662,-0.39060578,8,C_Sav_68,train
0.7273205,1.9988911,14,C_Sav_68,train
0.022200266,-0.2685765,10,C_Sav_68,train
-2.2863605,-1.2382488,7,C_Sav_68,train
1.201001,0.44524914,13,C_Sav_68,train
-0.9309881,-0.18424192,0,C_Sav_68,train
1.4723405,1.6580093,3,C_Sav_68,train
-0.44974202,-0.38067222,4,C_Sav_68,train
0.72468555,-0.60488206,2,C_Sav_68,train
-0.73931444,-0.4027382,5,C_Sav_68,train
0.6569651,2.3392825,1,C_Sav_68,train
1.0465659,1.8599344,6,C_Sav_68,train
0.3891138,0.6692507,11,C_Savav_39,train
-0.15399744,-2.7811325,12,C_Savav_39,train
0.14609835,-0.5683804,14,C_Savav_39,train
0.80092347,-1.1909386,8,C_Savav_39,train
-0.024790812,0.48522577,9,C_Savav_39,train
-0.10824732,0.20790035,13,C_Savav_39,train
-0.25837454,-0.047078032,7,C_Savav_39,train
-1.5172644,-1.0342534,10,C_Savav_39,train
1.0506686,-0.5095214,3,C_Savav_39,train
0.43283245,1.3200839,0,C_Savav_39,train
-0.16840729,0.015820649,4,C_Savav_39,train
-0.059815623,0.4553282,5,C_Savav_39,train
-0.22516502,-0.19956094,2,C_Savav_39,train
-0.43707785,0.66317445,6,C_Savav_39,train
0.00431781,0.959409,1,C_Savav_39,train
0.048883174,0.04642486,12,C_Sav_47,train
-0.713773,-0.64157987,11,C_Sav_47,train
0.19628003,-0.7387018,7,C_Sav_47,train
0.40103757,-0.60147786,13,C_Sav_47,train
0.4303534,-0.72354496,10,C_Sav_47,train
1.2246041,-1.2248175,8,C_Sav_47,train
0.4912339,-0.18221998,14,C_Sav_47,train
-0.53543884,-0.25221553,9,C_Sav_47,train
-0.89409053,0.12994741,4,C_Sav_47,train
-0.17624378,-1.1754287,3,C_Sav_47,train
-0.8783211,0.3785054,0,C_Sav_47,train
-0.7888363,-0.7379585,6,C_Sav_47,train
1.7515867,0.07135246,1,C_Sav_47,train
0.3862885,-1.6471711,5,C_Sav_47,train
1.5898622,-1.0605725,2,C_Sav_47,train
-0.4422724,0.73960996,11,C_Sav_62,train
2.531624,0.76559716,12,C_Sav_62,train
0.011555677,-0.62436724,8,C_Sav_62,train
0.58232236,0.93178666,14,C_Sav_62,train
1.1977131,-0.64120936,9,C_Sav_62,train
-0.72314286,0.12723751,7,C_Sav_62,train
-0.20248455,1.0081505,13,C_Sav_62,train
-0.39958593,0.9321046,10,C_Sav_62,train
-0.25536433,0.32514352,3,C_Sav_62,train
-0.52754146,-1.3300011,0,C_Sav_62,train
0.80670804,-0.4439069,4,C_Sav_62,train
0.95555556,-0.6567863,5,C_Sav_62,train
-0.33775815,-0.6227841,2,C_Sav_62,train
-1.0948832,0.4979026,6,C_Sav_62,train
0.29831117,-0.7694992,1,C_Sav_62,train
0.09039688,0.443322,11,C_Lav_84,train
-0.26208267,-2.5635896,12,C_Lav_84,train
0.13353586,0.6545977,14,C_Lav_84,train
-0.24370117,-0.23421374,8,C_Lav_84,train
-0.028166434,-0.6065627,9,C_Lav_84,train
-0.20263791,0.6870714,13,C_Lav_84,train
-2.150222,-0.6742473,7,C_Lav_84,train
-0.7296144,1.183523,10,C_Lav_84,train
1.3061744,-0.12585777,3,C_Lav_84,train
-0.87488604,-0.7543439,0,C_Lav_84,train
-0.42547387,1.8881477,4,C_Lav_84,train
-1.2465509,-0.06719735,5,C_Lav_84,train
-0.3012392,0.65639967,2,C_Lav_84,train
-0.35096896,0.13544704,6,C_Lav_84,train
-0.41677815,0.4100286,1,C_Lav_84,train
1.3660755,-0.33101895,4,C_Sav_24,train
-1.0362676,1.9513047,3,C_Sav_24,train
-1.5913734,-2.2001998,0,C_Sav_24,train
-0.884446,0.2300081,6,C_Sav_24,train
-0.46567374,-1.8520031,1,C_Sav_24,train
-0.31222528,-1.4260398,5,C_Sav_24,train
-1.310943,0.39487463,2,C_Sav_24,train
-0.08828172,-0.03666724,12,C_Sav_24,train
-0.2004528,0.5875586,11,C_Sav_24,train
-0.004379676,0.55856633,7,C_Sav_24,train
0.51318234,-0.22006094,13,C_Sav_24,train
0.57886475,-0.7800278,10,C_Sav_24,train
1.6672451,1.7703874,8,C_Sav_24,train
0.56424403,0.32575482,14,C_Sav_24,train
-0.7623703,0.4545123,9,C_Sav_24,train
-0.71442807,-0.5822144,0,C_Sav_84,train
-0.3700111,-0.30218938,3,C_Sav_84,train
-0.7700557,-1.1276858,4,C_Sav_84,train
0.104367696,-0.71952623,2,C_Sav_84,train
0.46888727,1.4720137,5,C_Sav_84,train
0.51768935,0.4685108,1,C_Sav_84,train
1.0535418,1.9088163,6,C_Sav_84,train
1.1266817,-1.4087925,11,C_Sav_84,train
-1.1489501,-0.9303963,12,C_Sav_84,train
-0.08695614,-0.5994556,9,C_Sav_84,train
0.11887435,-0.62393236,14,C_Sav_84,train
-0.32974172,-0.12507153,8,C_Sav_84,train
-1.1581392,0.15654634,10,C_Sav_84,train
-1.9530131,-0.8043526,13,C_Sav_84,train
-0.84606564,-1.0178818,7,C_Sav_84,train
-0.46057624,0.472355,12,C_Lvav_25,train
0.8042487,1.9719703,11,C_Lvav_25,train
-0.65404975,-0.6384906,10,C_Lvav_25,train
-0.35941648,-0.37019774,13,C_Lvav_25,train
0.9725091,2.1599681,7,C_Lvav_25,train
1.1567528,0.3840569,9,C_Lvav_25,train
1.9911256,-0.4401091,14,C_Lvav_25,train
-0.89761066,0.7950325,8,C_Lvav_25,train
0.23508927,1.0708991,4,C_Lvav_25,train
-1.6613325,-0.9364446,0,C_Lvav_25,train
-0.0640161,-1.17866,3,C_Lvav_25,train
0.49921754,-1.0508252,1,C_Lvav_25,train
0.10696998,1.8619113,6,C_Lvav_25,train
-0.54340386,-0.71096665,2,C_Lvav_25,train
0.7700077,-0.41045237,5,C_Lvav_25,train
-0.3660576,-0.78310215,4,C_Lvav_82,train
1.3523648,1.2079526,3,C_Lvav_82,train
1.1474779,0.047279034,0,C_Lvav_82,train
0.6454186,0.12262388,6,C_Lvav_82,train
-1.1236107,1.1632391,1,C_Lvav_82,train
-0.11709444,-1.0167786,5,C_Lvav_82,train
-2.4979978,-0.8713184,2,C_Lvav_82,train
-0.1995706,0.17730883,12,C_Lvav_82,train
-2.2504766,1.3966197,11,C_Lvav_82,train
0.13262014,0.9253065,7,C_Lvav_82,train
0.049363527,1.1853454,13,C_Lvav_82,train
0.424355,0.31500575,10,C_Lvav_82,train
-0.14819285,0.3548841,8,C_Lvav_82,train
-0.20846191,1.2391374,14,C_Lvav_82,train
-1.0239669,-0.37743598,9,C_Lvav_82,train
0.4908488,-0.2297353,0,C_Lav_62,train
0.24576873,0.12405425,3,C_Lav_62,train
-0.46218663,-0.18480681,4,C_Lav_62,train
0.430376,-0.12032134,2,C_Lav_62,train
0.571278,1.2877309,5,C_Lav_62,train
1.2770684,0.4883928,1,C_Lav_62,train
0.965922,0.13078867,6,C_Lav_62,train
1.086103,0.39397076,11,C_Lav_62,train
-0.5565944,-1.9136105,12,C_Lav_62,train
-0.04346803,-0.38609618,9,C_Lav_62,train
2.8252265,-0.69705904,8,C_Lav_62,train
-0.16810346,-0.8503979,14,C_Lav_62,train
-0.1954642,-1.3996608,10,C_Lav_62,train
0.18917456,0.10964186,7,C_Lav_62,train
1.0697486,-0.8812542,13,C_Lav_62,train
-1.5581104,0.30829072,10,C_Sav_46,train
-0.55049515,1.8624877,7,C_Sav_46,train
0.25030786,1.0136589,13,C_Sav_46,train
0.5194327,-0.16076441,9,C_Sav_46,train
0.4121698,0.79883957,8,C_Sav_46,train
-2.2060137,-1.0629158,14,C_Sav_46,train
-1.3369082,1.3179035,12,C_Sav_46,train
0.31349313,-0.1314207,11,C_Sav_46,train
1.3798988,-0.8489659,1,C_Sav_46,train
-2.076768,-0.5764878,6,C_Sav_46,train
-2.041415,0.28349558,2,C_Sav_46,train
-2.3578703,0.19226855,5,C_Sav_46,train
-0.048675,0.19003156,4,C_Sav_46,train
-0.7429168,0.03702769,0,C_Sav_46,train
1.0925604,0.90066814,3,C_Sav_46,train
-0.69202375,0.42104843,11,C_Lvav_79,train
-1.7185001,-1.9321506,12,C_Lvav_79,train
0.7243393,-2.175156,9,C_Lvav_79,train
-0.20879774,0.998185,14,C_Lvav_79,train
-1.7634442,0.37585056,8,C_Lvav_79,train
-0.09319397,0.31552738,10,C_Lvav_79,train
0.19282922,0.13431507,13,C_Lvav_79,train
0.79472125,-1.3747683,7,C_Lvav_79,train
-2.8019276,1.4897362,0,C_Lvav_79,train
-0.084912896,-0.9961946,3,C_Lvav_79,train
-0.18461157,-0.72429633,4,C_Lvav_79,train
0.49975893,-0.22055839,2,C_Lvav_79,train
-0.2963996,0.3018012,5,C_Lvav_79,train
-0.4792969,-1.9934355,1,C_Lvav_79,train
-1.471674,-1.6095265,6,C_Lvav_79,train
-0.6075423,1.4800868,10,C_Sav_4,train
0.66866434,-0.45321554,13,C_Sav_4,train
1.2521194,-1.3282726,7,C_Sav_4,train
-0.7833727,-0.20471019,9,C_Sav_4,train
-0.6102549,0.8429997,14,C_Sav_4,train
-0.62270284,1.4574978,8,C_Sav_4,train
0.049466897,0.79972565,12,C_Sav_4,train
0.7278057,-0.28939274,11,C_Sav_4,train
1.1668352,0.28064796,1,C_Sav_4,train
-1.1552172,-0.40933272,6,C_Sav_4,train
0.19237557,-2.1903677,2,C_Sav_4,train
1.9970349,-0.028961815,5,C_Sav_4,train
-0.41097653,0.32888418,4,C_Sav_4,train
0.06749163,1.6300865,0,C_Sav_4,train
0.45831943,-1.6384964,3,C_Sav_4,train
-1.3230458,-0.100885116,1,C_Lvav_48,train
1.9774553,0.7120558,6,C_Lvav_48,train
0.18519089,0.60009545,2,C_Lvav_48,train
-0.9381937,-0.1288048,5,C_Lvav_48,train
-1.9512392,0.17085618,4,C_Lvav_48,train
-2.743917,0.03610221,0,C_Lvav_48,train
-0.76622766,0.61607015,3,C_Lvav_48,train
0.3020058,1.0738684,10,C_Lvav_48,train
-1.614307,1.2573725,7,C_Lvav_48,train
-0.17844015,0.67630804,13,C_Lvav_48,train
-1.8549479,1.3774555,9,C_Lvav_48,train
0.2548322,0.5465049,8,C_Lvav_48,train
-0.4281729,-0.7257799,14,C_Lvav_48,train
-0.40245938,0.9405156,12,C_Lvav_48,train
0.7917576,-1.2796086,11,C_Lvav_48,train
-0.7395546,1.3180642,10,C_Savav_18,train
-1.3234371,-0.26555198,7,C_Savav_18,train
-0.57287663,0.9330762,13,C_Savav_18,train
-0.14703178,1.2933763,9,C_Savav_18,train
-0.29708433,-0.7993603,8,C_Savav_18,train
1.7198718,-1.318237,14,C_Savav_18,train
-1.5889915,-0.056604944,12,C_Savav_18,train
0.014230689,0.4871663,11,C_Savav_18,train
0.48964947,0.11793164,1,C_Savav_18,train
0.6707228,-0.73616153,6,C_Savav_18,train
1.0425923,1.308841,2,C_Savav_18,train
0.4364341,-1.6539582,5,C_Savav_18,train
2.0275397,-1.7724231,4,C_Savav_18,train
0.65090144,-1.6523628,0,C_Savav_18,train
-0.100597635,-0.58908904,3,C_Savav_18,train
-0.95650613,-1.9204892,10,C_Savav_97,train
1.6963159,-0.2853473,13,C_Savav_97,train
0.92424065,0.21374947,7,C_Savav_97,train
1.1437067,0.12199449,9,C_Savav_97,train
0.7332335,-0.0046112714,14,C_Savav_97,train
0.7962676,1.781963,8,C_Savav_97,train
-2.0185082,0.7035645,12,C_Savav_97,train
-0.006459574,0.9312495,11,C_Savav_97,train
-1.3945364,-0.6907971,1,C_Savav_97,train
-0.88731176,1.0085373,6,C_Savav_97,train
0.9519517,0.05652657,2,C_Savav_97,train
0.47579983,0.82922524,5,C_Savav_97,train
-0.18839514,-0.6637151,4,C_Savav_97,train
-0.2731907,-0.8013376,0,C_Savav_97,train
1.8901552,1.5739303,3,C_Savav_97,train
0.2597124,-0.49079365,4,C_Lvav_74,train
-0.67256504,1.5777073,3,C_Lvav_74,train
0.6317531,-0.9380504,0,C_Lvav_74,train
0.7182794,-0.246955,6,C_Lvav_74,train
-0.33598393,0.27025986,1,C_Lvav_74,train
0.5473716,0.1487637,5,C_Lvav_74,train
-0.23108678,-1.1848509,2,C_Lvav_74,train
-0.5358381,0.2392044,12,C_Lvav_74,train
-0.82857484,-0.84977967,11,C_Lvav_74,train
0.7057587,-0.8402379,13,C_Lvav_74,train
-0.022759978,0.31457067,7,C_Lvav_74,train
1.7032499,1.5648361,10,C_Lvav_74,train
-0.79654676,-0.6832622,14,C_Lvav_74,train
1.800275,1.1581209,8,C_Lvav_74,train
-0.6240901,-0.9082135,9,C_Lvav_74,train
0.31680465,0.24619108,5,C_Sav_85,train
0.029859737,0.28335345,2,C_Sav_85,train
-0.18750025,0.947776,6,C_Sav_85,train
-0.8614958,-2.1210635,1,C_Sav_85,train
1.1240417,-1.5837612,3,C_Sav_85,train
1.1038792,1.145814,0,C_Sav_85,train
1.0143592,0.47019756,4,C_Sav_85,train
-0.49726072,-0.78278816,14,C_Sav_85,train
0.12487157,0.4043135,8,C_Sav_85,train
-0.43755227,-0.26980945,9,C_Sav_85,train
0.92511743,1.1468811,13,C_Sav_85,train
0.4139432,1.0126386,7,C_Sav_85,train
-0.48099333,0.117209464,10,C_Sav_85,train
0.4264727,0.874873,11,C_Sav_85,train
-0.00029021688,-1.382612,12,C_Sav_85,train
-1.3264492,0.3354956,12,C_Lav_58,train
0.21859881,1.3449578,11,C_Lav_58,train
-0.66571456,0.30180246,10,C_Lav_58,train
-2.9477098,0.53009194,13,C_Lav_58,train
-0.071794376,-0.7943715,7,C_Lav_58,train
-0.8618869,0.88406193,9,C_Lav_58,train
0.3904043,1.6342828,14,C_Lav_58,train
-0.05405524,0.527037,8,C_Lav_58,train
-0.044267282,-0.1424745,4,C_Lav_58,train
0.9773094,1.6648061,0,C_Lav_58,train
0.88165957,1.4121433,3,C_Lav_58,train
1.1365122,-1.7298145,1,C_Lav_58,train
-0.36510113,0.54094386,6,C_Lav_58,train
0.31417555,0.6182509,2,C_Lav_58,train
-1.2794619,-0.31511956,5,C_Lav_58,train
1.1713728,1.3800002,12,C_Lvav_61,train
1.5949928,0.07749428,11,C_Lvav_61,train
-0.6104488,1.0758945,10,C_Lvav_61,train
-0.9018018,-1.5908767,7,C_Lvav_61,train
0.71098185,1.2296427,13,C_Lvav_61,train
0.17450061,-0.7537774,9,C_Lvav_61,train
-1.4385701,-0.60183144,8,C_Lvav_61,train
-1.5212755,-0.70596373,14,C_Lvav_61,train
-0.97199667,-0.30964047,4,C_Lvav_61,train
-1.3916066,-0.20327738,0,C_Lvav_61,train
-1.0218332,1.0322552,3,C_Lvav_61,train
0.47093856,0.47431117,1,C_Lvav_61,train
-1.6061329,1.1657572,6,C_Lvav_61,train
-0.5025465,0.9500741,2,C_Lvav_61,train
-0.8617323,1.277334,5,C_Lvav_61,train
-0.4507866,-0.03716121,10,C_Lvav_52,train
0.9426042,-1.2789013,7,C_Lvav_52,train
0.86161727,-0.10483087,13,C_Lvav_52,train
0.7252585,0.05294426,9,C_Lvav_52,train
0.7505479,-1.6104116,8,C_Lvav_52,train
0.3087697,0.24358825,14,C_Lvav_52,train
-0.65971017,0.55135345,12,C_Lvav_52,train
-0.39806408,-0.09835394,11,C_Lvav_52,train
-0.40634173,-1.5954697,1,C_Lvav_52,train
-0.6412861,0.41639322,6,C_Lvav_52,train
0.6368498,0.9693634,2,C_Lvav_52,train
0.95210785,0.17478214,5,C_Lvav_52,train
0.39551994,-0.85880625,4,C_Lvav_52,train
0.43472296,0.11399804,0,C_Lvav_52,train
-0.33660054,-1.3866608,3,C_Lvav_52,train
-2.4048462,-2.310657,3,C_Lav_68,train
-1.0038986,-1.173845,0,C_Lav_68,train
1.0294945,-0.09790586,4,C_Lav_68,train
0.513722,0.33819062,5,C_Lav_68,train
2.2247825,0.30717543,2,C_Lav_68,train
-0.15226156,-0.22857904,6,C_Lav_68,train
1.1304401,-0.5779849,1,C_Lav_68,train
0.514856,-1.0323397,11,C_Lav_68,train
-0.025691219,-2.2167454,12,C_Lav_68,train
-0.10138373,0.42783195,8,C_Lav_68,train
-0.48046908,1.5313987,14,C_Lav_68,train
0.07769211,1.7684779,9,C_Lav_68,train
-1.0023074,0.38849387,7,C_Lav_68,train
0.95224136,0.79044694,13,C_Lav_68,train
0.26758793,-0.7112417,10,C_Lav_68,train
-0.24738404,-0.6307471,3,C_Lvav_51,train
-1.23362,-1.1663096,0,C_Lvav_51,train
0.88060415,-1.5255787,4,C_Lvav_51,train
0.2070131,0.5290898,5,C_Lvav_51,train
-0.5745321,2.1171668,2,C_Lvav_51,train
-1.5293543,0.11701841,6,C_Lvav_51,train
0.54145956,1.451101,1,C_Lvav_51,train
0.33559632,0.5054427,11,C_Lvav_51,train
0.45070302,1.7071041,12,C_Lvav_51,train
-0.5887971,1.1038024,14,C_Lvav_51,train
-0.0060023633,0.2599948,8,C_Lvav_51,train
0.28158325,0.9286258,9,C_Lvav_51,train
-0.6209703,-1.150442,13,C_Lvav_51,train
0.5726505,1.0363262,7,C_Lvav_51,train
-0.39840645,-1.2244194,10,C_Lvav_51,train
-1.201253,-0.66041315,10,C_Lava_15,train
-1.920593,0.35014147,7,C_Lava_15,train
-0.4735392,-0.230851,13,C_Lava_15,train
0.83175737,-0.41209584,9,C_Lava_15,train
0.051745966,0.38438937,8,C_Lava_15,train
-1.900869,-0.45433304,14,C_Lava_15,train
0.5192153,-0.72018915,12,C_Lava_15,train
0.46253586,0.87174183,11,C_Lava_15,train
0.58001024,-0.48097545,1,C_Lava_15,train
-0.8395014,2.1449056,6,C_Lava_15,train
0.35597032,-2.165109,2,C_Lava_15,train
-1.3873754,1.7923293,5,C_Lava_15,train
0.152009,-1.5555705,4,C_Lava_15,train
1.6952816,-0.20832613,0,C_Lava_15,train
-1.597085,-0.9051445,3,C_Lava_15,train
0.047527198,0.117201924,12,C_Lav_21,train
0.56745887,-0.5790189,11,C_Lav_21,train
-1.3817885,-0.8822717,10,C_Lav_21,train
-1.3193841,1.4687,13,C_Lav_21,train
-1.8057545,-0.13845786,7,C_Lav_21,train
-1.7616144,0.11584844,9,C_Lav_21,train
-1.5798266,-1.8099383,14,C_Lav_21,train
-1.0054877,1.8054082,8,C_Lav_21,train
-1.8722017,-0.2871549,4,C_Lav_21,train
0.10133152,0.76950645,0,C_Lav_21,train
-1.9238013,-0.13779747,3,C_Lav_21,train
0.46346775,-1.5481964,1,C_Lav_21,train
-0.44726768,-1.2803036,6,C_Lav_21,train
0.11276157,0.51934147,2,C_Lav_21,train
-1.1699951,0.9916495,5,C_Lav_21,train
0.27798232,1.6617471,12,C_Lav_99,train
-0.31965634,0.9982064,11,C_Lav_99,train
-1.5746903,-0.81251967,13,C_Lav_99,train
-0.7037962,1.3313445,7,C_Lav_99,train
-0.96386397,-0.279365,10,C_Lav_99,train
1.2955278,0.11035111,14,C_Lav_99,train
-0.77655864,0.58675194,8,C_Lav_99,train
-0.6580084,-0.862915,9,C_Lav_99,train
-1.2275771,0.29732728,4,C_Lav_99,train
-1.7994244,0.81700337,3,C_Lav_99,train
0.6689755,-0.19704556,0,C_Lav_99,train
-0.69433814,0.27247536,6,C_Lav_99,train
-0.6963759,0.8164315,1,C_Lav_99,train
-0.56397605,-0.9782737,5,C_Lav_99,train
-0.5140794,0.49320763,2,C_Lav_99,train
1.0343314,0.015363561,9,C_Sav_95,train
0.447235,0.84294516,14,C_Sav_95,train
-0.39317182,-0.21343087,8,C_Sav_95,train
0.7517946,-1.2423428,10,C_Sav_95,train
-0.697496,0.07033151,13,C_Sav_95,train
-0.2449478,0.17518705,7,C_Sav_95,train
1.105715,1.8019056,11,C_Sav_95,train
-0.8169798,0.8096138,12,C_Sav_95,train
0.59392995,0.43960416,2,C_Sav_95,train
0.8232246,1.2899328,5,C_Sav_95,train
1.0766765,-0.26983142,1,C_Sav_95,train
-1.0941347,0.085352845,6,C_Sav_95,train
0.11431034,-0.25426292,0,C_Sav_95,train
-0.47465745,-0.2841918,3,C_Sav_95,train
0.5329572,-0.96784663,4,C_Sav_95,train
1.1502981,-0.40730202,11,C_Sav_23,train
-0.5076937,0.47273695,12,C_Sav_23,train
-0.81359744,0.47998643,8,C_Sav_23,train
-0.22319825,-2.3237011,14,C_Sav_23,train
0.23176597,0.65713674,9,C_Sav_23,train
0.49937403,1.2396182,7,C_Sav_23,train
1.3878148,-0.28474045,13,C_Sav_23,train
-0.9399596,-0.9683372,10,C_Sav_23,train
-0.7398364,-0.20379993,3,C_Sav_23,train
-0.96393883,0.6518305,0,C_Sav_23,train
-0.67922586,-0.71384436,4,C_Sav_23,train
-1.4656733,2.0431235,5,C_Sav_23,train
1.375,-0.66292006,2,C_Sav_23,train
-0.5186637,-0.89086527,6,C_Sav_23,train
1.3277484,-0.46259856,1,C_Sav_23,train
-0.346544,0.36410403,12,C_Savav_57,train
-0.3391918,-0.004456798,11,C_Savav_57,train
0.032329615,0.6114191,10,C_Savav_57,train
-1.992103,-0.181189,13,C_Savav_57,train
-1.237189,1.4216712,7,C_Savav_57,train
-0.06403985,0.33149716,9,C_Savav_57,train
-0.4366239,0.30767226,14,C_Savav_57,train
-0.36838418,0.23381838,8,C_Savav_57,train
1.5642229,-2.8999915,4,C_Savav_57,train
1.3532223,0.18720801,0,C_Savav_57,train
0.28265095,0.25998804,3,C_Savav_57,train
1.0895922,-0.37365597,1,C_Savav_57,train
2.0379963,0.73288834,6,C_Savav_57,train
0.3685849,0.9781506,2,C_Savav_57,train
-0.28682032,-0.12826115,5,C_Savav_57,train
-0.13394955,0.02110601,3,C_Sav_2,train
-0.6704685,-0.5002972,0,C_Sav_2,train
0.6231563,0.8147248,4,C_Sav_2,train
0.64655024,-0.05839858,5,C_Sav_2,train
-0.45590684,-0.8073241,2,C_Sav_2,train
-0.29387513,-0.9501529,6,C_Sav_2,train
-0.7541324,-0.9628297,1,C_Sav_2,train
1.2711942,-0.8315458,11,C_Sav_2,train
0.521473,0.93334377,12,C_Sav_2,train
1.8094342,-1.4895226,14,C_Sav_2,train
1.0594863,-0.534494,8,C_Sav_2,train
-1.4162648,0.07010292,9,C_Sav_2,train
-0.13545986,1.991992,13,C_Sav_2,train
-0.7041595,0.7083677,7,C_Sav_2,train
0.6412866,-1.2282673,10,C_Sav_2,train
0.25574923,-0.7824606,9,C_Lava_35,train
0.6697356,-1.603656,14,C_Lava_35,train
1.1148973,-0.12713191,8,C_Lava_35,train
0.7793852,-1.090932,10,C_Lava_35,train
-1.4606693,0.67068565,13,C_Lava_35,train
0.44383845,-0.00077880174,7,C_Lava_35,train
0.994611,-0.037047904,11,C_Lava_35,train
1.3028991,0.4650397,12,C_Lava_35,train
0.1402452,-0.1852518,2,C_Lava_35,train
-0.11246653,0.82925355,5,C_Lava_35,train
-0.011818132,-0.25296202,1,C_Lava_35,train
-0.32640314,-0.7940713,6,C_Lava_35,train
0.22878036,-3.5087352,0,C_Lava_35,train
0.24340975,-1.7724966,3,C_Lava_35,train
0.084214926,-0.9258097,4,C_Lava_35,train
-1.044395,0.98591185,10,C_Sav_1,train
0.5516845,-1.6834524,7,C_Sav_1,train
-1.2574748,0.40991563,13,C_Sav_1,train
0.3413414,-0.8432934,9,C_Sav_1,train
0.015887907,0.64298815,8,C_Sav_1,train
-2.879366,0.40011662,14,C_Sav_1,train
1.0266314,0.09902368,12,C_Sav_1,train
-0.99034333,1.914828,11,C_Sav_1,train
-1.8188983,-0.45699644,1,C_Sav_1,train
1.1754519,-0.20504948,6,C_Sav_1,train
0.30491063,1.7810967,2,C_Sav_1,train
-0.9009234,-0.38316488,5,C_Sav_1,train
0.09040608,1.9463176,4,C_Sav_1,train
0.4471605,-1.0744781,0,C_Sav_1,train
0.4152918,1.5729233,3,C_Sav_1,train
-1.0957122,0.14568247,6,C_Sav_56,train
0.03275546,1.6972439,1,C_Sav_56,train
-1.3225721,0.88687664,5,C_Sav_56,train
-1.606113,0.45252115,2,C_Sav_56,train
-0.46846852,-2.1053233,4,C_Sav_56,train
1.2945383,-1.2822363,3,C_Sav_56,train
0.96726024,0.40065464,0,C_Sav_56,train
0.4157164,-0.2117416,7,C_Sav_56,train
0.0023483858,-2.1045773,13,C_Sav_56,train
-1.8121082,-1.3629335,10,C_Sav_56,train
-1.2827724,1.018914,8,C_Sav_56,train
-0.3207847,0.511061,14,C_Sav_56,train
-0.3586065,-0.5214171,9,C_Sav_56,train
-0.37555426,-1.0904819,12,C_Sav_56,train
0.28363982,1.0610473,11,C_Sav_56,train
-2.5955753,1.4781582,12,C_Savav_9,train
0.3463653,-0.5790302,11,C_Savav_9,train
-0.44071627,1.2651756,10,C_Savav_9,train
-2.8839958,-0.87003505,7,C_Savav_9,train
-0.031185165,-0.10433413,13,C_Savav_9,train
-0.7697804,0.930341,9,C_Savav_9,train
-0.96834534,1.0506688,8,C_Savav_9,train
-0.9208806,2.0359275,14,C_Savav_9,train
1.2914159,0.6830738,4,C_Savav_9,train
-0.25424996,-0.061900288,0,C_Savav_9,train
1.9233193,0.029739572,3,C_Savav_9,train
-0.99393,0.7489109,1,C_Savav_9,train
-0.03095777,0.95009345,6,C_Savav_9,train
-2.0306456,-0.23185366,2,C_Savav_9,train
-1.1286021,-0.793139,5,C_Savav_9,train
0.022868488,-2.2665246,8,C_Sav_51,train
-2.6448495,0.91640675,14,C_Sav_51,train
-1.1696653,0.13669091,9,C_Sav_51,train
1.3848705,-0.33276916,7,C_Sav_51,train
0.6501378,0.106566586,13,C_Sav_51,train
-1.0967276,-0.9532019,10,C_Sav_51,train
0.3130445,-1.6466292,11,C_Sav_51,train
-0.5186003,-1.6762476,12,C_Sav_51,train
0.5460551,-0.3107319,5,C_Sav_51,train
0.786625,1.4160666,2,C_Sav_51,train
-0.82211363,-0.081532374,6,C_Sav_51,train
1.5254381,0.18129618,1,C_Sav_51,train
0.41425443,0.05926513,3,C_Sav_51,train
0.2063863,-1.1706218,0,C_Sav_51,train
-2.154308,-1.0895009,4,C_Sav_51,train
0.01026463,0.018029232,0,C_Savav_14,train
0.037484318,-0.79829,3,C_Savav_14,train
1.7387038,0.6023482,4,C_Savav_14,train
-0.84706,-0.74988353,2,C_Savav_14,train
1.6670402,1.8280118,5,C_Savav_14,train
0.8284625,2.262575,1,C_Savav_14,train
2.7953885,-0.034333665,6,C_Savav_14,train
0.8294677,1.4151427,11,C_Savav_14,train
0.15217572,0.8515748,12,C_Savav_14,train
0.096793875,1.0317421,9,C_Savav_14,train
-0.8364121,-0.024696909,8,C_Savav_14,train
-1.3336642,0.19772358,14,C_Savav_14,train
0.65461695,0.5122032,10,C_Savav_14,train
0.7158816,0.28679073,7,C_Savav_14,train
0.16630271,2.3072453,13,C_Savav_14,train
0.42853916,0.028865373,3,C_Sav_40,train
0.9911432,-0.7268109,0,C_Sav_40,train
-0.42749608,-0.6231312,4,C_Sav_40,train
-0.19010735,1.2488393,5,C_Sav_40,train
0.07648863,0.17811508,2,C_Sav_40,train
-2.1446207,-0.12608099,6,C_Sav_40,train
-0.0911851,0.035403162,1,C_Sav_40,train
0.62321895,0.5982516,11,C_Sav_40,train
0.10613563,-0.15882447,12,C_Sav_40,train
-0.442791,-1.3806247,8,C_Sav_40,train
-1.3244494,-1.0585103,14,C_Sav_40,train
0.85836035,-0.7125105,9,C_Sav_40,train
-0.63849145,0.47010988,7,C_Sav_40,train
-1.3143791,0.6536934,13,C_Sav_40,train
-0.27113658,0.55324715,10,C_Sav_40,train
2.010014,1.1097726,12,C_Lav_93,train
-1.0081159,-0.6319121,11,C_Lav_93,train
-0.40045968,0.28538427,10,C_Lav_93,train
0.38731706,0.68841106,13,C_Lav_93,train
-1.3830435,-1.1957427,7,C_Lav_93,train
-0.7078608,1.4563774,9,C_Lav_93,train
0.61730146,0.7079778,14,C_Lav_93,train
0.21566558,-0.9129241,8,C_Lav_93,train
2.2283647,-1.5164056,4,C_Lav_93,train
-0.518772,-0.5972627,0,C_Lav_93,train
0.13999571,-0.75889623,3,C_Lav_93,train
-0.15352705,1.2186345,1,C_Lav_93,train
1.9078721,-0.3725303,6,C_Lav_93,train
0.15214993,0.07579227,2,C_Lav_93,train
-0.23614436,1.9937316,5,C_Lav_93,train
-1.0483745,1.5171613,3,C_Savav_67,train
-0.9399113,-0.12546727,0,C_Savav_67,train
0.10550227,-1.3083913,4,C_Savav_67,train
-1.2417092,-0.18780407,5,C_Savav_67,train
2.2246346,-0.32675415,2,C_Savav_67,train
-0.5444026,0.038960535,6,C_Savav_67,train
0.8145756,-0.57008004,1,C_Savav_67,train
0.84583455,-0.7888532,11,C_Savav_67,train
-0.65991896,-1.4976728,12,C_Savav_67,train
0.09869687,1.17585,8,C_Savav_67,train
1.3417585,-0.435139,14,C_Savav_67,train
-1.2745999,2.5825613,9,C_Savav_67,train
-0.05263976,0.58049,7,C_Savav_67,train
1.4742393,-0.6413482,13,C_Savav_67,train
0.78786016,0.5547038,10,C_Savav_67,train
-3.4678872,-2.0755937,5,C_Sav_73,train
1.2487417,-0.5538048,2,C_Sav_73,train
-0.85166967,-0.43269792,6,C_Sav_73,train
-1.5331306,-2.1503446,1,C_Sav_73,train
-0.76776016,0.22521204,3,C_Sav_73,train
0.3486174,0.12928362,0,C_Sav_73,train
-1.2361066,0.75533324,4,C_Sav_73,train
1.493395,-0.02928443,8,C_Sav_73,train
0.019829215,0.26341662,14,C_Sav_73,train
0.75717646,-1.6684455,9,C_Sav_73,train
-1.5427876,-1.914154,7,C_Sav_73,train
-1.5260391,-1.0558318,13,C_Sav_73,train
-1.080744,1.5635824,10,C_Sav_73,train
0.16921905,-0.8924304,11,C_Sav_73,train
1.0827906,0.05374181,12,C_Sav_73,train
0.52857,-0.46303084,4,C_Lvav_87,train
-1.756667,1.5228051,3,C_Lvav_87,train
0.7699536,-0.39950436,0,C_Lvav_87,train
-1.0785289,-0.64779407,6,C_Lvav_87,train
0.27775714,-0.94748706,1,C_Lvav_87,train
0.9234253,0.054443885,5,C_Lvav_87,train
-1.0974023,-0.088821314,2,C_Lvav_87,train
-0.53718275,-0.47390014,12,C_Lvav_87,train
2.3621016,1.2879691,11,C_Lvav_87,train
0.57230103,-1.5855652,13,C_Lvav_87,train
1.2508248,-0.37071913,7,C_Lvav_87,train
1.340683,-1.116475,10,C_Lvav_87,train
1.1241472,0.60295606,14,C_Lvav_87,train
0.7864056,-0.23070845,8,C_Lvav_87,train
-0.72193927,1.0773728,9,C_Lvav_87,train
-1.3112712,1.7032789,9,C_Lav_73,train
-0.42689264,0.80581295,8,C_Lav_73,train
-0.9860567,-0.025113659,14,C_Lav_73,train
0.920889,0.799683,10,C_Lav_73,train
-0.0003123877,-0.52089643,7,C_Lav_73,train
0.46586424,-1.0099593,13,C_Lav_73,train
0.78312683,1.472472,11,C_Lav_73,train
1.5666531,-0.08828507,12,C_Lav_73,train
1.4461017,-1.0958769,2,C_Lav_73,train
-1.6449689,-0.2787259,5,C_Lav_73,train
0.90784514,-0.7378345,1,C_Lav_73,train
-1.2446667,0.76127946,6,C_Lav_73,train
1.3635968,0.14071488,0,C_Lav_73,train
-0.6547866,-1.5086228,3,C_Lav_73,train
-0.23943238,-0.16508189,4,C_Lav_73,train
-1.1136291,-0.9974717,1,C_Sav_97,train
0.32504556,-0.83397925,6,C_Sav_97,train
-0.8853307,-0.086995035,2,C_Sav_97,train
0.6770732,-0.7554331,5,C_Sav_97,train
-1.5812492,-1.8823023,4,C_Sav_97,train
0.7725268,-0.42123199,0,C_Sav_97,train
0.43038607,-0.14075679,3,C_Sav_97,train
0.27379233,-0.73412484,10,C_Sav_97,train
1.3397571,-0.054730915,7,C_Sav_97,train
0.29355767,-1.0590011,13,C_Sav_97,train
0.17790689,2.2267127,9,C_Sav_97,train
2.3754618,0.081287965,8,C_Sav_97,train
0.7974594,1.8684202,14,C_Sav_97,train
1.6013405,-0.9579297,12,C_Sav_97,train
0.26994976,0.5556872,11,C_Sav_97,train
-0.7579139,-0.07195734,11,C_Lava_47,train
-0.9763593,0.9088463,12,C_Lava_47,train
1.3906903,-0.5983673,9,C_Lava_47,train
1.7774339,-1.1104728,14,C_Lava_47,train
-2.3920884,-0.33118218,8,C_Lava_47,train
0.47005707,0.15670368,10,C_Lava_47,train
-0.8311434,-1.9477059,13,C_Lava_47,train
0.7920117,-0.9014525,7,C_Lava_47,train
1.2709465,0.8323397,0,C_Lava_47,train
0.34237146,-0.23804432,3,C_Lava_47,train
0.44826704,1.2482226,4,C_Lava_47,train
1.5287511,-0.039215293,2,C_Lava_47,train
1.5040828,-2.013673,5,C_Lava_47,train
-0.37980717,-0.15251575,1,C_Lava_47,train
-0.10261517,0.23023725,6,C_Lava_47,train
-0.0103397155,1.1975194,9,C_Sav_66,train
-0.8332353,0.014294884,14,C_Sav_66,train
-0.83506894,-2.008544,8,C_Sav_66,train
1.5796682,-0.43236104,10,C_Sav_66,train
0.7049651,-1.4541646,13,C_Sav_66,train
-0.9322429,-1.6250716,7,C_Sav_66,train
0.7348139,-0.19320047,11,C_Sav_66,train
-0.38433623,0.74391884,12,C_Sav_66,train
-0.33376783,-0.532195,2,C_Sav_66,train
1.0075226,-0.016572375,5,C_Sav_66,train
1.4336147,0.11987532,1,C_Sav_66,train
-0.3689769,0.2699257,6,C_Sav_66,train
1.9365299,-0.96737075,0,C_Sav_66,train
0.8160723,-0.46716186,3,C_Sav_66,train
1.7742333,-0.741043,4,C_Sav_66,train
0.09771605,-0.08148796,1,C_Sav_20,train
0.2952478,-0.91290724,6,C_Sav_20,train
-0.085065775,-0.24444386,2,C_Sav_20,train
0.35775036,1.21595,5,C_Sav_20,train
0.19345781,0.21495333,4,C_Sav_20,train
-0.2505341,-0.81914616,0,C_Sav_20,train
-0.2697203,-0.02989339,3,C_Sav_20,train
0.48472577,0.819392,10,C_Sav_20,train
1.4846661,0.86949277,13,C_Sav_20,train
1.6417674,1.3568037,7,C_Sav_20,train
0.85832524,-0.70744544,9,C_Sav_20,train
1.4158124,1.2415829,14,C_Sav_20,train
-1.1633158,2.8757699,8,C_Sav_20,train
0.96300536,0.40386617,12,C_Sav_20,train
-0.5434349,-1.4556777,11,C_Sav_20,train
0.27502096,1.6739869,12,C_Lvav_12,train
-0.30175737,1.9028518,11,C_Lvav_12,train
-1.0905187,1.0438311,7,C_Lvav_12,train
-0.25421333,-0.92656827,13,C_Lvav_12,train
-0.7940669,0.63502795,10,C_Lvav_12,train
-0.9815979,1.0394462,8,C_Lvav_12,train
-0.34839118,0.26088446,14,C_Lvav_12,train
-0.30970082,-0.5142846,9,C_Lvav_12,train
0.17980021,-0.8722172,4,C_Lvav_12,train
-1.0835323,-1.155149,3,C_Lvav_12,train
-0.9309883,-0.72018677,0,C_Lvav_12,train
0.14848065,0.027692936,6,C_Lvav_12,train
-1.255987,0.00023783871,1,C_Lvav_12,train
-2.943776,1.1980141,5,C_Lvav_12,train
0.8341422,-0.45127833,2,C_Lvav_12,train
0.20586845,-0.68769675,4,C_Lav_70,train
-0.82174766,0.16609347,3,C_Lav_70,train
-0.5065819,0.2152488,0,C_Lav_70,train
-0.708168,0.13083091,6,C_Lav_70,train
0.074730374,0.46627745,1,C_Lav_70,train
-1.5501212,-0.39887917,5,C_Lav_70,train
-0.076785885,-1.4051602,2,C_Lav_70,train
1.6355591,0.2838847,12,C_Lav_70,train
1.1849241,-1.8122575,11,C_Lav_70,train
1.2386943,0.38326716,13,C_Lav_70,train
-0.6817624,-0.3673087,7,C_Lav_70,train
-0.5520476,-0.48074585,10,C_Lav_70,train
-1.2170132,0.68988204,14,C_Lav_70,train
0.29705173,0.4130412,8,C_Lav_70,train
0.6008215,0.26069212,9,C_Lav_70,train
0.7044399,0.22153375,3,C_Savav_4,train
-1.4640827,1.6197021,0,C_Savav_4,train
-0.122843154,1.6421634,4,C_Savav_4,train
-1.3442172,-0.5352153,5,C_Savav_4,train
1.6878527,0.80071115,2,C_Savav_4,train
0.1561459,-1.0837679,6,C_Savav_4,train
1.5686285,0.21186863,1,C_Savav_4,train
-1.0231779,-0.72175956,11,C_Savav_4,train
0.48324,-0.32730204,12,C_Savav_4,train
0.049789216,0.94686997,8,C_Savav_4,train
0.87151945,-0.44561076,14,C_Savav_4,train
0.109193176,1.0561584,9,C_Savav_4,train
0.13856414,1.167057,7,C_Savav_4,train
1.2578087,0.66332644,13,C_Savav_4,train
1.7447284,0.30977324,10,C_Savav_4,train
-0.4662607,1.6224308,8,C_Savav_85,train
1.5768993,-0.34173158,14,C_Savav_85,train
0.31025952,-0.014983296,9,C_Savav_85,train
0.6404566,0.48101324,7,C_Savav_85,train
1.4673358,-0.99231577,13,C_Savav_85,train
-0.88364,-1.324484,10,C_Savav_85,train
-0.33727086,-2.904744,11,C_Savav_85,train
-0.2962841,-2.294635,12,C_Savav_85,train
-0.14156015,0.60299397,5,C_Savav_85,train
0.14012562,0.9241868,2,C_Savav_85,train
1.0968512,0.025674095,6,C_Savav_85,train
0.37407947,-1.0418751,1,C_Savav_85,train
0.31443197,0.18678012,3,C_Savav_85,train
-0.25729716,0.06853065,0,C_Savav_85,train
-0.29829654,1.2213863,4,C_Savav_85,train
0.34036812,-1.5791321,11,C_Lava_31,train
1.6986448,-0.41123724,12,C_Lava_31,train
0.5381943,1.2638507,8,C_Lava_31,train
0.8516449,0.42699206,14,C_Lava_31,train
-0.6087245,-0.9273505,9,C_Lava_31,train
-1.3834141,-0.42526495,7,C_Lava_31,train
-0.17277513,0.69977826,13,C_Lava_31,train
2.2051895,2.6082218,10,C_Lava_31,train
-0.07702577,1.0568808,3,C_Lava_31,train
-0.23645273,0.8218294,0,C_Lava_31,train
0.5124262,0.84473467,4,C_Lava_31,train
0.74203163,1.1070762,5,C_Lava_31,train
-0.4792311,0.07836806,2,C_Lava_31,train
-0.7094588,-1.5686237,6,C_Lava_31,train
1.385804,-0.14470972,1,C_Lava_31,train
0.7643156,0.71470916,12,C_Savav_65,train
-0.31319898,0.45398068,11,C_Savav_65,train
1.2349643,0.02307348,13,C_Savav_65,train
0.32212186,-1.0909529,7,C_Savav_65,train
-0.9542385,-1.9964876,10,C_Savav_65,train
-0.6365117,-1.059796,14,C_Savav_65,train
-0.8255475,0.23400554,8,C_Savav_65,train
1.996986,0.8781058,9,C_Savav_65,train
0.27835006,-0.44803417,4,C_Savav_65,train
1.5416597,1.0720334,3,C_Savav_65,train
1.4579389,0.672145,0,C_Savav_65,train
-0.5864303,1.6282763,6,C_Savav_65,train
0.18619362,0.12725995,1,C_Savav_65,train
2.7690325,0.7146397,5,C_Savav_65,train
0.12630424,-0.37294054,2,C_Savav_65,train
-2.1172624,1.4542012,0,C_Lava_19,train
0.1853326,-0.9747008,3,C_Lava_19,train
-0.081914596,0.5147794,4,C_Lava_19,train
-0.98267376,1.0831054,2,C_Lava_19,train
-1.2863566,1.2351654,5,C_Lava_19,train
0.73359436,0.21573606,1,C_Lava_19,train
0.46852782,0.2900177,6,C_Lava_19,train
0.17248808,-0.49979424,11,C_Lava_19,train
0.036432825,-0.60382885,12,C_Lava_19,train
-0.5742269,-1.4000201,9,C_Lava_19,train
-1.3032693,-1.8439014,8,C_Lava_19,train
0.75728726,-0.509369,14,C_Lava_19,train
0.0046456503,-0.6746955,10,C_Lava_19,train
-1.7476757,-0.9132884,7,C_Lava_19,train
0.4501462,-0.30517966,13,C_Lava_19,train
1.560278,-0.45826986,12,C_Lava_67,train
1.432536,0.26559484,11,C_Lava_67,train
-0.21916473,1.8929951,10,C_Lava_67,train
0.0816418,0.3168677,7,C_Lava_67,train
-0.37261605,0.6037574,13,C_Lava_67,train
0.3081117,0.6568997,9,C_Lava_67,train
-1.2021543,-1.789731,8,C_Lava_67,train
-0.16821453,1.1132226,14,C_Lava_67,train
-0.31557566,0.83407086,4,C_Lava_67,train
-1.4620079,0.93323606,0,C_Lava_67,train
-0.98757774,-1.0550741,3,C_Lava_67,train
-0.13928469,-0.7843117,1,C_Lava_67,train
-2.5036225,-0.14786243,6,C_Lava_67,train
1.0616499,0.89578646,2,C_Lava_67,train
1.1356301,-0.30543217,5,C_Lava_67,train
-1.8816873,1.1695276,4,C_Sav_19,train
0.50919443,0.14987749,3,C_Sav_19,train
-0.73779064,0.7846541,0,C_Sav_19,train
-0.38972527,-0.070766196,6,C_Sav_19,train
-0.06429921,0.15109795,1,C_Sav_19,train
-2.328057,-2.2386107,5,C_Sav_19,train
-1.0602249,-1.4714012,2,C_Sav_19,train
-0.87569493,0.63522905,12,C_Sav_19,train
-0.72135687,-0.7250164,11,C_Sav_19,train
0.66163194,-0.45203412,13,C_Sav_19,train
-0.32908165,3.0487077,7,C_Sav_19,train
-0.58528924,-0.6221021,10,C_Sav_19,train
0.003782845,-2.136111,14,C_Sav_19,train
0.15793201,-0.16024569,8,C_Sav_19,train
-0.80616903,-1.8316222,9,C_Sav_19,train
1.2890333,1.1217961,10,C_Savav_2,train
-0.7352796,-0.46249437,7,C_Savav_2,train
0.30270964,-0.16662815,13,C_Savav_2,train
0.27342105,-2.9177518,9,C_Savav_2,train
-2.2384095,-1.093466,8,C_Savav_2,train
-0.397529,-0.14043677,14,C_Savav_2,train
1.170887,0.15528655,12,C_Savav_2,train
-0.34386864,-0.5088514,11,C_Savav_2,train
1.96169,-1.0924325,1,C_Savav_2,train
-1.0503509,1.4659004,6,C_Savav_2,train
-1.0281827,-0.48355642,2,C_Savav_2,train
-0.20096181,0.082472004,5,C_Savav_2,train
0.24135405,-0.2625717,4,C_Savav_2,train
0.67191833,1.4685088,0,C_Savav_2,train
2.213187,-0.7640397,3,C_Savav_2,train
-0.45206115,2.0157049,7,C_Lvav_93,train
-1.586157,1.2474874,13,C_Lvav_93,train
0.5113119,-0.19673568,10,C_Lvav_93,train
0.20912242,-0.47058833,8,C_Lvav_93,train
-0.11381277,-1.1121411,14,C_Lvav_93,train
-0.6412452,0.7029908,9,C_Lvav_93,train
-1.3110062,0.0070711733,12,C_Lvav_93,train
-1.6466426,0.19965649,11,C_Lvav_93,train
-0.35238945,0.8125258,6,C_Lvav_93,train
-0.4326737,-0.11721856,1,C_Lvav_93,train
0.49813804,-0.4261163,5,C_Lvav_93,train
0.76297104,-0.48179156,2,C_Lvav_93,train
-2.876998,-1.9626641,4,C_Lvav_93,train
-1.6883641,1.5032995,3,C_Lvav_93,train
-0.28050777,-2.385417,0,C_Lvav_93,train
0.46537858,0.769006,2,C_Lav_54,train
0.72667724,-0.82764554,5,C_Lav_54,train
-0.12658566,0.8043171,1,C_Lav_54,train
-0.57785505,1.0748608,6,C_Lav_54,train
-0.78778714,0.24654004,0,C_Lav_54,train
-1.1658615,-0.13684893,3,C_Lav_54,train
0.023362111,-1.3994892,4,C_Lav_54,train
0.9939463,-0.423146,9,C_Lav_54,train
2.6077971,1.8578304,14,C_Lav_54,train
-0.5775408,0.20753777,8,C_Lav_54,train
1.5293043,0.630598,10,C_Lav_54,train
-1.9836133,1.3117129,13,C_Lav_54,train
-0.2868867,0.88456285,7,C_Lav_54,train
-2.0471056,-0.37583175,11,C_Lav_54,train
-0.2846973,-0.5583152,12,C_Lav_54,train
1.0179173,1.926797,12,C_Lava_11,train
0.26549217,0.13318785,11,C_Lava_11,train
-0.09041634,-1.6406112,13,C_Lava_11,train
-0.22250605,-0.9002154,7,C_Lava_11,train
0.7901023,-0.8095191,10,C_Lava_11,train
0.15399948,1.5395609,14,C_Lava_11,train
-0.029023983,1.2553213,8,C_Lava_11,train
0.14038678,1.0739818,9,C_Lava_11,train
0.97748154,-0.8689175,4,C_Lava_11,train
0.59996873,-1.2879044,3,C_Lava_11,train
0.7438242,-0.58834237,0,C_Lava_11,train
0.77978826,0.64051074,6,C_Lava_11,train
0.2583703,-0.81573665,1,C_Lava_11,train
0.7605025,0.10458706,5,C_Lava_11,train
1.4872993,-0.86016953,2,C_Lava_11,train
1.9103677,0.5298859,8,C_Lav_41,train
1.3949729,0.4388696,14,C_Lav_41,train
0.050317153,-0.76616293,9,C_Lav_41,train
-0.6373639,-0.5304748,7,C_Lav_41,train
-0.9943664,0.9140322,13,C_Lav_41,train
1.4922382,0.7223824,10,C_Lav_41,train
0.44149607,-0.55647904,11,C_Lav_41,train
1.9241401,-0.60910654,12,C_Lav_41,train
0.6432403,-1.1645987,5,C_Lav_41,train
-0.46136427,0.88967615,2,C_Lav_41,train
-2.9242842,0.23364829,6,C_Lav_41,train
-1.1520643,-0.6446547,1,C_Lav_41,train
0.6658374,-0.55074877,3,C_Lav_41,train
1.8929625,0.2908888,0,C_Lav_41,train
-2.3098805,0.5469817,4,C_Lav_41,train
-0.71004,0.32997394,1,C_Savav_88,train
0.21260303,-0.067295425,6,C_Savav_88,train
-0.90119153,0.65009195,2,C_Savav_88,train
-0.58007294,-2.3158047,5,C_Savav_88,train
-2.7931547,0.43349978,4,C_Savav_88,train
0.6041405,-0.43149894,0,C_Savav_88,train
-0.81838703,1.4025933,3,C_Savav_88,train
-1.4560245,-0.6706533,10,C_Savav_88,train
-0.022352522,2.1139185,7,C_Savav_88,train
-0.14359017,-0.24707189,13,C_Savav_88,train
1.286155,-0.68919975,9,C_Savav_88,train
1.4247653,0.23866162,8,C_Savav_88,train
-1.005534,0.1561459,14,C_Savav_88,train
0.36837083,0.110934995,12,C_Savav_88,train
1.0065593,-0.11382003,11,C_Savav_88,train
0.038400777,-0.2843333,12,C_Savav_6,train
0.17927547,0.8372427,11,C_Savav_6,train
-1.0313505,-0.87705475,13,C_Savav_6,train
-1.1617116,0.8923565,7,C_Savav_6,train
-0.9306145,-0.5995597,10,C_Savav_6,train
1.206534,-2.0711496,14,C_Savav_6,train
-1.2568069,0.61951715,8,C_Savav_6,train
-0.12203653,-0.5798523,9,C_Savav_6,train
1.4473754,-1.5805444,4,C_Savav_6,train
0.26370797,-1.1194171,3,C_Savav_6,train
0.25383735,-0.34142974,0,C_Savav_6,train
1.0219535,-0.08613283,6,C_Savav_6,train
-0.13766688,-0.34699947,1,C_Savav_6,train
0.4046007,2.492596,5,C_Savav_6,train
-1.2057325,-0.11946239,2,C_Savav_6,train
-0.0740638,-0.77755255,2,C_Lav_10,train
-0.77657515,1.3427855,5,C_Lav_10,train
-0.32030007,-0.98783314,1,C_Lav_10,train
0.13300121,-0.20841344,6,C_Lav_10,train
-0.5094697,-0.5019191,0,C_Lav_10,train
-0.083942406,-0.542182,3,C_Lav_10,train
0.16291097,1.8149453,4,C_Lav_10,train
-0.09676669,-1.574435,9,C_Lav_10,train
0.43912205,-0.6371299,8,C_Lav_10,train
-0.9972881,0.18645811,14,C_Lav_10,train
0.04579036,-0.20089823,10,C_Lav_10,train
-0.6948524,-0.8899678,7,C_Lav_10,train
-2.4143462,0.39587137,13,C_Lav_10,train
1.3563632,-2.1294324,11,C_Lav_10,train
0.36331272,-0.7943887,12,C_Lav_10,train
0.9543073,0.6813332,13,C_Lava_63,train
1.4882878,0.32404992,7,C_Lava_63,train
0.082182825,-1.8476938,10,C_Lava_63,train
0.43457982,-0.9372132,14,C_Lava_63,train
0.011094578,0.18698129,8,C_Lava_63,train
0.83190244,0.732903,9,C_Lava_63,train
-1.4219773,0.8390431,12,C_Lava_63,train
1.6392006,0.6775324,11,C_Lava_63,train
-0.3851931,0.6928388,6,C_Lava_63,train
-0.42749974,-0.21848646,1,C_Lava_63,train
-0.045104254,0.36836433,5,C_Lava_63,train
0.81977224,0.6894152,2,C_Lava_63,train
0.26183146,-0.14616859,4,C_Lava_63,train
1.2624542,0.02482238,3,C_Lava_63,train
1.0869421,-0.57853514,0,C_Lava_63,train
0.80446064,-1.0860738,7,C_Sav_35,train
-0.31959304,-1.1427562,13,C_Sav_35,train
2.20798,0.7197312,10,C_Sav_35,train
-2.7783375,-0.29446885,8,C_Sav_35,train
0.7478246,0.23807117,14,C_Sav_35,train
-1.485283,1.0908481,9,C_Sav_35,train
0.30817586,0.86902136,12,C_Sav_35,train
0.16797528,0.24431673,11,C_Sav_35,train
-0.36913744,0.7131131,6,C_Sav_35,train
-0.63029927,-0.32793128,1,C_Sav_35,train
-0.34603456,0.16030586,5,C_Sav_35,train
0.33634904,0.48260695,2,C_Sav_35,train
-0.16915454,-0.13753235,4,C_Sav_35,train
-0.1114699,-1.1724089,3,C_Sav_35,train
1.0601512,-0.4208917,0,C_Sav_35,train
-0.6738279,1.7021159,1,C_Lav_71,train
-0.8752743,-0.7817208,6,C_Lav_71,train
-0.6501645,-1.6500273,2,C_Lav_71,train
-1.0098747,-0.12191944,5,C_Lav_71,train
-0.49494275,-0.122339346,4,C_Lav_71,train
-0.7389704,0.95609385,0,C_Lav_71,train
0.20045882,-1.2887346,3,C_Lav_71,train
1.1772811,1.2967712,10,C_Lav_71,train
-0.45356104,0.24277872,13,C_Lav_71,train
-0.9570833,-1.0997221,7,C_Lav_71,train
-0.6346001,0.79772747,9,C_Lav_71,train
1.8706473,-0.7069192,14,C_Lav_71,train
0.03197487,-0.42959183,8,C_Lav_71,train
0.80136615,0.2558644,12,C_Lav_71,train
-0.76520234,-1.1233801,11,C_Lav_71,train
-0.5330358,0.23836207,1,C_Sav_64,train
1.8163798,0.60859334,6,C_Sav_64,train
0.11028043,1.0402993,2,C_Sav_64,train
-1.2174634,2.4961145,5,C_Sav_64,train
0.16289711,0.0990636,4,C_Sav_64,train
-0.19930513,1.8888829,0,C_Sav_64,train
0.23097661,-0.46282876,3,C_Sav_64,train
-0.0689337,1.3396889,10,C_Sav_64,train
-1.3632708,0.86956656,7,C_Sav_64,train
-0.84050107,0.14192146,13,C_Sav_64,train
0.8258435,0.5062234,9,C_Sav_64,train
0.16498151,-0.045233764,8,C_Sav_64,train
0.5718598,2.13871,14,C_Sav_64,train
-0.7295738,2.0576882,12,C_Sav_64,train
0.79900146,-0.07563032,11,C_Sav_64,train
-0.30999303,-0.6770529,2,C_Savav_95,train
-0.12585804,0.12144428,5,C_Savav_95,train
-0.25983834,2.2814238,1,C_Savav_95,train
-0.32966715,-0.65104955,6,C_Savav_95,train
-0.7247523,0.20008112,0,C_Savav_95,train
0.0024915002,-0.06504663,3,C_Savav_95,train
-0.8115619,-0.35101408,4,C_Savav_95,train
-0.08396007,-0.7716814,9,C_Savav_95,train
-0.10025514,1.0004151,8,C_Savav_95,train
0.20763564,-0.7570891,14,C_Savav_95,train
-0.34034845,-0.0494498,10,C_Savav_95,train
-0.4398886,-0.042892337,7,C_Savav_95,train
-0.6283516,-0.29806536,13,C_Savav_95,train
1.6014634,-0.25269178,11,C_Savav_95,train
0.30912006,0.8175116,12,C_Savav_95,train
-0.10032482,-0.07632404,1,C_Lav_87,train
0.43661132,1.7944708,6,C_Lav_87,train
-1.6667733,-1.0377477,2,C_Lav_87,train
-0.25436026,-0.3699809,5,C_Lav_87,train
-0.096608795,-0.050736707,4,C_Lav_87,train
1.371249,-2.0774093,0,C_Lav_87,train
0.8106063,1.4861836,3,C_Lav_87,train
0.2687183,-0.5079677,10,C_Lav_87,train
-1.1213706,-1.924666,7,C_Lav_87,train
0.382338,-0.80246127,13,C_Lav_87,train
-0.25156662,-0.67168623,9,C_Lav_87,train
-0.38169217,0.042041495,8,C_Lav_87,train
0.059018902,-0.59076357,14,C_Lav_87,train
-0.3079145,-0.8889358,12,C_Lav_87,train
0.1322701,0.4792743,11,C_Lav_87,train
0.1509796,-0.13806269,7,C_Lvav_19,train
0.40356174,-0.25270486,13,C_Lvav_19,train
-1.1275874,-0.34752637,10,C_Lvav_19,train
0.860935,-0.41342333,8,C_Lvav_19,train
0.039995458,-0.013751775,14,C_Lvav_19,train
1.1748194,0.58335567,9,C_Lvav_19,train
-0.7227885,0.3091609,12,C_Lvav_19,train
-0.9909699,0.8777135,11,C_Lvav_19,train
1.177078,0.9115263,6,C_Lvav_19,train
-0.08368637,0.13240293,1,C_Lvav_19,train
0.33710355,0.61787134,5,C_Lvav_19,train
0.3187282,0.7538082,2,C_Lvav_19,train
-0.64200675,2.0673325,4,C_Lvav_19,train
-1.0023056,0.90412414,3,C_Lvav_19,train
-0.42388535,-1.0027716,0,C_Lvav_19,train
0.47576067,-0.15496865,6,C_Savav_74,train
0.88371587,-0.10531915,1,C_Savav_74,train
-2.1190383,0.7507462,5,C_Savav_74,train
0.7404821,1.494947,2,C_Savav_74,train
-1.0755336,-0.120866336,4,C_Savav_74,train
0.68203604,0.34258458,3,C_Savav_74,train
-1.5119416,1.1171353,0,C_Savav_74,train
1.1087424,0.8438771,13,C_Savav_74,train
-1.0918252,0.21798375,7,C_Savav_74,train
-0.21799684,-1.2130864,10,C_Savav_74,train
-0.9461143,0.1824178,14,C_Savav_74,train
-2.1035497,-1.4420401,8,C_Savav_74,train
0.24737906,-0.29081398,9,C_Savav_74,train
0.63560396,-0.5245218,12,C_Savav_74,train
0.09176269,1.3255442,11,C_Savav_74,train
-0.35385215,1.7736771,11,C_Sav_11,train
-0.5788506,-1.0364205,12,C_Sav_11,train
-1.7905887,-0.4177581,9,C_Sav_11,train
0.279976,0.4479134,8,C_Sav_11,train
-1.4368156,1.6248606,14,C_Sav_11,train
0.5840952,-1.0416219,10,C_Sav_11,train
1.2157912,0.5381361,7,C_Sav_11,train
-0.73213744,0.9196617,13,C_Sav_11,train
0.7153548,1.0970455,0,C_Sav_11,train
-1.6508994,-0.32994875,3,C_Sav_11,train
-0.39556545,-1.4997642,4,C_Sav_11,train
-1.3297874,0.23513073,2,C_Sav_11,train
-0.44781512,1.1494629,5,C_Sav_11,train
1.7201835,0.45542347,1,C_Sav_11,train
1.8196527,-1.1356869,6,C_Sav_11,train
-0.31870034,-2.572636,0,C_Lav_91,train
-1.0656787,1.1764207,3,C_Lav_91,train
-1.0684406,-1.3548276,4,C_Lav_91,train
-1.0419298,0.006385496,2,C_Lav_91,train
-0.83415174,0.40672666,5,C_Lav_91,train
0.20553926,-1.3451719,1,C_Lav_91,train
-0.731272,-0.19391102,6,C_Lav_91,train
2.9392004,0.17960697,11,C_Lav_91,train
-1.0192138,-0.44796482,12,C_Lav_91,train
0.2781262,-0.00777327,9,C_Lav_91,train
1.2099549,0.7067458,8,C_Lav_91,train
-0.36972257,-0.15692322,14,C_Lav_91,train
-2.0146365,-0.3246296,10,C_Lav_91,train
0.39001217,0.29350188,7,C_Lav_91,train
-1.993553,1.0074717,13,C_Lav_91,train
-0.008383505,-0.25851136,12,C_Lava_68,train
0.7581094,0.4175689,11,C_Lava_68,train
0.1381329,-0.99973524,13,C_Lava_68,train
-1.1447878,1.1246228,7,C_Lava_68,train
0.02618192,0.20422949,10,C_Lava_68,train
0.019219935,0.19354117,14,C_Lava_68,train
-0.03510427,-0.51225364,8,C_Lava_68,train
0.6114379,-1.1031901,9,C_Lava_68,train
-0.9744019,-1.3242435,4,C_Lava_68,train
1.2384796,0.7543512,3,C_Lava_68,train
0.43483925,1.3851726,0,C_Lava_68,train
1.0880421,1.2049328,6,C_Lava_68,train
0.05103405,-0.38118482,1,C_Lava_68,train
-2.1568582,-0.9856263,5,C_Lava_68,train
1.9611855,-0.7416533,2,C_Lava_68,train
1.4106507,-0.07665299,14,C_Savav_32,train
0.7713459,0.99988145,8,C_Savav_32,train
0.083780296,-1.118706,9,C_Savav_32,train
0.41543123,0.37737465,13,C_Savav_32,train
-0.6633967,-0.079296134,7,C_Savav_32,train
-0.93287534,0.30717686,10,C_Savav_32,train
-0.01960346,0.55649334,11,C_Savav_32,train
-0.75250024,0.12112125,12,C_Savav_32,train
-0.47295308,-1.4514428,5,C_Savav_32,train
-0.22080958,-1.3883564,2,C_Savav_32,train
0.9080194,2.548653,6,C_Savav_32,train
-0.6608776,0.29331332,1,C_Savav_32,train
0.23072596,-0.25486964,3,C_Savav_32,train
-0.89447975,0.11481318,0,C_Savav_32,train
0.38468292,0.44349343,4,C_Savav_32,train
-1.3456444,-0.88666075,11,C_Lav_77,train
-0.078845225,-0.3708172,12,C_Lav_77,train
1.8409926,-0.36099,14,C_Lav_77,train
-1.105017,0.8787698,8,C_Lav_77,train
1.1411393,1.2535242,9,C_Lav_77,train
-2.039592,0.8572074,13,C_Lav_77,train
0.40787727,1.1053323,7,C_Lav_77,train
-0.018248407,0.2274764,10,C_Lav_77,train
0.06570961,-0.6228786,3,C_Lav_77,train
0.15218124,-1.4044092,0,C_Lav_77,train
-0.8861381,-0.4922291,4,C_Lav_77,train
-1.2836655,0.4465298,5,C_Lav_77,train
-0.016023364,1.4957949,2,C_Lav_77,train
-1.1797714,-0.55400014,6,C_Lav_77,train
0.03495886,-0.40079162,1,C_Lav_77,train
0.4826791,-0.35456252,10,C_Savav_64,train
-0.07197122,0.48666787,13,C_Savav_64,train
2.2131476,-1.2455878,7,C_Savav_64,train
-0.624441,-0.01951087,9,C_Savav_64,train
0.33465356,-0.5169225,14,C_Savav_64,train
-0.113701105,0.47681746,8,C_Savav_64,train
1.282665,-0.28318402,12,C_Savav_64,train
-0.6308558,0.37563804,11,C_Savav_64,train
1.196533,-0.7706919,1,C_Savav_64,train
0.11012167,1.5947378,6,C_Savav_64,train
-0.5739405,-2.7326078,2,C_Savav_64,train
-1.3303646,-0.7666774,5,C_Savav_64,train
-0.37657446,1.247089,4,C_Savav_64,train
0.828397,-1.3740516,0,C_Savav_64,train
0.2507237,2.0173235,3,C_Savav_64,train
0.7109035,1.7875627,5,C_Lav_66,train
1.6701578,-2.815476,2,C_Lav_66,train
-0.20880824,-0.6519325,6,C_Lav_66,train
0.5018866,0.10679823,1,C_Lav_66,train
-1.5266751,-0.59891057,3,C_Lav_66,train
-0.20115165,0.07661775,0,C_Lav_66,train
0.5343383,-0.86034656,4,C_Lav_66,train
-0.7860726,-0.72172505,14,C_Lav_66,train
-1.7535757,-0.8761564,8,C_Lav_66,train
-1.5142665,-1.1050155,9,C_Lav_66,train
0.013232903,-0.077239566,13,C_Lav_66,train
0.86205107,1.1033895,7,C_Lav_66,train
-0.40483022,-0.41193813,10,C_Lav_66,train
0.8495945,0.5589143,11,C_Lav_66,train
-0.6149953,-0.9478407,12,C_Lav_66,train
0.41977227,-0.30647442,2,C_Savav_90,train
-2.3374507,-0.32748583,5,C_Savav_90,train
-0.39984244,1.2336711,1,C_Savav_90,train
-0.75586647,0.5478672,6,C_Savav_90,train
-0.49992034,-0.06696818,0,C_Savav_90,train
1.1764373,-0.24515492,3,C_Savav_90,train
-0.68996173,1.0944451,4,C_Savav_90,train
-0.067493975,-0.7374655,9,C_Savav_90,train
-0.3656575,-0.10662622,14,C_Savav_90,train
-0.26295164,-0.457926,8,C_Savav_90,train
0.34857965,-0.48750913,10,C_Savav_90,train
-0.76946515,-2.1383283,13,C_Savav_90,train
0.67567015,-0.3835751,7,C_Savav_90,train
-1.5785828,1.4539171,11,C_Savav_90,train
-0.6784473,-0.5799898,12,C_Savav_90,train
0.3313477,-1.2107673,4,C_Lav_86,train
0.13568662,2.0446336,3,C_Lav_86,train
-0.5079556,0.33353367,0,C_Lav_86,train
0.05248715,0.07495908,6,C_Lav_86,train
0.62631,0.064120896,1,C_Lav_86,train
-0.52824193,-1.3531018,5,C_Lav_86,train
2.8599195,0.8347085,2,C_Lav_86,train
-0.03769672,0.30338934,12,C_Lav_86,train
-0.5144817,0.21685134,11,C_Lav_86,train
0.020405596,1.4091209,7,C_Lav_86,train
0.77015126,-0.17040452,13,C_Lav_86,train
0.73209965,0.6383745,10,C_Lav_86,train
-1.2676771,1.3821957,8,C_Lav_86,train
0.56707686,1.6284237,14,C_Lav_86,train
-0.24944264,-0.124662824,9,C_Lav_86,train
0.14506531,-1.1503545,12,C_Lava_29,train
1.3728243,0.6106422,11,C_Lava_29,train
-1.0072215,-0.9953908,13,C_Lava_29,train
-0.01504612,0.09993747,7,C_Lava_29,train
-0.1650483,-0.4605564,10,C_Lava_29,train
0.20708999,-1.2789545,14,C_Lava_29,train
0.11095009,-1.0935175,8,C_Lava_29,train
-1.0297627,1.0517076,9,C_Lava_29,train
0.62091863,0.08896565,4,C_Lava_29,train
-0.15278012,-0.068438,3,C_Lava_29,train
-0.71901715,-0.036980487,0,C_Lava_29,train
0.3388798,0.620762,6,C_Lava_29,train
0.827695,-0.53436315,1,C_Lava_29,train
-1.4337986,-0.6685887,5,C_Lava_29,train
0.2900074,-0.25701073,2,C_Lava_29,train
0.3616804,-0.5323824,4,C_Lava_77,train
-0.77543354,2.3834975,3,C_Lava_77,train
-0.506087,-0.5950626,0,C_Lava_77,train
-2.705775,1.7389977,6,C_Lava_77,train
1.4333326,0.49646655,1,C_Lava_77,train
1.5459641,-0.11223255,5,C_Lava_77,train
0.32296276,0.23135138,2,C_Lava_77,train
2.107585,0.29464146,12,C_Lava_77,train
0.6807984,-0.19982678,11,C_Lava_77,train
1.4922004,-0.3520871,7,C_Lava_77,train
-0.75345975,1.1983513,13,C_Lava_77,train
0.7105228,-0.73815024,10,C_Lava_77,train
0.7954882,2.158157,8,C_Lava_77,train
-0.64848566,0.047077306,14,C_Lava_77,train
1.6849122,1.712464,9,C_Lava_77,train
2.008812,-0.4586993,4,C_Lav_34,train
0.023129977,-0.13886729,3,C_Lav_34,train
-1.5080508,-0.31649032,0,C_Lav_34,train
-0.29730964,1.1400468,6,C_Lav_34,train
-0.22308734,0.4707678,1,C_Lav_34,train
0.18978417,-0.8333695,5,C_Lav_34,train
-0.7522696,0.426476,2,C_Lav_34,train
-0.37207845,-0.22410968,12,C_Lav_34,train
1.2417638,0.2242752,11,C_Lav_34,train
0.19040662,-1.223846,7,C_Lav_34,train
-0.88904905,-0.19717401,13,C_Lav_34,train
-0.8446237,-0.6001543,10,C_Lav_34,train
-0.95182776,0.00013782037,8,C_Lav_34,train
-0.16511817,0.20792902,14,C_Lav_34,train
-0.46442962,1.0693666,9,C_Lav_34,train
-0.25028896,0.4130223,7,C_Lvav_58,train
-0.873343,-1.2710341,13,C_Lvav_58,train
0.8802966,1.3302362,10,C_Lvav_58,train
0.255099,0.16697259,8,C_Lvav_58,train
0.81566525,-1.2157544,14,C_Lvav_58,train
-0.047365673,1.4951124,9,C_Lvav_58,train
-0.74085414,-0.026959896,12,C_Lvav_58,train
0.55166054,-0.4326433,11,C_Lvav_58,train
-0.52781755,0.5844385,6,C_Lvav_58,train
-0.25098458,-0.6138533,1,C_Lvav_58,train
0.643118,-0.18610686,5,C_Lvav_58,train
-0.085934505,-3.025596,2,C_Lvav_58,train
-0.55578464,-0.055559736,4,C_Lvav_58,train
-1.3423829,-0.678982,3,C_Lvav_58,train
-1.0146585,0.517993,0,C_Lvav_58,train
1.7997588,-0.72397846,7,C_Lvav_21,train
-1.7825956,1.3891838,13,C_Lvav_21,train
0.3195305,-0.20548064,10,C_Lvav_21,train
1.2500224,0.26549459,8,C_Lvav_21,train
-1.1779788,-1.3477055,14,C_Lvav_21,train
-0.4107242,-0.110560134,9,C_Lvav_21,train
-0.41050667,-1.7535096,12,C_Lvav_21,train
0.4414133,0.6286585,11,C_Lvav_21,train
0.32552844,1.3234575,6,C_Lvav_21,train
0.8984283,1.6366711,1,C_Lvav_21,train
-0.016248707,-0.0059356783,5,C_Lvav_21,train
0.61136764,-1.2432382,2,C_Lvav_21,train
0.0070548835,-0.5192172,4,C_Lvav_21,train
0.33574364,0.9030028,3,C_Lvav_21,train
-0.31820893,0.77747196,0,C_Lvav_21,train
-0.14946061,-0.5656951,4,C_Savav_34,train
-1.4046966,2.2746956,0,C_Savav_34,train
-1.7365949,2.3477306,3,C_Savav_34,train
0.40969038,-0.24219081,1,C_Savav_34,train
-0.59320736,-0.0011724449,6,C_Savav_34,train
0.78672475,0.39073893,2,C_Savav_34,train
-1.0035181,0.41354665,5,C_Savav_34,train
2.066689,0.28339392,12,C_Savav_34,train
-0.91350645,0.29406652,11,C_Savav_34,train
0.4347992,0.14816481,10,C_Savav_34,train
-0.12894201,0.9997313,13,C_Savav_34,train
-0.042338636,0.88030636,7,C_Savav_34,train
0.022507094,0.17675743,9,C_Savav_34,train
0.24320397,-0.5644161,14,C_Savav_34,train
0.47672516,-0.78369296,8,C_Savav_34,train
-0.46939558,-1.572672,12,C_Lav_19,train
0.8188765,-0.28571627,11,C_Lav_19,train
0.7185348,0.28586984,10,C_Lav_19,train
-1.1010704,0.5855206,13,C_Lav_19,train
0.46627122,0.20363635,7,C_Lav_19,train
1.2543383,-0.6247809,9,C_Lav_19,train
-2.2733326,1.867907,14,C_Lav_19,train
1.9009284,-0.27257773,8,C_Lav_19,train
1.559302,0.26672703,4,C_Lav_19,train
0.105637506,-0.41810668,0,C_Lav_19,train
1.6212137,0.909405,3,C_Lav_19,train
0.74075025,-0.8472915,1,C_Lav_19,train
-1.2528408,-0.7915917,6,C_Lav_19,train
0.5334705,1.199128,2,C_Lav_19,train
0.8814607,0.668093,5,C_Lav_19,train
0.8594591,-1.5984519,5,C_Savav_51,train
0.4607931,-0.7571333,2,C_Savav_51,train
1.9852611,-0.79446536,6,C_Savav_51,train
0.50574577,2.019322,1,C_Savav_51,train
-0.55931246,0.43445683,3,C_Savav_51,train
0.7059125,-0.20310494,0,C_Savav_51,train
0.6216666,0.09816184,4,C_Savav_51,train
-0.056399107,0.12982576,14,C_Savav_51,train
0.37681818,0.5053948,8,C_Savav_51,train
-1.3971479,-0.77771556,9,C_Savav_51,train
0.6517028,-0.07930737,13,C_Savav_51,train
1.6410494,-0.25699675,7,C_Savav_51,train
0.44782388,1.0536458,10,C_Savav_51,train
-1.0606565,-0.8867476,11,C_Savav_51,train
0.018559553,0.28126055,12,C_Savav_51,train
-1.5199727,-0.84122807,12,C_Savav_3,train
-0.442771,-0.770179,11,C_Savav_3,train
-1.3679427,-0.12232446,7,C_Savav_3,train
-0.5705549,-1.88819,13,C_Savav_3,train
0.16753337,1.9477985,10,C_Savav_3,train
0.9115883,-0.29142052,8,C_Savav_3,train
0.38233566,-0.63558614,14,C_Savav_3,train
-1.8829569,0.24327755,9,C_Savav_3,train
0.9807051,-1.3738518,4,C_Savav_3,train
-1.1145594,1.0782402,3,C_Savav_3,train
0.06628605,0.54073244,0,C_Savav_3,train
2.758064,-0.6130037,6,C_Savav_3,train
0.63026214,0.08593153,1,C_Savav_3,train
-1.4566449,0.39865547,5,C_Savav_3,train
3.1627278,0.47332314,2,C_Savav_3,train
0.60076267,-0.4516213,2,C_Savav_5,train
-0.41885355,1.5589056,5,C_Savav_5,train
-1.1423928,-0.7090935,1,C_Savav_5,train
-0.23291837,-0.9663639,6,C_Savav_5,train
-1.1853746,-0.43105444,0,C_Savav_5,train
-0.25730264,0.045165315,3,C_Savav_5,train
-0.6164584,-0.7298767,4,C_Savav_5,train
-0.5589234,-1.0825727,9,C_Savav_5,train
-0.6436287,0.06767501,8,C_Savav_5,train
-0.87012094,-1.230942,14,C_Savav_5,train
-0.6566236,-0.9233118,10,C_Savav_5,train
0.7772545,0.36301395,7,C_Savav_5,train
1.9348466,-0.61994594,13,C_Savav_5,train
0.9922319,0.994934,11,C_Savav_5,train
-1.1769342,0.36264968,12,C_Savav_5,train
-2.2053387,-0.30601987,12,C_Lvav_18,train
0.9573895,0.3354904,11,C_Lvav_18,train
-2.3598888,-0.46946225,10,C_Lvav_18,train
0.25323454,0.5778319,7,C_Lvav_18,train
0.4831971,-0.9671446,13,C_Lvav_18,train
-0.6958657,-0.27811486,9,C_Lvav_18,train
-0.3968044,1.0224643,8,C_Lvav_18,train
0.46864218,-0.8403204,14,C_Lvav_18,train
0.8909205,1.1013247,4,C_Lvav_18,train
-1.1325749,0.8636402,0,C_Lvav_18,train
0.31647256,-0.044649404,3,C_Lvav_18,train
0.51907283,1.3073975,1,C_Lvav_18,train
0.044965878,-0.11162045,6,C_Lvav_18,train
0.5179135,-0.5175216,2,C_Lvav_18,train
-0.43467963,-0.12744492,5,C_Lvav_18,train
0.42706448,-0.6066975,14,C_Sav_54,train
0.71117043,-0.44256946,8,C_Sav_54,train
-1.4850712,-0.44063964,9,C_Sav_54,train
-0.9922005,-0.7846386,13,C_Sav_54,train
2.2007966,-1.8314637,7,C_Sav_54,train
1.1510154,-0.20257333,10,C_Sav_54,train
0.22176461,-0.4548819,11,C_Sav_54,train
-0.37825012,-0.51695937,12,C_Sav_54,train
0.12637219,0.15010658,5,C_Sav_54,train
2.3725185,1.0023739,2,C_Sav_54,train
-1.5477363,0.2835566,6,C_Sav_54,train
-0.21907997,-0.45334256,1,C_Sav_54,train
0.4014771,0.59880483,3,C_Sav_54,train
-1.3141888,-0.3545304,0,C_Sav_54,train
-0.3557078,-1.4244572,4,C_Sav_54,train
0.11767844,1.117785,9,C_Savav_41,train
-0.604056,-0.69585526,14,C_Savav_41,train
0.74693465,0.35700917,8,C_Savav_41,train
0.6763617,-0.688252,10,C_Savav_41,train
-2.7818122,-1.2934971,13,C_Savav_41,train
1.8856711,0.98569024,7,C_Savav_41,train
0.76978546,0.24818417,11,C_Savav_41,train
1.2993635,2.0326536,12,C_Savav_41,train
-1.0899816,0.7303758,2,C_Savav_41,train
0.5074602,-0.21948726,5,C_Savav_41,train
0.37086248,1.1972289,1,C_Savav_41,train
-1.9604925,-1.3962425,6,C_Savav_41,train
-0.77119255,-0.99185354,0,C_Savav_41,train
-2.135197,0.08153376,3,C_Savav_41,train
0.4895207,-0.37930572,4,C_Savav_41,train
-0.9289137,1.2589693,6,C_Lava_44,train
1.0596358,-0.6647405,1,C_Lava_44,train
-0.9328245,-2.1055965,5,C_Lava_44,train
0.30536023,0.116239734,2,C_Lava_44,train
-2.3650005,-0.5092517,4,C_Lava_44,train
1.7692293,0.43716085,3,C_Lava_44,train
-1.6125655,-0.42219186,0,C_Lava_44,train
-0.4331916,0.38774854,7,C_Lava_44,train
-0.17294258,0.4533092,13,C_Lava_44,train
-0.3110994,-0.46842673,10,C_Lava_44,train
0.12747586,2.1491668,8,C_Lava_44,train
0.0682923,-0.22053796,14,C_Lava_44,train
-0.79645586,-0.50738907,9,C_Lava_44,train
0.8442275,-0.183673,12,C_Lava_44,train
-0.14752087,-0.35221002,11,C_Lava_44,train
1.3599162,-2.0290327,12,C_Lvav_20,train
0.36506242,-0.622588,11,C_Lvav_20,train
-0.8462635,1.1168563,10,C_Lvav_20,train
-1.3324008,1.5044955,7,C_Lvav_20,train
1.5032754,0.45801845,13,C_Lvav_20,train
-0.50068367,-1.3884126,9,C_Lvav_20,train
-1.5066543,1.7579442,8,C_Lvav_20,train
-0.4742699,0.1785123,14,C_Lvav_20,train
-0.6433306,0.8252926,4,C_Lvav_20,train
-0.19264516,1.7059699,0,C_Lvav_20,train
-0.52387476,1.5920708,3,C_Lvav_20,train
-0.18436104,-0.12304068,1,C_Lvav_20,train
0.3286957,-0.15352586,6,C_Lvav_20,train
-0.909486,0.0909985,2,C_Lvav_20,train
0.5658782,0.5958114,5,C_Lvav_20,train
-0.9509416,1.203615,11,C_Lav_72,train
1.3991491,-1.4621564,12,C_Lav_72,train
-1.7734104,1.9606706,8,C_Lav_72,train
0.47770473,-1.0655241,14,C_Lav_72,train
-0.58500427,0.84512043,9,C_Lav_72,train
-0.34134957,-0.9493375,7,C_Lav_72,train
-0.48760816,-0.9986123,13,C_Lav_72,train
-0.79841006,-0.36679232,10,C_Lav_72,train
0.24917404,0.8793167,3,C_Lav_72,train
-0.6443917,-2.1929786,0,C_Lav_72,train
0.4889647,0.14386983,4,C_Lav_72,train
-0.6796544,0.49982348,5,C_Lav_72,train
1.4917198,1.9671562,2,C_Lav_72,train
0.14720047,0.40092885,6,C_Lav_72,train
-0.152966,0.33795416,1,C_Lav_72,train
0.035635624,0.38639587,11,C_Sav_29,train
-2.0690367,-0.10171247,12,C_Sav_29,train
0.15150248,-1.228699,9,C_Sav_29,train
1.7439339,-0.21543601,8,C_Sav_29,train
-1.552449,1.0440582,14,C_Sav_29,train
-0.68662643,-1.0101192,10,C_Sav_29,train
-1.0075587,-0.60445774,7,C_Sav_29,train
-1.3072871,-1.4212942,13,C_Sav_29,train
0.7044793,-1.1414784,0,C_Sav_29,train
-0.3475753,-0.38474333,3,C_Sav_29,train
1.0641165,-2.4896114,4,C_Sav_29,train
0.408663,0.6617556,2,C_Sav_29,train
0.84936655,-0.7565573,5,C_Sav_29,train
0.6546249,0.22001638,1,C_Sav_29,train
-0.08218152,0.5409499,6,C_Sav_29,train
-0.37888145,1.9423182,14,C_Lvav_39,train
0.4076551,1.5575757,8,C_Lvav_39,train
-1.1648564,-0.9814155,9,C_Lvav_39,train
-0.918528,-0.9932549,13,C_Lvav_39,train
1.3847522,-0.4651145,7,C_Lvav_39,train
-0.1417233,0.6897928,10,C_Lvav_39,train
-2.1182475,-0.67702,11,C_Lvav_39,train
0.08921543,-0.80842054,12,C_Lvav_39,train
0.5678886,-0.55723524,5,C_Lvav_39,train
-0.2982807,-0.550925,2,C_Lvav_39,train
-0.91903967,-2.5373955,6,C_Lvav_39,train
-1.5221986,1.7198818,1,C_Lvav_39,train
0.2720158,-0.78605604,3,C_Lvav_39,train
0.16295448,0.19681266,0,C_Lvav_39,train
1.9353286,-0.030338136,4,C_Lvav_39,train
-0.50966626,-2.2579389,2,C_Lava_56,train
1.4845953,0.99272615,5,C_Lava_56,train
0.8669754,0.76850826,1,C_Lava_56,train
-1.4426144,0.94622076,6,C_Lava_56,train
0.7894037,0.4038551,0,C_Lava_56,train
-0.7249514,-0.70979685,3,C_Lava_56,train
-0.68968505,-0.23934627,4,C_Lava_56,train
0.5619455,0.35128918,9,C_Lava_56,train
-0.5132748,-0.47548556,14,C_Lava_56,train
-0.12363972,1.1367834,8,C_Lava_56,train
-0.7950676,-0.8878735,10,C_Lava_56,train
-0.28416687,0.43868947,13,C_Lava_56,train
1.0685718,2.9602883,7,C_Lava_56,train
-0.8710121,-0.40341675,11,C_Lava_56,train
1.1653969,-1.6961935,12,C_Lava_56,train
0.90190434,-1.1701332,12,C_Lav_52,train
0.112621576,-1.1733037,11,C_Lav_52,train
-0.7681444,-0.24926049,13,C_Lav_52,train
0.40742916,-0.47439513,7,C_Lav_52,train
0.24241975,0.40630168,10,C_Lav_52,train
-0.946239,1.1969175,14,C_Lav_52,train
0.35097533,-0.31294018,8,C_Lav_52,train
0.30079946,-0.7138675,9,C_Lav_52,train
-0.15710743,2.0919094,4,C_Lav_52,train
-0.6521429,0.06290001,3,C_Lav_52,train
-1.9289521,1.1750791,0,C_Lav_52,train
1.5437503,0.90100294,6,C_Lav_52,train
-0.58157706,0.41268626,1,C_Lav_52,train
1.9937409,-1.1404951,5,C_Lav_52,train
-1.007155,0.8936441,2,C_Lav_52,train
-1.1720401,0.41200104,11,C_Sav_26,train
2.4271224,0.12145788,12,C_Sav_26,train
0.45451725,-0.15313116,14,C_Sav_26,train
0.83850896,0.8635659,8,C_Sav_26,train
-2.0700467,-0.25893518,9,C_Sav_26,train
0.23812826,-0.21117158,13,C_Sav_26,train
0.81788284,-0.6050328,7,C_Sav_26,train
2.0314426,1.4235536,10,C_Sav_26,train
-0.07493074,-0.34076938,3,C_Sav_26,train
-0.0111589,-2.6868834,0,C_Sav_26,train
-0.42610958,0.9701088,4,C_Sav_26,train
0.096660145,0.04829143,5,C_Sav_26,train
-0.63677627,-0.23310564,2,C_Sav_26,train
-2.0425823,1.3618578,6,C_Sav_26,train
0.13528001,0.3869268,1,C_Sav_26,train
1.0788819,1.8632582,9,C_Lav_80,train
0.030700833,0.3865512,8,C_Lav_80,train
0.7253515,2.7581992,14,C_Lav_80,train
0.2641173,-0.6306216,10,C_Lav_80,train
0.4694238,-0.23041996,7,C_Lav_80,train
0.22710429,1.1117272,13,C_Lav_80,train
0.769832,0.24914001,11,C_Lav_80,train
1.2798623,-1.201016,12,C_Lav_80,train
-1.441158,-1.2398263,2,C_Lav_80,train
-1.493316,-0.5168415,5,C_Lav_80,train
-1.0553174,-1.1339175,1,C_Lav_80,train
-0.06907518,-1.3107113,6,C_Lav_80,train
-1.8993353,0.06472938,0,C_Lav_80,train
-0.81149817,0.9017561,3,C_Lav_80,train
-0.37582502,-0.31403506,4,C_Lav_80,train
1.5445979,0.6965033,5,C_Lvav_4,train
1.9430864,-0.037393834,2,C_Lvav_4,train
-1.0993603,-0.46795106,6,C_Lvav_4,train
1.4236945,0.5665183,1,C_Lvav_4,train
0.10263994,0.62045944,3,C_Lvav_4,train
-0.11468586,0.93924236,0,C_Lvav_4,train
-0.578573,-0.90646595,4,C_Lvav_4,train
-0.36669707,0.61437416,14,C_Lvav_4,train
-0.89580554,0.0045456314,8,C_Lvav_4,train
0.670613,0.92853725,9,C_Lvav_4,train
-1.2203417,-0.49536654,13,C_Lvav_4,train
-0.027929071,-0.14824271,7,C_Lvav_4,train
-0.24491888,0.49675113,10,C_Lvav_4,train
-0.6485001,0.96747935,11,C_Lvav_4,train
0.06591967,-1.3436252,12,C_Lvav_4,train
-0.9222722,0.32867557,8,C_Lav_79,train
0.36633474,0.35807693,14,C_Lav_79,train
0.89640594,-0.25968593,9,C_Lav_79,train
-0.34164324,-0.71207786,7,C_Lav_79,train
2.1257675,-1.6290293,13,C_Lav_79,train
-0.115527615,-0.7076808,10,C_Lav_79,train
1.2387393,-1.2923915,11,C_Lav_79,train
-2.276191,0.727167,12,C_Lav_79,train
-0.2336624,-1.0823258,5,C_Lav_79,train
-0.39289206,0.1942069,2,C_Lav_79,train
1.000314,0.5964987,6,C_Lav_79,train
-0.11243927,0.642775,1,C_Lav_79,train
1.7319015,0.32549998,3,C_Lav_79,train
0.8942339,-0.41787714,0,C_Lav_79,train
0.8954464,0.6436377,4,C_Lav_79,train
-0.7749549,0.7504134,4,C_Savav_42,train
0.8681654,0.39612192,3,C_Savav_42,train
0.31597695,0.33646822,0,C_Savav_42,train
1.4102834,0.60580504,6,C_Savav_42,train
1.6539196,-1.2453511,1,C_Savav_42,train
-1.2695076,-0.42633888,5,C_Savav_42,train
0.6882168,0.12678108,2,C_Savav_42,train
0.30679107,-0.7520654,12,C_Savav_42,train
-1.4544519,-0.33860457,11,C_Savav_42,train
-0.20971748,-0.28362727,7,C_Savav_42,train
0.8918233,-0.62321573,13,C_Savav_42,train
-1.1663066,0.07688596,10,C_Savav_42,train
0.89522934,-1.9176234,8,C_Savav_42,train
-1.1429176,0.08356175,14,C_Savav_42,train
-0.30673066,-0.006308454,9,C_Savav_42,train
0.22785217,-0.63588023,3,C_Savav_23,train
0.5142703,0.2960288,0,C_Savav_23,train
-0.66100997,-1.3143476,4,C_Savav_23,train
0.14901014,-0.85138786,5,C_Savav_23,train
1.0584425,0.38423732,2,C_Savav_23,train
-0.002553367,1.847487,6,C_Savav_23,train
-0.047781836,0.8747504,1,C_Savav_23,train
0.64368147,1.2171228,11,C_Savav_23,train
-0.66120774,-1.7732749,12,C_Savav_23,train
-1.3908856,-0.27915943,14,C_Savav_23,train
0.5811085,-0.7817773,8,C_Savav_23,train
-0.12337383,-0.0977646,9,C_Savav_23,train
-0.25768667,-1.1396625,13,C_Savav_23,train
0.47465718,-0.6797716,7,C_Savav_23,train
-0.48365092,-0.4550541,10,C_Savav_23,train
0.4194687,0.21514523,12,C_Lav_57,train
0.2738608,0.48902655,11,C_Lav_57,train
-1.7834232,-0.24777457,7,C_Lav_57,train
-0.6199233,-0.68770653,13,C_Lav_57,train
0.32055625,-0.11961477,10,C_Lav_57,train
-0.83254564,-0.5304256,8,C_Lav_57,train
-1.5372634,0.11683416,14,C_Lav_57,train
-0.6413554,-2.3599205,9,C_Lav_57,train
1.2552695,-1.7343595,4,C_Lav_57,train
0.05920932,0.9160165,3,C_Lav_57,train
1.2258855,-1.2458224,0,C_Lav_57,train
0.032995865,-0.10172839,6,C_Lav_57,train
0.59576905,-1.6091437,1,C_Lav_57,train
0.8651677,-0.043937154,5,C_Lav_57,train
-1.5608828,-0.32206687,2,C_Lav_57,train
0.21676143,-1.1237345,10,C_Savav_59,train
-0.49448064,0.08577399,7,C_Savav_59,train
1.5362093,0.9365456,13,C_Savav_59,train
-0.47004244,2.133024,9,C_Savav_59,train
0.022690304,0.8974325,8,C_Savav_59,train
0.17745134,1.025177,14,C_Savav_59,train
0.0749839,-0.20762366,12,C_Savav_59,train
-0.906852,-0.96005577,11,C_Savav_59,train
-1.8795549,-0.8014968,1,C_Savav_59,train
1.4574316,-0.5604166,6,C_Savav_59,train
0.9264531,-0.5980891,2,C_Savav_59,train
0.30383065,-0.25865036,5,C_Savav_59,train
-0.14330196,0.5742344,4,C_Savav_59,train
-0.5023945,0.6583202,0,C_Savav_59,train
0.32465154,1.441123,3,C_Savav_59,train
1.1673367,2.035317,12,C_Savav_58,train
-1.2810363,-0.5172143,11,C_Savav_58,train
1.0066816,-1.3107826,7,C_Savav_58,train
-2.4499722,-0.25380504,13,C_Savav_58,train
-0.29095358,-0.68730235,10,C_Savav_58,train
1.0804375,0.9176789,8,C_Savav_58,train
0.5453239,-1.4695337,14,C_Savav_58,train
-0.8302986,0.21984364,9,C_Savav_58,train
0.23428671,-1.2489951,4,C_Savav_58,train
0.4859289,-0.6857523,3,C_Savav_58,train
-1.3798821,0.99518263,0,C_Savav_58,train
-0.7310069,-0.40881696,6,C_Savav_58,train
-0.87739056,1.4501002,1,C_Savav_58,train
0.012305133,2.1607115,5,C_Savav_58,train
-0.5249753,0.7025788,2,C_Savav_58,train
-0.65265495,-0.93074495,12,C_Lvav_98,train
-1.1542163,-0.3484046,11,C_Lvav_98,train
-0.84914905,2.0130813,7,C_Lvav_98,train
-0.065483876,0.53441334,13,C_Lvav_98,train
1.1135058,-2.5622659,10,C_Lvav_98,train
0.08626828,-0.43435085,8,C_Lvav_98,train
1.9352629,-0.4994822,14,C_Lvav_98,train
0.8962129,-0.24653852,9,C_Lvav_98,train
-1.5859215,0.061543345,4,C_Lvav_98,train
0.08553939,-0.54477376,3,C_Lvav_98,train
1.1397592,1.3490838,0,C_Lvav_98,train
-0.9947179,0.6917365,6,C_Lvav_98,train
-0.8058284,1.5252336,1,C_Lvav_98,train
1.2308682,-0.40243882,5,C_Lvav_98,train
0.12815101,-1.7925148,2,C_Lvav_98,train
-2.6362448,-0.62063587,4,C_Lav_0,train
0.13434723,-0.412062,3,C_Lav_0,train
-0.0036550118,0.04403968,0,C_Lav_0,train
-1.7620307,-0.35442638,6,C_Lav_0,train
0.7438223,1.682938,1,C_Lav_0,train
-1.7131718,0.182963,5,C_Lav_0,train
0.9110408,-0.47320893,2,C_Lav_0,train
0.5348417,-1.6061313,12,C_Lav_0,train
1.4042966,1.5793183,11,C_Lav_0,train
0.37322158,-0.23533005,13,C_Lav_0,train
0.32156497,0.8342764,7,C_Lav_0,train
0.21458215,-1.2698559,10,C_Lav_0,train
-0.45566976,-0.9603869,14,C_Lav_0,train
-0.61368036,0.3325118,8,C_Lav_0,train
-0.9175294,-1.0568942,9,C_Lav_0,train
1.0534501,-1.0658656,12,C_Sav_86,train
0.20295444,-0.49031413,11,C_Sav_86,train
-0.05831977,-0.5811172,10,C_Sav_86,train
0.047363702,-0.76436317,7,C_Sav_86,train
1.6119924,-0.29230347,13,C_Sav_86,train
0.062074766,0.23631199,9,C_Sav_86,train
1.2232568,0.78750837,8,C_Sav_86,train
0.2086672,2.9475093,14,C_Sav_86,train
0.71868455,1.5782459,4,C_Sav_86,train
2.1864915,-0.2825573,0,C_Sav_86,train
0.6370342,1.4742154,3,C_Sav_86,train
0.9696151,0.6422799,1,C_Sav_86,train
0.20428994,-0.09243013,6,C_Sav_86,train
-1.3000941,-1.0042949,2,C_Sav_86,train
0.45958963,-0.38594264,5,C_Sav_86,train
1.5153508,-0.54556507,3,C_Lvav_69,train
-0.02076078,1.0237266,0,C_Lvav_69,train
-1.1618583,0.8860066,4,C_Lvav_69,train
1.686194,1.0586308,5,C_Lvav_69,train
0.96237355,-0.51550084,2,C_Lvav_69,train
1.316711,-1.4562736,6,C_Lvav_69,train
2.4327621,0.8695034,1,C_Lvav_69,train
0.70997727,0.22039846,11,C_Lvav_69,train
-1.2876502,1.7933942,12,C_Lvav_69,train
-0.82186526,0.17014891,14,C_Lvav_69,train
-0.623839,0.28296724,8,C_Lvav_69,train
-0.8918449,1.342168,9,C_Lvav_69,train
0.5294364,-0.9420089,13,C_Lvav_69,train
-2.0191994,0.5779867,7,C_Lvav_69,train
0.74026424,-2.3821228,10,C_Lvav_69,train
0.96653014,-1.6279446,6,C_Savav_30,train
-2.2604642,-2.493567,1,C_Savav_30,train
-0.02928306,-0.78697526,5,C_Savav_30,train
1.6342067,0.80903727,2,C_Savav_30,train
0.47972092,-0.024033384,4,C_Savav_30,train
0.15750204,-1.3438025,3,C_Savav_30,train
-0.44357842,-1.2863746,0,C_Savav_30,train
-1.016411,-0.98778224,7,C_Savav_30,train
0.50194657,0.18813647,13,C_Savav_30,train
-1.8690263,-0.8065537,10,C_Savav_30,train
0.10727971,0.5399425,8,C_Savav_30,train
-0.123633586,-0.9799236,14,C_Savav_30,train
0.8147269,1.5488855,9,C_Savav_30,train
-1.4773875,-0.36073077,12,C_Savav_30,train
-0.8803458,-0.28029287,11,C_Savav_30,train
0.5405413,-1.3171626,12,C_Lava_23,train
1.1170979,0.66478986,11,C_Lava_23,train
0.23035017,-1.391272,10,C_Lava_23,train
-0.8865322,1.816596,13,C_Lava_23,train
-1.7494496,-1.3827798,7,C_Lava_23,train
-0.4826408,0.6338068,9,C_Lava_23,train
-0.37954977,1.0547763,14,C_Lava_23,train
-0.8654159,-0.0021973494,8,C_Lava_23,train
0.37236163,0.34083062,4,C_Lava_23,train
-2.0947442,0.31467283,0,C_Lava_23,train
0.9923934,1.549475,3,C_Lava_23,train
-0.4710602,-0.6628276,1,C_Lava_23,train
1.6744512,-0.45139968,6,C_Lava_23,train
0.8418982,0.36115074,2,C_Lava_23,train
2.0215037,-0.9479819,5,C_Lava_23,train
0.22547778,1.6339471,1,C_Lav_74,train
-0.43042997,-1.4321845,6,C_Lav_74,train
0.45210615,-1.0318133,2,C_Lav_74,train
1.7222183,1.5922459,5,C_Lav_74,train
-1.1614101,0.062138706,4,C_Lav_74,train
-0.21423836,0.9718687,0,C_Lav_74,train
-1.0372052,-0.6504281,3,C_Lav_74,train
-1.2726916,1.2441475,10,C_Lav_74,train
0.55338717,-0.276746,7,C_Lav_74,train
1.2639271,-0.36734077,13,C_Lav_74,train
-0.41074306,-1.0956377,9,C_Lav_74,train
-0.27890146,2.3909898,8,C_Lav_74,train
0.15353128,0.03884884,14,C_Lav_74,train
0.059014473,0.7103135,12,C_Lav_74,train
-1.3953568,-1.1534936,11,C_Lav_74,train
-0.8290701,-1.1346881,5,C_Lava_20,train
0.23075193,-1.6753544,2,C_Lava_20,train
-0.018576443,-0.11215797,6,C_Lava_20,train
1.7900636,-0.146555,1,C_Lava_20,train
-1.48066,1.4560984,3,C_Lava_20,train
-1.8586761,0.051721103,0,C_Lava_20,train
0.15132946,1.4086102,4,C_Lava_20,train
0.84283507,-1.5564113,8,C_Lava_20,train
0.5345013,-2.0749676,14,C_Lava_20,train
-0.32233596,-1.5069597,9,C_Lava_20,train
1.0500765,1.2304916,7,C_Lava_20,train
2.6341076,-0.12070527,13,C_Lava_20,train
0.73506093,-1.5373949,10,C_Lava_20,train
1.0520799,-0.11789225,11,C_Lava_20,train
0.7302315,0.70267266,12,C_Lava_20,train
0.7625823,-0.651021,0,C_Sav_36,train
0.3573087,-1.0448084,3,C_Sav_36,train
0.25652096,1.2012486,4,C_Sav_36,train
0.6109368,1.0261153,2,C_Sav_36,train
-2.108397,0.30396804,5,C_Sav_36,train
-0.5996386,0.57600105,1,C_Sav_36,train
0.4807355,2.0029597,6,C_Sav_36,train
1.5476111,1.2018212,11,C_Sav_36,train
0.19904456,-0.10423089,12,C_Sav_36,train
-0.08805144,0.69800794,9,C_Sav_36,train
-0.6260775,-0.44410664,14,C_Sav_36,train
-0.5965054,1.1977373,8,C_Sav_36,train
-0.49151093,-1.604274,10,C_Sav_36,train
1.3465247,1.8442376,13,C_Sav_36,train
0.93542796,1.7541567,7,C_Sav_36,train
1.2602497,-0.24758425,9,C_Lvav_72,train
-0.8282656,-0.121634424,14,C_Lvav_72,train
-0.541,-0.8063685,8,C_Lvav_72,train
-1.1719029,0.6831864,10,C_Lvav_72,train
1.0937734,1.2290943,13,C_Lvav_72,train
0.7548531,0.27777845,7,C_Lvav_72,train
-0.12849772,0.88229126,11,C_Lvav_72,train
0.16228503,-3.012122,12,C_Lvav_72,train
0.69632614,0.1037374,2,C_Lvav_72,train
-0.46332386,1.0771682,5,C_Lvav_72,train
-2.1545959,0.20113254,1,C_Lvav_72,train
0.96054935,0.29142708,6,C_Lvav_72,train
0.22126314,-0.25554568,0,C_Lvav_72,train
-0.46130127,-0.27649558,3,C_Lvav_72,train
-0.29089382,3.0425193,4,C_Lvav_72,train
0.2809034,-0.6441118,0,C_Sav_77,train
-0.7951367,1.368698,3,C_Sav_77,train
-0.2687772,2.1364856,4,C_Sav_77,train
0.8444687,-0.03274561,2,C_Sav_77,train
-1.1845609,1.3699259,5,C_Sav_77,train
-2.068614,-0.7998488,1,C_Sav_77,train
-0.07438366,2.0884235,6,C_Sav_77,train
0.03489175,-0.7956749,11,C_Sav_77,train
1.5292469,1.3949298,12,C_Sav_77,train
2.2666767,-0.5073807,9,C_Sav_77,train
2.213048,1.3895469,14,C_Sav_77,train
1.3066281,-1.0224568,8,C_Sav_77,train
-0.2635966,-0.3336017,10,C_Sav_77,train
0.13102569,0.46805507,13,C_Sav_77,train
-0.68847173,1.9521637,7,C_Sav_77,train
-1.1056434,-2.9286711,6,C_Sav_98,train
-0.74698496,2.7627013,1,C_Sav_98,train
1.4094918,2.3792922,5,C_Sav_98,train
1.0630482,0.057545483,2,C_Sav_98,train
-0.91928595,0.25264472,4,C_Sav_98,train
-1.0211083,-0.48716938,3,C_Sav_98,train
1.231307,-0.7160004,0,C_Sav_98,train
-0.15325353,-0.34525186,13,C_Sav_98,train
0.7338603,0.4743004,7,C_Sav_98,train
0.42622578,0.9792123,10,C_Sav_98,train
-0.26102433,-1.9484652,14,C_Sav_98,train
0.08935963,-0.8562522,8,C_Sav_98,train
0.081808455,-0.76425236,9,C_Sav_98,train
-0.62489164,-0.76198816,12,C_Sav_98,train
0.80359936,1.1519963,11,C_Sav_98,train
-0.12821457,1.4910138,10,C_Savav_25,train
-2.0450869,1.1068037,13,C_Savav_25,train
0.16125336,0.13765526,7,C_Savav_25,train
1.5361265,0.9715514,9,C_Savav_25,train
-0.5220034,0.15277171,14,C_Savav_25,train
-0.8088976,-1.0703827,8,C_Savav_25,train
-0.25509173,-0.90459365,12,C_Savav_25,train
0.35995036,-0.6389825,11,C_Savav_25,train
1.5521011,-1.0050466,1,C_Savav_25,train
-0.20892292,-0.6418006,6,C_Savav_25,train
-1.4919,0.23235649,2,C_Savav_25,train
-0.042881243,-0.106928095,5,C_Savav_25,train
-1.2391431,-0.33868796,4,C_Savav_25,train
0.19776568,0.834603,0,C_Savav_25,train
-0.56546044,1.5360153,3,C_Savav_25,train
-0.71035075,0.6211924,12,C_Lvav_64,train
1.0074341,-0.95837265,11,C_Lvav_64,train
-1.4226607,-0.50657284,10,C_Lvav_64,train
-0.57086253,-0.5060327,13,C_Lvav_64,train
0.13612881,-0.4718498,7,C_Lvav_64,train
-0.9055575,0.14584687,9,C_Lvav_64,train
0.6638284,-0.25664935,14,C_Lvav_64,train
1.5464418,-0.38636574,8,C_Lvav_64,train
-0.24110201,-0.38624686,4,C_Lvav_64,train
0.77162564,1.0144925,0,C_Lvav_64,train
-0.8615534,0.583924,3,C_Lvav_64,train
-1.0842848,1.3219341,1,C_Lvav_64,train
-0.27578738,0.65982246,6,C_Lvav_64,train
-0.22647285,-0.684426,2,C_Lvav_64,train
0.74784505,1.041612,5,C_Lvav_64,train
-1.0006826,-0.96231264,6,C_Lav_88,train
-0.108044505,-0.16354829,1,C_Lav_88,train
-0.26014125,-1.5185541,5,C_Lav_88,train
0.044937976,-1.0370946,2,C_Lav_88,train
0.44617283,0.46908498,4,C_Lav_88,train
0.2653958,-0.4360394,3,C_Lav_88,train
0.07325321,0.37516093,0,C_Lav_88,train
-1.26671,1.2072648,13,C_Lav_88,train
0.2691268,0.32275623,7,C_Lav_88,train
-0.7436236,0.246663,10,C_Lav_88,train
-0.67357206,0.79608995,14,C_Lav_88,train
0.38339013,-0.8606411,8,C_Lav_88,train
0.9356233,0.78196365,9,C_Lav_88,train
-1.222177,-0.30269054,12,C_Lav_88,train
0.78969115,-1.099084,11,C_Lav_88,train
0.06360638,0.47163814,4,C_Lvav_49,train
-1.6659064,-0.09599021,3,C_Lvav_49,train
-1.0580716,-0.09101733,0,C_Lvav_49,train
0.9997904,2.1679497,6,C_Lvav_49,train
1.0021473,0.71159387,1,C_Lvav_49,train
1.7181644,0.90337867,5,C_Lvav_49,train
0.46274817,-0.29514027,2,C_Lvav_49,train
-0.756267,-0.64917916,12,C_Lvav_49,train
-0.74255204,-0.04539758,11,C_Lvav_49,train
0.38581234,0.002716117,7,C_Lvav_49,train
-0.11078897,-0.19444875,13,C_Lvav_49,train
-0.20136276,0.1462656,10,C_Lvav_49,train
-0.06491592,0.7834727,8,C_Lvav_49,train
0.38217816,-0.7934725,14,C_Lvav_49,train
2.1555264,-0.16134045,9,C_Lvav_49,train
0.6611684,-0.14540511,11,C_Lav_36,train
0.8497994,0.40645045,12,C_Lav_36,train
-1.2850296,-0.35529542,14,C_Lav_36,train
-0.26707113,-1.9537767,8,C_Lav_36,train
-0.50383615,1.4903628,9,C_Lav_36,train
-0.7209552,0.27175418,13,C_Lav_36,train
0.47173846,0.051366966,7,C_Lav_36,train
-0.48857218,-1.0117824,10,C_Lav_36,train
-1.3557453,0.6446441,3,C_Lav_36,train
0.5162897,0.29309452,0,C_Lav_36,train
0.9485566,0.94797933,4,C_Lav_36,train
-1.1599181,-1.2569296,5,C_Lav_36,train
0.9146226,1.133974,2,C_Lav_36,train
-0.82184327,0.32539147,6,C_Lav_36,train
1.741461,1.5312872,1,C_Lav_36,train
0.40377495,1.2167634,4,C_Lava_39,train
0.42014286,-0.17963532,0,C_Lava_39,train
1.3250521,0.99799687,3,C_Lava_39,train
0.22160208,-1.4186481,1,C_Lava_39,train
1.4300126,0.16323741,6,C_Lava_39,train
-0.12847918,-1.4164164,2,C_Lava_39,train
-1.0154395,0.017690975,5,C_Lava_39,train
-0.70561934,1.2496214,12,C_Lava_39,train
0.03141987,0.06007978,11,C_Lava_39,train
1.2295619,-0.44228116,10,C_Lava_39,train
0.5998447,1.110049,13,C_Lava_39,train
0.19192564,0.5774298,7,C_Lava_39,train
0.80868596,-0.046016578,9,C_Lava_39,train
-0.7745844,0.50393194,14,C_Lava_39,train
-0.0030214707,-0.97494996,8,C_Lava_39,train
0.7277283,1.0643948,13,C_Lvav_24,train
-1.1523532,0.10430416,7,C_Lvav_24,train
-0.8992638,0.7319566,10,C_Lvav_24,train
0.12127672,0.09402645,14,C_Lvav_24,train
-2.4020472,-0.88684994,8,C_Lvav_24,train
1.2147163,-0.42004853,9,C_Lvav_24,train
1.0169733,-0.062676676,12,C_Lvav_24,train
-1.0869101,-1.0787905,11,C_Lvav_24,train
0.59470505,-0.95383966,6,C_Lvav_24,train
0.087635435,1.0058323,1,C_Lvav_24,train
-1.8794175,1.3858302,5,C_Lvav_24,train
1.0277598,-0.37430963,2,C_Lvav_24,train
-0.8309046,1.0307148,4,C_Lvav_24,train
-0.16770485,1.6303312,3,C_Lvav_24,train
-0.009474012,-0.08844015,0,C_Lvav_24,train
-0.44104636,1.5660343,4,C_Savav_48,train
0.4757538,0.72347534,0,C_Savav_48,train
0.5812687,0.5387294,3,C_Savav_48,train
1.4562415,-0.25510404,1,C_Savav_48,train
0.8074918,2.1424599,6,C_Savav_48,train
-0.5845238,2.4194412,2,C_Savav_48,train
-0.40829068,-1.5029585,5,C_Savav_48,train
-0.3119157,-1.7459174,12,C_Savav_48,train
-1.3558513,0.29777318,11,C_Savav_48,train
-0.3117048,0.622963,10,C_Savav_48,train
-0.87164,2.8615134,7,C_Savav_48,train
2.21248,-0.40084803,13,C_Savav_48,train
-0.1697492,3.384799,9,C_Savav_48,train
-0.5608873,-0.36070818,8,C_Savav_48,train
1.3563682,0.97301626,14,C_Savav_48,train
0.47269338,-0.72304624,3,C_Lava_99,train
0.44019243,-0.69105583,0,C_Lava_99,train
-0.8258755,-0.53116596,4,C_Lava_99,train
1.6161107,-0.87982255,5,C_Lava_99,train
1.4117428,-0.649939,2,C_Lava_99,train
1.5395007,0.8306121,6,C_Lava_99,train
-0.36336476,-0.30191895,1,C_Lava_99,train
0.24618766,0.69052887,11,C_Lava_99,train
0.19221002,-0.31538218,12,C_Lava_99,train
0.42293274,0.49573496,8,C_Lava_99,train
2.1552765,-0.057717007,14,C_Lava_99,train
-0.72606075,0.61362445,9,C_Lava_99,train
-0.17366296,-1.3464911,7,C_Lava_99,train
1.6364968,-0.09066769,13,C_Lava_99,train
1.4596179,-0.014933672,10,C_Lava_99,train
-0.6791135,0.048353225,7,C_Sav_87,train
-0.34259957,-2.227189,13,C_Sav_87,train
-0.12062297,0.7350122,10,C_Sav_87,train
-0.69046223,-1.0855476,8,C_Sav_87,train
0.9842173,-0.19939002,14,C_Sav_87,train
0.12488672,0.31691593,9,C_Sav_87,train
0.28116703,0.8997986,12,C_Sav_87,train
-1.9440101,-1.5158646,11,C_Sav_87,train
0.53732187,-0.047749627,6,C_Sav_87,train
0.54652166,-0.35754815,1,C_Sav_87,train
0.5470387,1.3690897,5,C_Sav_87,train
0.3887578,0.5951318,2,C_Sav_87,train
-0.8032532,0.14136496,4,C_Sav_87,train
-0.9407229,0.6708544,3,C_Sav_87,train
-0.12979221,-0.8191291,0,C_Sav_87,train
-0.8621947,2.6907203,7,C_Lav_64,train
-0.9349653,1.6379642,13,C_Lav_64,train
0.8669258,-0.069435194,10,C_Lav_64,train
-1.1031693,1.3411264,8,C_Lav_64,train
0.46660218,-0.10545109,14,C_Lav_64,train
0.028336747,0.174518,9,C_Lav_64,train
0.49387738,-0.47004038,12,C_Lav_64,train
2.2175205,-1.9290634,11,C_Lav_64,train
-0.21918944,0.044160094,6,C_Lav_64,train
1.3813378,-0.40190294,1,C_Lav_64,train
-1.4947425,-0.8522365,5,C_Lav_64,train
2.0527878,-0.4095522,2,C_Lav_64,train
1.3940494,-0.7484287,4,C_Lav_64,train
1.3572344,-0.56789136,3,C_Lav_64,train
-0.2855493,-0.48697844,0,C_Lav_64,train
0.40888512,0.12703964,2,C_Lava_2,train
0.79732436,0.6684796,5,C_Lava_2,train
-0.9673457,-0.30188763,1,C_Lava_2,train
0.6922252,0.45411113,6,C_Lava_2,train
-0.16409725,-1.0215569,0,C_Lava_2,train
-1.8780643,-0.4859308,3,C_Lava_2,train
0.6420951,0.14611003,4,C_Lava_2,train
-0.5283717,-0.13196424,9,C_Lava_2,train
-0.4426689,-0.42998818,14,C_Lava_2,train
0.10834059,2.0435262,8,C_Lava_2,train
-0.8433615,0.8604989,10,C_Lava_2,train
-0.13078672,-0.90733784,13,C_Lava_2,train
-2.9151273,1.5664276,7,C_Lava_2,train
-0.5109782,1.7219106,11,C_Lava_2,train
-0.43277466,0.7039518,12,C_Lava_2,train
-0.99273306,-0.42884514,12,C_Lvav_56,train
0.36321536,-0.55483615,11,C_Lvav_56,train
0.2471337,0.47919974,13,C_Lvav_56,train
0.9795068,0.7862653,7,C_Lvav_56,train
1.1246144,-0.23280072,10,C_Lvav_56,train
-0.44252625,0.8577099,14,C_Lvav_56,train
1.6715937,-1.066538,8,C_Lvav_56,train
-2.2639997,-0.6718467,9,C_Lvav_56,train
-2.070715,-2.3231788,4,C_Lvav_56,train
1.5536646,1.5798202,3,C_Lvav_56,train
-0.90696496,0.9557925,0,C_Lvav_56,train
-0.58902633,-0.0515819,6,C_Lvav_56,train
-0.21101621,-0.29573387,1,C_Lvav_56,train
0.119330965,-1.4529202,5,C_Lvav_56,train
0.15322992,0.7629059,2,C_Lvav_56,train
0.076137595,-1.7451174,2,C_Lava_17,train
-0.96947414,0.91524076,5,C_Lava_17,train
0.088890664,1.8870426,1,C_Lava_17,train
0.1604003,-0.7545048,6,C_Lava_17,train
-0.5836737,1.4290028,0,C_Lava_17,train
2.1308901,0.7425354,3,C_Lava_17,train
1.0249293,1.2591656,4,C_Lava_17,train
-0.92352253,-0.9081668,9,C_Lava_17,train
1.5899959,-0.13640895,14,C_Lava_17,train
-0.8296571,-0.54728854,8,C_Lava_17,train
-0.9464087,-1.8869439,10,C_Lava_17,train
-0.9091375,-1.3447863,13,C_Lava_17,train
0.89840525,0.20006622,7,C_Lava_17,train
0.5800045,-0.9810107,11,C_Lava_17,train
-1.7541801,-0.24576798,12,C_Lava_17,train
-1.0293193,0.016663326,5,C_Lava_18,train
-0.30074733,-1.7175837,2,C_Lava_18,train
-0.13367477,-0.74123037,6,C_Lava_18,train
0.32922545,1.0991715,1,C_Lava_18,train
-1.0644679,-3.3192399,3,C_Lava_18,train
1.118289,1.7066034,0,C_Lava_18,train
1.3453565,0.28731108,4,C_Lava_18,train
-0.3182429,1.8925611,8,C_Lava_18,train
0.3893903,-1.2324085,14,C_Lava_18,train
0.30973858,0.20332164,9,C_Lava_18,train
1.4569626,0.059949048,7,C_Lava_18,train
-0.4395297,-0.65773,13,C_Lava_18,train
-0.4313894,-1.0403998,10,C_Lava_18,train
-0.7476078,-0.43660003,11,C_Lava_18,train
0.5790125,-0.5837585,12,C_Lava_18,train
-0.4912562,-0.15705596,5,C_Lava_8,train
-0.89366823,0.7323929,2,C_Lava_8,train
0.43262264,1.1384805,6,C_Lava_8,train
0.25892586,-0.5666903,1,C_Lava_8,train
-0.7589323,-0.81192076,3,C_Lava_8,train
0.25694352,-0.29454178,0,C_Lava_8,train
0.99888355,-0.52353615,4,C_Lava_8,train
0.21354745,-0.09335639,14,C_Lava_8,train
0.7592526,0.16106033,8,C_Lava_8,train
-0.6587359,-0.105357416,9,C_Lava_8,train
0.6185347,-0.20247558,13,C_Lava_8,train
2.3829415,-0.46577948,7,C_Lava_8,train
1.2074901,-0.92280376,10,C_Lava_8,train
-0.25380817,-0.59412515,11,C_Lava_8,train
-0.41794735,-0.31607473,12,C_Lava_8,train
-0.4499869,-1.6048067,11,C_Lvav_76,train
0.6505551,-0.6749048,12,C_Lvav_76,train
0.564963,0.27155906,8,C_Lvav_76,train
0.16086787,0.09123419,14,C_Lvav_76,train
-0.8899668,-0.57729995,9,C_Lvav_76,train
0.6703384,-0.2744848,7,C_Lvav_76,train
0.5238328,-0.40064898,13,C_Lvav_76,train
0.106914,0.11517945,10,C_Lvav_76,train
-0.60379773,-0.1918005,3,C_Lvav_76,train
0.34093302,1.0845267,0,C_Lvav_76,train
0.14379384,0.14974904,4,C_Lvav_76,train
-1.1317174,0.09742622,5,C_Lvav_76,train
0.12568763,1.4033123,2,C_Lvav_76,train
1.079622,-0.2363216,6,C_Lvav_76,train
1.1533977,-0.32368255,1,C_Lvav_76,train
0.88465375,-0.42084402,3,C_Sav_39,train
-0.537875,-1.2527827,0,C_Sav_39,train
-0.0797422,0.75772434,4,C_Sav_39,train
-0.09560989,-0.22101274,5,C_Sav_39,train
-0.86121345,-0.2971546,2,C_Sav_39,train
-0.47724187,-0.55752206,6,C_Sav_39,train
-0.70537746,1.0451636,1,C_Sav_39,train
-0.32459626,-1.1845151,11,C_Sav_39,train
-1.0633906,0.011639388,12,C_Sav_39,train
0.51626295,-1.4374286,8,C_Sav_39,train
0.6357418,-1.2597499,14,C_Sav_39,train
1.2382816,0.3621576,9,C_Sav_39,train
1.0681709,0.86221594,7,C_Sav_39,train
-1.1337351,2.6134188,13,C_Sav_39,train
1.7243558,0.7034704,10,C_Sav_39,train
3.1659234,1.2231187,1,C_Sav_18,train
-1.2957649,0.06772567,6,C_Sav_18,train
0.850245,-0.6993499,2,C_Sav_18,train
-0.22471726,1.0230236,5,C_Sav_18,train
-0.21406223,1.0156994,4,C_Sav_18,train
-0.53082263,0.1783348,0,C_Sav_18,train
0.6259788,0.8263972,3,C_Sav_18,train
-1.501047,0.10957393,10,C_Sav_18,train
1.4346731,-1.4292098,13,C_Sav_18,train
-1.3515863,-0.7879243,7,C_Sav_18,train
-0.30613542,0.4502529,9,C_Sav_18,train
-1.4974176,-0.72770715,14,C_Sav_18,train
-0.55101436,0.65892434,8,C_Sav_18,train
-0.20402634,-0.4191301,12,C_Sav_18,train
-1.8484179,0.20097443,11,C_Sav_18,train
-1.4739254,-0.612174,9,C_Lav_3,train
0.46168733,-0.07065009,8,C_Lav_3,train
-0.4467743,0.5221324,14,C_Lav_3,train
0.077179745,0.5543982,10,C_Lav_3,train
-0.29936633,-0.59657234,7,C_Lav_3,train
1.3213685,0.3337621,13,C_Lav_3,train
0.11572097,-1.4913926,11,C_Lav_3,train
-1.4313092,0.6364281,12,C_Lav_3,train
-0.15608573,-0.46734726,2,C_Lav_3,train
0.7745065,-0.342687,5,C_Lav_3,train
0.6093246,-0.25080803,1,C_Lav_3,train
-0.6212354,0.5815134,6,C_Lav_3,train
-2.7894907,-0.7621311,0,C_Lav_3,train
-0.79699826,-0.30900675,3,C_Lav_3,train
-1.5882913,-1.1917337,4,C_Lav_3,train
-0.16295584,-0.31277606,5,C_Lava_64,train
-0.6245395,-0.61830485,2,C_Lava_64,train
-1.5243888,0.7370832,6,C_Lava_64,train
-1.7202271,0.12756455,1,C_Lava_64,train
-0.87836325,1.2016292,3,C_Lava_64,train
-0.027001519,-0.38420016,0,C_Lava_64,train
-0.79614055,1.0792533,4,C_Lava_64,train
-0.6940157,-0.08749613,14,C_Lava_64,train
-0.39092824,0.26807374,8,C_Lava_64,train
1.3886989,0.7228089,9,C_Lava_64,train
-0.10300416,0.19243848,13,C_Lava_64,train
1.1415133,1.1258239,7,C_Lava_64,train
0.028255507,0.40682444,10,C_Lava_64,train
-0.30802047,0.035460178,11,C_Lava_64,train
-0.34588757,0.7930062,12,C_Lava_64,train
-1.1068364,0.97074467,10,C_Lvav_16,train
1.1814744,-0.8759317,13,C_Lvav_16,train
0.038466223,-1.4070512,7,C_Lvav_16,train
-0.8789171,-0.74771565,9,C_Lvav_16,train
-0.9400812,-1.3150834,14,C_Lvav_16,train
-1.1182203,0.0938309,8,C_Lvav_16,train
1.8898859,0.42263213,12,C_Lvav_16,train
-0.45790648,0.6524997,11,C_Lvav_16,train
1.2227515,-0.44620806,1,C_Lvav_16,train
-2.836602,-0.064885475,6,C_Lvav_16,train
1.2986637,0.71864057,2,C_Lvav_16,train
-1.1723557,-0.08469411,5,C_Lvav_16,train
-1.1010292,2.3697922,4,C_Lvav_16,train
-0.25510153,1.9758778,0,C_Lvav_16,train
1.4987773,0.54571927,3,C_Lvav_16,train
0.7560783,1.0189508,1,C_Lava_80,train
0.27159774,-1.2172664,6,C_Lava_80,train
-0.7234147,-1.1672089,2,C_Lava_80,train
-1.2149588,-1.0947539,5,C_Lava_80,train
0.43039098,0.00802435,4,C_Lava_80,train
0.7245975,0.09527115,0,C_Lava_80,train
-0.29125202,1.5081999,3,C_Lava_80,train
-1.1402276,1.4039297,10,C_Lava_80,train
-0.63280743,2.4450154,13,C_Lava_80,train
-0.86987007,0.092935145,7,C_Lava_80,train
-1.6868441,1.4699451,9,C_Lava_80,train
-0.4599973,0.6195117,14,C_Lava_80,train
0.78220415,0.5730643,8,C_Lava_80,train
0.8705841,-0.039220657,12,C_Lava_80,train
0.60003984,2.1565993,11,C_Lava_80,train
-0.7534883,-0.7048168,13,C_Sav_71,train
1.3767312,-0.35979992,7,C_Sav_71,train
1.7011112,1.8207564,10,C_Sav_71,train
0.60972524,0.3638769,14,C_Sav_71,train
-1.0347438,-1.6045088,8,C_Sav_71,train
-0.77392375,-0.49804702,9,C_Sav_71,train
-0.50269437,1.4928657,12,C_Sav_71,train
1.835606,0.97044617,11,C_Sav_71,train
0.33499753,0.5289246,6,C_Sav_71,train
1.4402065,-0.013165275,1,C_Sav_71,train
0.14661703,-0.75483286,5,C_Sav_71,train
0.024507456,2.8933072,2,C_Sav_71,train
-0.7902756,1.1655815,4,C_Sav_71,train
-0.4563447,0.5433419,3,C_Sav_71,train
-1.2965881,-0.033940576,0,C_Sav_71,train
0.19203122,-1.044249,1,C_Lav_49,train
-0.6170814,0.61745334,6,C_Lav_49,train
-1.4331199,0.24138206,2,C_Lav_49,train
-1.0801548,-0.7037917,5,C_Lav_49,train
0.79330873,-0.5363304,4,C_Lav_49,train
1.5330725,-0.43150234,0,C_Lav_49,train
-1.1888195,-0.61968,3,C_Lav_49,train
1.0478727,-1.5595071,10,C_Lav_49,train
-0.96396923,0.4896879,13,C_Lav_49,train
0.5597004,-0.6744028,7,C_Lav_49,train
-0.43886238,0.6638175,9,C_Lav_49,train
-0.79235315,0.39071918,14,C_Lav_49,train
0.43914157,-0.17503479,8,C_Lav_49,train
-0.07878263,0.9999301,12,C_Lav_49,train
0.44354853,0.22350271,11,C_Lav_49,train
0.33614296,0.9703675,3,C_Lava_16,train
0.39367303,1.2750571,0,C_Lava_16,train
-0.4785702,-0.9743885,4,C_Lava_16,train
0.5190613,-0.9543984,5,C_Lava_16,train
-1.9265915,-1.0506892,2,C_Lava_16,train
-0.32742232,0.9672746,6,C_Lava_16,train
-1.7763734,-0.69851077,1,C_Lava_16,train
-0.6653995,-0.3943832,11,C_Lava_16,train
-0.99468327,1.6598012,12,C_Lava_16,train
-0.3907019,1.2976618,14,C_Lava_16,train
0.6849433,-2.7899897,8,C_Lava_16,train
0.5178342,-1.4746643,9,C_Lava_16,train
0.4550722,-0.02723085,13,C_Lava_16,train
-0.5402603,-1.6728772,7,C_Lava_16,train
0.7155758,1.2125182,10,C_Lava_16,train
0.090202816,1.3728403,9,C_Sav_27,train
-1.1728091,0.8532976,14,C_Sav_27,train
1.7276865,-1.1926099,8,C_Sav_27,train
-0.92932117,0.81334406,10,C_Sav_27,train
0.013426583,0.7209123,13,C_Sav_27,train
-0.518866,-0.11967373,7,C_Sav_27,train
-0.4406893,-0.4076466,11,C_Sav_27,train
1.9645307,-1.2940067,12,C_Sav_27,train
-1.1418244,1.6070764,2,C_Sav_27,train
0.9226601,-0.015070414,5,C_Sav_27,train
1.4275085,0.29922223,1,C_Sav_27,train
0.35982317,0.11292493,6,C_Sav_27,train
0.85354555,-0.40293485,0,C_Sav_27,train
-0.291179,0.12969017,3,C_Sav_27,train
1.8981923,0.029909853,4,C_Sav_27,train
-2.022588,-0.0429099,0,C_Lvav_90,train
0.029590657,-0.7241976,3,C_Lvav_90,train
2.1940327,-0.054300886,4,C_Lvav_90,train
0.9744941,-0.57554126,2,C_Lvav_90,train
0.86356294,1.1080935,5,C_Lvav_90,train
-2.4710028,-1.4218589,1,C_Lvav_90,train
0.8160618,-0.21380723,6,C_Lvav_90,train
1.1503074,0.49284866,11,C_Lvav_90,train
1.3150482,-1.8191048,12,C_Lvav_90,train
-0.65351784,0.80511403,9,C_Lvav_90,train
-1.0539188,-1.8906944,14,C_Lvav_90,train
-3.006708,-0.35592532,8,C_Lvav_90,train
-0.014360137,0.14382687,10,C_Lvav_90,train
1.9264889,1.0086997,13,C_Lvav_90,train
-1.6135217,0.2781996,7,C_Lvav_90,train
2.0363135,0.7162626,4,C_Sav_13,train
-1.2013692,0.6144274,0,C_Sav_13,train
0.040649686,2.8160746,3,C_Sav_13,train
1.6566509,0.06644721,1,C_Sav_13,train
-1.2425909,-0.44973186,6,C_Sav_13,train
2.0212884,1.3569142,2,C_Sav_13,train
0.41661555,-0.13786529,5,C_Sav_13,train
-0.39328212,0.00990542,12,C_Sav_13,train
-1.0069009,-1.688654,11,C_Sav_13,train
-0.50397694,-1.1432072,10,C_Sav_13,train
-0.55602044,0.38059312,13,C_Sav_13,train
-0.712109,0.61255246,7,C_Sav_13,train
-2.06049,0.74742305,9,C_Sav_13,train
-1.7487975,-0.30422384,14,C_Sav_13,train
-0.4518417,-0.316065,8,C_Sav_13,train
-1.2602093,1.6216985,14,C_Savav_80,train
-0.61547947,-0.6996081,8,C_Savav_80,train
-0.10468742,0.805951,9,C_Savav_80,train
-0.10213718,-0.212737,13,C_Savav_80,train
0.38092685,-0.78407127,7,C_Savav_80,train
-0.88900936,0.48230457,10,C_Savav_80,train
-0.610639,-0.512922,11,C_Savav_80,train
2.0593207,0.50717205,12,C_Savav_80,train
-2.6933203,-0.8651718,5,C_Savav_80,train
0.20561096,1.2608395,2,C_Savav_80,train
-0.30870944,0.20444816,6,C_Savav_80,train
1.2273589,0.2258876,1,C_Savav_80,train
-0.21748027,1.0711008,3,C_Savav_80,train
0.017882444,1.1504418,0,C_Savav_80,train
1.7208239,-1.2695266,4,C_Savav_80,train
-0.07871856,2.1903098,12,C_Lav_96,train
0.35472798,-1.1123371,11,C_Lav_96,train
-0.46553454,-0.13549794,10,C_Lav_96,train
0.06836122,-0.26055014,7,C_Lav_96,train
0.23660415,-0.13587722,13,C_Lav_96,train
0.53193617,-1.3395406,9,C_Lav_96,train
0.06719105,2.500082,8,C_Lav_96,train
1.7301635,-1.2320237,14,C_Lav_96,train
-0.915199,0.42486766,4,C_Lav_96,train
-0.011414023,-0.43484393,0,C_Lav_96,train
0.7588501,0.45683247,3,C_Lav_96,train
0.2308703,1.1788923,1,C_Lav_96,train
1.9221407,-0.4445918,6,C_Lav_96,train
0.5657892,-0.57755345,2,C_Lav_96,train
0.52962476,0.100403026,5,C_Lav_96,train
0.214127,0.98499453,11,C_Sav_91,train
0.35618824,-0.38961652,12,C_Sav_91,train
0.089634836,1.9787434,8,C_Sav_91,train
-0.11679027,1.3224913,14,C_Sav_91,train
-0.18901998,1.1379002,9,C_Sav_91,train
0.36563838,1.2737668,7,C_Sav_91,train
-0.33179545,0.27093083,13,C_Sav_91,train
0.94439274,1.3609151,10,C_Sav_91,train
1.6335616,-0.70005584,3,C_Sav_91,train
0.06216283,0.58223057,0,C_Sav_91,train
0.4083647,0.24469426,4,C_Sav_91,train
-0.52170897,0.6950005,5,C_Sav_91,train
-0.25577393,-0.4002138,2,C_Sav_91,train
0.43189168,1.3370494,6,C_Sav_91,train
0.38455838,0.8385625,1,C_Sav_91,train
0.9488379,-0.20478758,5,C_Sav_9,train
3.1184626,-1.1430124,2,C_Sav_9,train
2.8370624,-0.8859101,6,C_Sav_9,train
-0.26780808,-1.1792767,1,C_Sav_9,train
-0.25064,-1.9528352,3,C_Sav_9,train
0.27608347,0.4850363,0,C_Sav_9,train
0.83319396,-0.28659874,4,C_Sav_9,train
1.189088,0.099943124,14,C_Sav_9,train
0.70784426,0.98202306,8,C_Sav_9,train
0.3593667,0.43038467,9,C_Sav_9,train
-0.41484076,0.2147856,13,C_Sav_9,train
-1.9717975,0.83783126,7,C_Sav_9,train
-0.06944286,-0.7320193,10,C_Sav_9,train
1.2430614,0.49091545,11,C_Sav_9,train
1.6779387,-0.07530487,12,C_Sav_9,train
-0.28504273,-0.007199739,0,C_Lava_9,train
-0.7746533,-1.7955867,3,C_Lava_9,train
-1.6283125,-1.1156437,4,C_Lava_9,train
0.8052461,-0.45087105,2,C_Lava_9,train
-0.8490648,0.46282345,5,C_Lava_9,train
-1.037467,0.7652802,1,C_Lava_9,train
1.417475,-0.096781515,6,C_Lava_9,train
0.28202534,-0.3768378,11,C_Lava_9,train
0.15456882,0.37939304,12,C_Lava_9,train
-0.5174914,0.21268003,9,C_Lava_9,train
-0.399633,-0.26504958,14,C_Lava_9,train
0.23002885,0.1916067,8,C_Lava_9,train
-2.2421665,1.4704455,10,C_Lava_9,train
-0.20131645,-0.76191676,13,C_Lava_9,train
-0.1105472,-0.7295658,7,C_Lava_9,train
0.024669498,0.44816366,3,C_Sav_7,train
0.48102105,-0.2014544,0,C_Sav_7,train
-0.93096316,0.935439,4,C_Sav_7,train
1.7189271,1.4914567,5,C_Sav_7,train
-1.0534096,-2.5537126,2,C_Sav_7,train
-0.052129336,-0.28593433,6,C_Sav_7,train
-1.7844168,0.41947335,1,C_Sav_7,train
-1.0258241,0.6544999,11,C_Sav_7,train
0.009739524,-0.7116418,12,C_Sav_7,train
-1.4800726,-0.31828338,8,C_Sav_7,train
-0.86705816,0.43353218,14,C_Sav_7,train
1.6299576,1.3009322,9,C_Sav_7,train
-0.75695527,-0.22191876,7,C_Sav_7,train
-0.44588462,-0.44251922,13,C_Sav_7,train
-0.17513204,-1.0168663,10,C_Sav_7,train
-0.13731092,1.8375467,12,C_Savav_99,train
1.2707629,-1.5794483,11,C_Savav_99,train
-1.7567501,-0.028654102,10,C_Savav_99,train
-1.8800434,-0.9407172,7,C_Savav_99,train
-1.040672,-0.2311442,13,C_Savav_99,train
-0.8616882,-1.6596371,9,C_Savav_99,train
0.20221934,0.48721778,8,C_Savav_99,train
-1.2213334,-0.84491706,14,C_Savav_99,train
-0.27644908,-0.05670048,4,C_Savav_99,train
0.41433644,0.20929864,0,C_Savav_99,train
0.75990707,-0.07254553,3,C_Savav_99,train
-0.4778994,-0.76811665,1,C_Savav_99,train
1.383445,0.6228553,6,C_Savav_99,train
1.9866478,0.1841222,2,C_Savav_99,train
3.142247,0.022030959,5,C_Savav_99,train
0.14900485,0.461936,2,C_Sav_79,train
-0.050300498,-0.20061612,5,C_Sav_79,train
0.39820614,0.23809865,1,C_Sav_79,train
1.0212225,-2.2372909,6,C_Sav_79,train
1.0335547,0.29654852,0,C_Sav_79,train
0.8599189,-1.3217992,3,C_Sav_79,train
0.31990072,-0.08108534,4,C_Sav_79,train
-0.14653009,-0.5056853,9,C_Sav_79,train
2.6797788,0.55306417,8,C_Sav_79,train
0.9850557,-0.3241604,14,C_Sav_79,train
-0.27315956,-2.5354025,10,C_Sav_79,train
-1.1853837,-0.5646654,7,C_Sav_79,train
0.935173,0.2177197,13,C_Sav_79,train
-0.25199175,-0.1492934,11,C_Sav_79,train
-0.22966757,0.78581876,12,C_Sav_79,train
1.0648148,-1.2969972,4,C_Lvav_43,train
0.19979227,0.8619106,0,C_Lvav_43,train
-0.85730356,-1.6687391,3,C_Lvav_43,train
-0.19321728,-1.1779687,1,C_Lvav_43,train
0.82499737,-0.00501717,6,C_Lvav_43,train
1.9819857,0.075370006,2,C_Lvav_43,train
0.43288654,-0.5482461,5,C_Lvav_43,train
0.6424888,-0.34578753,12,C_Lvav_43,train
0.11325456,1.2104168,11,C_Lvav_43,train
0.61324507,1.0329816,10,C_Lvav_43,train
0.802456,-0.21985109,7,C_Lvav_43,train
-0.73644525,0.5448026,13,C_Lvav_43,train
2.6247573,0.5224406,9,C_Lvav_43,train
0.5654567,0.49285486,8,C_Lvav_43,train
-0.009368498,0.44428366,14,C_Lvav_43,train
1.0777755,1.2274882,13,C_Lvav_96,train
0.9238812,-0.971751,7,C_Lvav_96,train
2.128281,-1.4444058,10,C_Lvav_96,train
0.56677103,0.5779178,14,C_Lvav_96,train
-1.6955941,-0.61750746,8,C_Lvav_96,train
-0.11718801,0.13313243,9,C_Lvav_96,train
0.4246845,-0.20699292,12,C_Lvav_96,train
0.26281747,0.05420725,11,C_Lvav_96,train
0.1351119,0.43524662,6,C_Lvav_96,train
0.29831383,0.39643803,1,C_Lvav_96,train
0.0046144133,-1.1019833,5,C_Lvav_96,train
0.55443597,-1.1735096,2,C_Lvav_96,train
-0.9291398,-2.1972344,4,C_Lvav_96,train
0.52675414,-0.020463709,3,C_Lvav_96,train
-1.0104293,-0.82565314,0,C_Lvav_96,train
-0.55164975,0.74330884,12,C_Lvav_8,train
-0.9424,-1.0845606,11,C_Lvav_8,train
0.116399765,-0.33478686,13,C_Lvav_8,train
1.8569119,-0.19704562,7,C_Lvav_8,train
1.2782465,-1.418012,10,C_Lvav_8,train
-1.7131506,0.72850674,14,C_Lvav_8,train
-1.324339,-1.4164156,8,C_Lvav_8,train
2.0690134,0.09780302,9,C_Lvav_8,train
0.13868451,0.625483,4,C_Lvav_8,train
-0.27792317,-0.5776027,3,C_Lvav_8,train
-0.09181433,0.4850192,0,C_Lvav_8,train
-1.5487806,0.97845364,6,C_Lvav_8,train
-0.43704537,-0.33310476,1,C_Lvav_8,train
-0.082332104,-0.049704663,5,C_Lvav_8,train
0.51132137,-0.67607445,2,C_Lvav_8,train
0.9720678,0.090965554,14,C_Lav_44,train
-1.1995251,0.80880374,8,C_Lav_44,train
-0.52040035,-0.13097507,9,C_Lav_44,train
1.3758597,-1.2731082,13,C_Lav_44,train
-1.3914725,1.3362746,7,C_Lav_44,train
-1.0563135,0.9076801,10,C_Lav_44,train
-1.1032437,-0.053921796,11,C_Lav_44,train
-0.38253197,0.2321437,12,C_Lav_44,train
0.08733012,-0.4300898,5,C_Lav_44,train
-1.445629,0.028904464,2,C_Lav_44,train
1.0113647,1.2018657,6,C_Lav_44,train
-0.8234684,0.050451,1,C_Lav_44,train
0.87034696,-0.85668766,3,C_Lav_44,train
0.8654822,-0.10933027,0,C_Lav_44,train
0.3143906,0.2420499,4,C_Lav_44,train
0.8238346,0.7308299,4,C_Sav_99,train
-0.03391994,-0.26963347,0,C_Sav_99,train
0.33894897,0.44138616,3,C_Sav_99,train
-0.27132452,0.7881711,1,C_Sav_99,train
0.45286104,-0.18302612,6,C_Sav_99,train
2.1191237,1.829217,2,C_Sav_99,train
0.52016884,-0.6484715,5,C_Sav_99,train
-1.316692,-0.31562218,12,C_Sav_99,train
-0.3430457,0.20008308,11,C_Sav_99,train
0.18923703,1.6048639,10,C_Sav_99,train
-0.44257757,-0.84448195,13,C_Sav_99,train
-0.7240901,0.92980474,7,C_Sav_99,train
-1.4153618,-0.16757274,9,C_Sav_99,train
-1.3668706,-0.5277829,14,C_Sav_99,train
-0.046866715,0.76816726,8,C_Sav_99,train
-0.591637,-1.1642286,2,C_Lava_12,train
0.8243091,1.7270422,5,C_Lava_12,train
-0.3518923,-0.29626796,1,C_Lava_12,train
-0.120298155,-0.7911925,6,C_Lava_12,train
-0.08108241,1.606965,0,C_Lava_12,train
0.045788236,1.6368449,3,C_Lava_12,train
1.8983688,-0.90735745,4,C_Lava_12,train
0.9532645,-0.20165107,9,C_Lava_12,train
0.5381378,0.78250325,8,C_Lava_12,train
-1.5038341,0.048462413,14,C_Lava_12,train
-0.03795014,-0.86421597,10,C_Lava_12,train
0.22956498,-0.6024444,7,C_Lava_12,train
0.15526354,1.1870068,13,C_Lava_12,train
-1.5376402,1.2581247,11,C_Lava_12,train
-0.5557094,-0.7796686,12,C_Lava_12,train
-0.63513726,1.7427415,2,C_Sav_6,train
0.22668429,-0.78299123,5,C_Sav_6,train
-0.49984944,0.49914193,1,C_Sav_6,train
1.0075707,-0.6870705,6,C_Sav_6,train
-1.8930434,-2.0944834,0,C_Sav_6,train
-2.3570476,-1.2056475,3,C_Sav_6,train
-0.6872582,0.19341588,4,C_Sav_6,train
0.51182604,-1.3743098,9,C_Sav_6,train
-1.4105759,-0.20643583,8,C_Sav_6,train
1.0491037,-0.5654547,14,C_Sav_6,train
0.12825644,-0.5350566,10,C_Sav_6,train
0.20455551,0.8945391,7,C_Sav_6,train
0.2284185,0.37113455,13,C_Sav_6,train
0.12968698,-0.63407195,11,C_Sav_6,train
0.34357303,0.50721407,12,C_Sav_6,train
1.0546103,-1.0011088,12,C_Lvav_2,train
-2.255269,0.2548048,11,C_Lvav_2,train
0.70420057,-0.5711609,10,C_Lvav_2,train
0.10759692,0.92606527,13,C_Lvav_2,train
-1.6107159,-0.11721055,7,C_Lvav_2,train
1.3206565,0.3026972,9,C_Lvav_2,train
-0.07474739,-0.1335051,14,C_Lvav_2,train
-0.71331596,0.857936,8,C_Lvav_2,train
1.6009007,-0.21163642,4,C_Lvav_2,train
-0.34610197,-0.109520756,0,C_Lvav_2,train
0.3197444,0.3161657,3,C_Lvav_2,train
0.9299193,1.2676765,1,C_Lvav_2,train
1.740686,-0.19104081,6,C_Lvav_2,train
0.6047976,0.0029256917,2,C_Lvav_2,train
2.0306845,-0.29186577,5,C_Lvav_2,train
-0.33549795,-0.56188637,3,C_Savav_26,train
-0.061632853,-1.2582645,0,C_Savav_26,train
0.10838348,1.6036386,4,C_Savav_26,train
0.8994486,-1.5319598,5,C_Savav_26,train
0.2729018,-1.3377075,2,C_Savav_26,train
0.3911053,0.4131425,6,C_Savav_26,train
-0.028951012,0.13631195,1,C_Savav_26,train
0.5218271,-0.56258386,11,C_Savav_26,train
-2.007285,-0.3560502,12,C_Savav_26,train
-0.24665222,0.8472126,8,C_Savav_26,train
0.19023818,1.6869063,14,C_Savav_26,train
0.35192925,-0.60376245,9,C_Savav_26,train
0.6631907,-0.74003994,7,C_Savav_26,train
0.6906101,0.12819073,13,C_Savav_26,train
-1.9719393,0.040139467,10,C_Savav_26,train
-0.74624205,0.9562259,4,C_Savav_47,train
-0.29002854,0.6374267,3,C_Savav_47,train
-1.5031309,-1.6813622,0,C_Savav_47,train
-0.29322678,2.5228043,6,C_Savav_47,train
-1.634745,0.81599534,1,C_Savav_47,train
2.0372443,0.7895108,5,C_Savav_47,train
0.65168494,0.4090141,2,C_Savav_47,train
0.04799147,0.5328492,12,C_Savav_47,train
0.35787022,0.16232401,11,C_Savav_47,train
-0.3650919,0.91653055,13,C_Savav_47,train
0.7493903,-0.58555734,7,C_Savav_47,train
0.8355967,-0.54789317,10,C_Savav_47,train
-1.3147146,-0.9963107,14,C_Savav_47,train
0.9346193,0.106406316,8,C_Savav_47,train
0.26683515,-2.8062086,9,C_Savav_47,train
-0.8424099,1.8376985,5,C_Lvav_91,train
-0.69207853,0.18598306,2,C_Lvav_91,train
-1.9923701,-1.0122045,6,C_Lvav_91,train
-1.0497204,-0.009869555,1,C_Lvav_91,train
0.0950093,-0.8926239,3,C_Lvav_91,train
-0.35188147,-0.61365277,0,C_Lvav_91,train
0.5233445,-0.5156415,4,C_Lvav_91,train
-0.44734406,-0.80906963,14,C_Lvav_91,train
0.08356513,1.046063,8,C_Lvav_91,train
1.4176904,0.5183054,9,C_Lvav_91,train
-0.71715504,2.310908,13,C_Lvav_91,train
-1.2909355,-0.10930272,7,C_Lvav_91,train
1.5910906,0.5676029,10,C_Lvav_91,train
0.6252448,-0.38326958,11,C_Lvav_91,train
-1.5939344,-1.855909,12,C_Lvav_91,train
0.8153219,-0.5499165,11,C_Lava_42,train
-1.2036761,-1.1377431,12,C_Lava_42,train
-1.1174498,0.28234982,9,C_Lava_42,train
-1.0729413,-0.8741736,8,C_Lava_42,train
1.4157864,1.0593618,14,C_Lava_42,train
-0.79863566,0.0020605305,10,C_Lava_42,train
-0.57681704,0.6779593,7,C_Lava_42,train
-0.65986145,1.1794089,13,C_Lava_42,train
-0.15769006,-0.99159056,0,C_Lava_42,train
-0.6202382,-0.44921073,3,C_Lava_42,train
1.1843158,-0.07638924,4,C_Lava_42,train
-0.08604092,0.0687882,2,C_Lava_42,train
1.5322522,-0.83690953,5,C_Lava_42,train
0.78005755,-0.062071178,1,C_Lava_42,train
0.47679144,0.86257267,6,C_Lava_42,train
0.89960414,0.12892258,11,C_Savav_72,train
0.5215257,-0.19997446,12,C_Savav_72,train
3.019653,0.19662431,9,C_Savav_72,train
0.10411798,1.1750666,14,C_Savav_72,train
0.76468754,0.73191094,8,C_Savav_72,train
1.091631,0.14098233,10,C_Savav_72,train
0.10629907,1.5729762,13,C_Savav_72,train
0.14836341,1.5306996,7,C_Savav_72,train
0.78808427,-1.0034447,0,C_Savav_72,train
-0.6601842,0.6793284,3,C_Savav_72,train
-0.6155029,0.10218673,4,C_Savav_72,train
1.5974247,1.1643701,2,C_Savav_72,train
0.16759843,-2.1803432,5,C_Savav_72,train
-0.31527185,-1.2249901,1,C_Savav_72,train
-0.37821618,0.15522808,6,C_Savav_72,train
2.6094332,0.74186474,1,C_Lvav_86,train
0.88343644,-0.006739931,6,C_Lvav_86,train
0.42233697,0.9387986,2,C_Lvav_86,train
-0.17177108,-1.0472775,5,C_Lvav_86,train
-1.0860708,-0.08101656,4,C_Lvav_86,train
0.03474595,0.015951201,0,C_Lvav_86,train
-1.5450659,1.0667735,3,C_Lvav_86,train
-0.57910496,-0.3369012,10,C_Lvav_86,train
-1.0235754,-0.7899388,13,C_Lvav_86,train
0.93094885,0.50173163,7,C_Lvav_86,train
0.60517305,0.71662855,9,C_Lvav_86,train
-0.48513097,0.3868537,14,C_Lvav_86,train
-1.1064317,-1.3456885,8,C_Lvav_86,train
-0.8747123,1.9821533,12,C_Lvav_86,train
0.6541092,1.2776791,11,C_Lvav_86,train
0.0651245,-0.55363655,4,C_Lava_78,train
0.028634613,-2.2955544,0,C_Lava_78,train
-0.38912833,0.13203242,3,C_Lava_78,train
-1.0894971,0.37355828,1,C_Lava_78,train
-0.5720893,0.1684257,6,C_Lava_78,train
0.81247646,-0.19358784,2,C_Lava_78,train
-0.8487848,0.8126905,5,C_Lava_78,train
1.2005987,-1.6160012,12,C_Lava_78,train
0.9737249,1.1276262,11,C_Lava_78,train
0.6253508,1.2002151,10,C_Lava_78,train
-0.3415606,0.18735138,13,C_Lava_78,train
0.6182452,0.059441194,7,C_Lava_78,train
1.2741942,1.6010852,9,C_Lava_78,train
0.51569235,-1.5215328,14,C_Lava_78,train
0.46974352,0.9635798,8,C_Lava_78,train
-0.6833842,0.76508677,9,C_Savav_38,train
0.7514728,-0.05358073,14,C_Savav_38,train
-0.55213225,-0.024767185,8,C_Savav_38,train
-0.29213217,1.8430153,10,C_Savav_38,train
-0.67566186,-1.2822533,13,C_Savav_38,train
-0.427741,-2.51991,7,C_Savav_38,train
2.9305987,-0.5412762,11,C_Savav_38,train
-0.75569713,-0.80998504,12,C_Savav_38,train
1.0642941,0.30079472,2,C_Savav_38,train
0.19778264,0.14241189,5,C_Savav_38,train
1.0410585,0.09674817,1,C_Savav_38,train
1.1195627,1.2930676,6,C_Savav_38,train
-0.9012994,-0.8913904,0,C_Savav_38,train
0.673379,-0.31849435,3,C_Savav_38,train
0.37932676,1.6730762,4,C_Savav_38,train
1.4181731,0.5745213,2,C_Savav_0,train
-0.25360852,-1.6846561,5,C_Savav_0,train
1.5507034,0.25623536,1,C_Savav_0,train
0.4642496,-0.11354821,6,C_Savav_0,train
0.49931028,0.73533756,0,C_Savav_0,train
0.60804,-0.46561044,3,C_Savav_0,train
-2.0713937,-0.032713465,4,C_Savav_0,train
0.035086643,-0.85872954,9,C_Savav_0,train
-0.37763953,-1.3721024,14,C_Savav_0,train
-2.1732688,-0.20157471,8,C_Savav_0,train
-0.26752532,-0.8256109,10,C_Savav_0,train
0.9020448,-0.0077794795,13,C_Savav_0,train
-0.022090338,0.73359,7,C_Savav_0,train
-1.2130735,-1.3217072,11,C_Savav_0,train
-0.954383,0.52877617,12,C_Savav_0,train
-0.09720775,-0.32213035,12,C_Savav_24,train
-0.5786,0.2753358,11,C_Savav_24,train
0.7322342,0.40778875,13,C_Savav_24,train
0.33074832,-0.81363314,7,C_Savav_24,train
-0.26220584,0.12046842,10,C_Savav_24,train
-0.93726426,-1.2471523,14,C_Savav_24,train
0.9213596,1.3807342,8,C_Savav_24,train
-0.7918688,0.27294564,9,C_Savav_24,train
-0.385218,0.33570465,4,C_Savav_24,train
0.04047175,2.7757816,3,C_Savav_24,train
1.126824,-0.5550945,0,C_Savav_24,train
1.9053761,-0.50525606,6,C_Savav_24,train
0.25573862,1.5051279,1,C_Savav_24,train
-0.088732004,1.4480547,5,C_Savav_24,train
1.2432183,0.13375482,2,C_Savav_24,train
0.25498238,0.23837198,13,C_Sav_30,train
-0.13546038,-0.064199224,7,C_Sav_30,train
0.82468957,-0.8306158,10,C_Sav_30,train
0.6283678,-1.2341202,14,C_Sav_30,train
-1.1135976,1.216779,8,C_Sav_30,train
0.12939444,-0.17798866,9,C_Sav_30,train
1.0162574,0.13012737,12,C_Sav_30,train
-1.1497564,-0.73203784,11,C_Sav_30,train
0.33653042,-0.2985331,6,C_Sav_30,train
0.08547813,-0.55903363,1,C_Sav_30,train
-0.08752573,-1.2822882,5,C_Sav_30,train
-1.1981223,0.6172796,2,C_Sav_30,train
-0.0476741,1.0614384,4,C_Sav_30,train
-0.19322228,0.9022838,3,C_Sav_30,train
-0.33357024,-1.8774267,0,C_Sav_30,train
-1.0793465,-0.42176142,9,C_Savav_44,train
2.225412,-0.2125173,8,C_Savav_44,train
-0.55810326,-0.91643155,14,C_Savav_44,train
-0.22075532,-0.025970565,10,C_Savav_44,train
-0.6204952,0.07815838,7,C_Savav_44,train
-0.9014261,1.9410715,13,C_Savav_44,train
-1.2556835,-1.8521839,11,C_Savav_44,train
-0.08644087,1.2061028,12,C_Savav_44,train
0.44059423,-0.76680994,2,C_Savav_44,train
-1.095079,-0.45561424,5,C_Savav_44,train
0.8172054,0.65830547,1,C_Savav_44,train
0.6893633,-0.6739927,6,C_Savav_44,train
-0.35059804,0.5117764,0,C_Savav_44,train
0.51121956,0.8003927,3,C_Savav_44,train
0.75704646,0.695727,4,C_Savav_44,train
-0.8687623,0.36750382,9,C_Sav_63,train
0.16993752,-0.5625682,8,C_Sav_63,train
0.62858385,-0.80910444,14,C_Sav_63,train
-1.8366446,-2.0066075,10,C_Sav_63,train
1.1260545,-0.4092634,7,C_Sav_63,train
0.20054987,0.36356336,13,C_Sav_63,train
-0.8655493,0.39788216,11,C_Sav_63,train
1.1666237,0.46036407,12,C_Sav_63,train
-0.2831226,0.06239877,2,C_Sav_63,train
1.4612753,-0.3128413,5,C_Sav_63,train
0.79321325,-0.053396303,1,C_Sav_63,train
1.7670681,0.38704002,6,C_Sav_63,train
-0.71752536,0.52688015,0,C_Sav_63,train
-1.6950293,-1.3886262,3,C_Sav_63,train
-1.4374688,0.22814372,4,C_Sav_63,train
0.6093505,0.5787382,4,C_Savav_31,train
-0.60684824,0.28728718,0,C_Savav_31,train
0.3042432,0.59709835,3,C_Savav_31,train
-0.21108127,-0.19394697,1,C_Savav_31,train
0.038146354,0.06137915,6,C_Savav_31,train
0.45312148,-0.4390654,2,C_Savav_31,train
-0.31746385,-0.29004788,5,C_Savav_31,train
0.3340176,-1.7695924,12,C_Savav_31,train
-1.1929867,-0.92838085,11,C_Savav_31,train
0.9705857,-0.9850029,10,C_Savav_31,train
0.70658785,1.6718825,7,C_Savav_31,train
0.9258957,0.06908114,13,C_Savav_31,train
0.8958032,1.2779286,9,C_Savav_31,train
0.51647586,-1.2394049,8,C_Savav_31,train
1.4463216,1.4852424,14,C_Savav_31,train
-0.20233133,1.1497078,1,C_Sav_92,train
-1.1221122,-0.85648495,6,C_Sav_92,train
0.47075665,0.08349196,2,C_Sav_92,train
-1.1445582,2.0813422,5,C_Sav_92,train
0.30884027,-0.38863155,4,C_Sav_92,train
1.565044,-0.30098897,0,C_Sav_92,train
-1.29567,0.93928206,3,C_Sav_92,train
-0.7387617,1.1063924,10,C_Sav_92,train
-0.43699306,-0.79478353,13,C_Sav_92,train
-0.14809227,0.91997993,7,C_Sav_92,train
1.872122,0.24013768,9,C_Sav_92,train
-2.5193696,0.43333563,14,C_Sav_92,train
-0.8432542,0.5707357,8,C_Sav_92,train
-0.30312932,-0.569699,12,C_Sav_92,train
-1.7119606,0.9079181,11,C_Sav_92,train
-1.686481,0.1173708,1,C_Sav_59,train
1.3780892,0.8000687,6,C_Sav_59,train
0.19772965,0.70386714,2,C_Sav_59,train
1.640911,1.2664437,5,C_Sav_59,train
1.0007951,-0.06118806,4,C_Sav_59,train
-1.0728724,0.2997826,0,C_Sav_59,train
0.6821154,1.3110931,3,C_Sav_59,train
-0.78392017,1.8460435,10,C_Sav_59,train
-1.0806491,-1.1142541,13,C_Sav_59,train
-0.24794541,0.85583556,7,C_Sav_59,train
-1.0419083,-0.22077489,9,C_Sav_59,train
0.27300408,1.6198639,14,C_Sav_59,train
-1.4464829,0.75228775,8,C_Sav_59,train
-1.763562,-0.25530583,12,C_Sav_59,train
0.04542117,-1.8147396,11,C_Sav_59,train
-1.4358416,-0.08958962,4,C_Lvav_35,train
0.043734517,-1.2667966,3,C_Lvav_35,train
1.0494528,0.30189154,0,C_Lvav_35,train
-0.550005,-1.2940655,6,C_Lvav_35,train
-1.764915,-0.87240326,1,C_Lvav_35,train
-0.18260403,-1.9798251,5,C_Lvav_35,train
0.09833628,0.17169881,2,C_Lvav_35,train
-1.6650105,-0.60143894,12,C_Lvav_35,train
-0.1698344,-0.33259976,11,C_Lvav_35,train
1.0270389,-0.24835458,13,C_Lvav_35,train
0.1569843,-0.006710303,7,C_Lvav_35,train
-0.97612053,-2.0826304,10,C_Lvav_35,train
-0.9356382,0.4981956,14,C_Lvav_35,train
0.45870605,-0.014847509,8,C_Lvav_35,train
0.023401508,0.23598802,9,C_Lvav_35,train
-0.38375986,0.31473985,1,C_Lava_37,train
0.847435,1.302981,6,C_Lava_37,train
-1.142202,-1.4548488,2,C_Lava_37,train
0.9854924,-1.3748635,5,C_Lava_37,train
0.23848164,1.5444067,4,C_Lava_37,train
-0.5807518,-0.43625894,0,C_Lava_37,train
0.8672931,-0.54846287,3,C_Lava_37,train
1.2314495,1.4509486,10,C_Lava_37,train
1.3863066,0.5739345,7,C_Lava_37,train
1.8677723,-1.4991672,13,C_Lava_37,train
-0.20469391,0.33369464,9,C_Lava_37,train
-0.5224694,0.82920194,8,C_Lava_37,train
0.40664026,-1.1936651,14,C_Lava_37,train
-0.5087991,1.0660222,12,C_Lava_37,train
0.37788182,1.276535,11,C_Lava_37,train
0.4259277,1.1895623,5,C_Savav_15,train
-1.5050863,0.44167516,2,C_Savav_15,train
-1.8419257,-1.6848103,6,C_Savav_15,train
-1.0092523,2.0308237,1,C_Savav_15,train
1.2575963,-0.036287248,3,C_Savav_15,train
-1.0823029,-2.1917226,0,C_Savav_15,train
-0.6843709,1.164888,4,C_Savav_15,train
0.9203615,-0.422804,8,C_Savav_15,train
-1.1843144,-0.26970282,14,C_Savav_15,train
-0.488222,-0.09049151,9,C_Savav_15,train
0.7066512,-0.026270442,7,C_Savav_15,train
-0.7204479,1.1276482,13,C_Savav_15,train
-0.391589,0.4722533,10,C_Savav_15,train
1.9298534,-0.6641863,11,C_Savav_15,train
-0.9720151,-0.0033887064,12,C_Savav_15,train
0.75595796,0.96116054,13,C_Lav_61,train
-0.20315194,-0.7708628,7,C_Lav_61,train
0.62928414,-1.9162257,10,C_Lav_61,train
-1.6473846,-0.72185236,14,C_Lav_61,train
-0.1832345,-1.7256681,8,C_Lav_61,train
-0.07651267,-0.2220618,9,C_Lav_61,train
1.3410285,-0.6940681,12,C_Lav_61,train
0.1087068,0.5327598,11,C_Lav_61,train
1.1206423,1.612468,6,C_Lav_61,train
1.1449287,0.5009306,1,C_Lav_61,train
-0.23103797,0.81978977,5,C_Lav_61,train
-0.8383244,0.17103414,2,C_Lav_61,train
0.3507868,-0.52121454,4,C_Lav_61,train
0.18704355,-1.7130867,3,C_Lav_61,train
1.6743058,1.9802324,0,C_Lav_61,train
-0.96228015,0.45399424,2,C_Lvav_68,train
1.7252531,-0.33959818,5,C_Lvav_68,train
-2.5080326,-0.20510954,1,C_Lvav_68,train
-2.0631826,-0.6277572,6,C_Lvav_68,train
1.2939776,1.065147,0,C_Lvav_68,train
1.4717041,0.035044413,3,C_Lvav_68,train
1.020659,-1.3899361,4,C_Lvav_68,train
-1.0386454,-1.2135792,9,C_Lvav_68,train
-1.3502991,-0.4999231,14,C_Lvav_68,train
1.7963188,0.7292623,8,C_Lvav_68,train
0.93899846,0.4888566,10,C_Lvav_68,train
-0.782814,-0.9015552,13,C_Lvav_68,train
-0.21316943,-0.21124962,7,C_Lvav_68,train
-0.46879098,0.55036134,11,C_Lvav_68,train
-0.22112064,-0.08051323,12,C_Lvav_68,train
0.004610955,0.1566188,3,C_Lav_11,train
0.6442179,-0.59954876,0,C_Lav_11,train
0.27854767,-0.38934326,4,C_Lav_11,train
-0.31770003,-1.4319589,5,C_Lav_11,train
1.8160368,-2.4321506,2,C_Lav_11,train
-0.5727062,-0.9575051,6,C_Lav_11,train
0.06926519,-0.6496255,1,C_Lav_11,train
0.9423484,0.044245485,11,C_Lav_11,train
-0.24753982,-3.0747793,12,C_Lav_11,train
-1.2785227,-1.1069674,8,C_Lav_11,train
0.964557,0.17737702,14,C_Lav_11,train
0.24769753,-0.83868814,9,C_Lav_11,train
1.3674887,-1.0877643,7,C_Lav_11,train
0.03464411,0.26443857,13,C_Lav_11,train
-1.3699278,-1.1666051,10,C_Lav_11,train
0.961724,-1.8715774,2,C_Sav_3,train
-0.40160394,0.74710387,5,C_Sav_3,train
-0.73387986,1.5721737,1,C_Sav_3,train
0.36605698,-0.22126062,6,C_Sav_3,train
-1.2799557,1.0046042,0,C_Sav_3,train
0.43428096,-1.9321413,3,C_Sav_3,train
0.3107857,-0.7164747,4,C_Sav_3,train
-0.6245347,-1.394547,9,C_Sav_3,train
-0.026899084,2.3266935,14,C_Sav_3,train
-0.6838709,-0.19963253,8,C_Sav_3,train
-0.42847186,-1.2345345,10,C_Sav_3,train
0.19582157,-1.8963472,13,C_Sav_3,train
1.1316011,0.5662879,7,C_Sav_3,train
-0.42999265,-0.30107948,11,C_Sav_3,train
0.31615475,-0.06509964,12,C_Sav_3,train
0.46781528,1.0309162,9,C_Lav_6,train
1.6370205,-0.8518726,14,C_Lav_6,train
-0.97439647,-0.6196159,8,C_Lav_6,train
-0.5055408,1.4117956,10,C_Lav_6,train
-1.2205366,-0.32799405,13,C_Lav_6,train
-0.6705823,0.14386815,7,C_Lav_6,train
1.2438254,0.19494528,11,C_Lav_6,train
-0.6803032,-0.4829619,12,C_Lav_6,train
-0.22242355,0.12335902,2,C_Lav_6,train
-2.866652,-1.275228,5,C_Lav_6,train
0.39195806,0.9103963,1,C_Lav_6,train
-0.30554911,0.04205758,6,C_Lav_6,train
1.6659789,0.6178123,0,C_Lav_6,train
-0.807292,1.888268,3,C_Lav_6,train
-1.466535,0.05741781,4,C_Lav_6,train
-0.69024897,1.8512247,11,C_Savav_45,train
0.72646147,1.2392892,12,C_Savav_45,train
1.3069882,-1.1815479,8,C_Savav_45,train
0.34228867,0.78813994,14,C_Savav_45,train
1.1197003,0.74047476,9,C_Savav_45,train
-0.23252904,-0.7798561,7,C_Savav_45,train
-0.8941124,0.53437454,13,C_Savav_45,train
1.7991341,0.97057015,10,C_Savav_45,train
1.2344801,-0.8026381,3,C_Savav_45,train
0.53525704,-0.50661826,0,C_Savav_45,train
-1.2263223,0.285393,4,C_Savav_45,train
-1.2614365,0.32368279,5,C_Savav_45,train
0.99236405,0.21261969,2,C_Savav_45,train
-0.31353948,-2.5611138,6,C_Savav_45,train
-0.9819712,0.72931474,1,C_Savav_45,train
1.0679241,-1.3489441,0,C_Lava_96,train
-0.8801047,0.8333608,3,C_Lava_96,train
-0.041380417,-1.1300738,4,C_Lava_96,train
-1.3249222,0.5793023,2,C_Lava_96,train
0.35188955,1.9043677,5,C_Lava_96,train
-1.1109847,-1.4782583,1,C_Lava_96,train
0.08254674,-1.038297,6,C_Lava_96,train
0.2069335,0.83725286,11,C_Lava_96,train
-0.8309952,-0.33919495,12,C_Lava_96,train
0.98872876,0.8625529,9,C_Lava_96,train
0.86683613,-0.5625911,14,C_Lava_96,train
-0.032217238,-0.4031124,8,C_Lava_96,train
-1.7793472,0.07309272,10,C_Lava_96,train
0.29047656,-0.45409757,13,C_Lava_96,train
-0.16691616,-1.3771722,7,C_Lava_96,train
0.17541236,0.8091563,5,C_Lvav_26,train
0.40234983,0.54782766,2,C_Lvav_26,train
-0.50817335,0.8192369,6,C_Lvav_26,train
-0.85837793,1.5201184,1,C_Lvav_26,train
1.4876592,0.10790291,3,C_Lvav_26,train
-1.9974304,0.80542684,0,C_Lvav_26,train
-0.5506817,-0.34160542,4,C_Lvav_26,train
-1.0030462,-0.2286168,8,C_Lvav_26,train
-0.7521581,2.4563673,14,C_Lvav_26,train
-0.65327317,-0.29733983,9,C_Lvav_26,train
-0.28581426,1.2016441,7,C_Lvav_26,train
-2.5672886,2.3545291,13,C_Lvav_26,train
0.20003048,1.2509301,10,C_Lvav_26,train
-0.2786458,-0.50894874,11,C_Lvav_26,train
-0.6130462,1.38939,12,C_Lvav_26,train
0.7334906,1.7412802,12,C_Savav_19,train
0.008218382,-1.3482598,11,C_Savav_19,train
0.99526817,-0.08046258,7,C_Savav_19,train
0.29973003,0.81639725,13,C_Savav_19,train
-0.23724863,-0.31622833,10,C_Savav_19,train
-0.89476836,-1.160372,8,C_Savav_19,train
0.08753059,-0.9353076,14,C_Savav_19,train
1.9328,-0.5649242,9,C_Savav_19,train
1.4984432,0.015407681,4,C_Savav_19,train
-0.832594,-0.2697444,3,C_Savav_19,train
-1.0241716,-2.3643973,0,C_Savav_19,train
0.49646345,-0.31799838,6,C_Savav_19,train
0.49766847,1.0505819,1,C_Savav_19,train
0.04721469,-0.29607356,5,C_Savav_19,train
0.08199171,0.07254225,2,C_Savav_19,train
2.1279452,-0.11172748,14,C_Sav_15,train
-2.6466718,0.45489207,8,C_Sav_15,train
0.06754106,1.5111222,9,C_Sav_15,train
-0.45847324,-0.010487616,13,C_Sav_15,train
-0.5597467,0.49394476,7,C_Sav_15,train
-0.8084109,0.64422274,10,C_Sav_15,train
0.6145451,-2.62921,11,C_Sav_15,train
1.4326115,-1.0615313,12,C_Sav_15,train
1.3948663,-1.2928488,5,C_Sav_15,train
0.5660586,1.154255,2,C_Sav_15,train
-1.8756242,0.08436262,6,C_Sav_15,train
-0.25717354,-0.8968878,1,C_Sav_15,train
-0.8300313,-1.5773124,3,C_Sav_15,train
-1.6290308,0.6851501,0,C_Sav_15,train
0.6685067,0.5943409,4,C_Sav_15,train
0.8689279,-0.43402746,11,C_Lav_2,train
1.0141621,0.46560016,12,C_Lav_2,train
1.7384261,0.3076564,8,C_Lav_2,train
-0.60221255,-0.14597806,14,C_Lav_2,train
-0.48158523,0.6162025,9,C_Lav_2,train
-2.0756373,-0.7264,7,C_Lav_2,train
-0.99329907,-0.03563585,13,C_Lav_2,train
0.66825044,0.5532579,10,C_Lav_2,train
0.40306288,-0.030370656,3,C_Lav_2,train
-0.4968495,0.57014745,0,C_Lav_2,train
-0.1770775,-1.0782076,4,C_Lav_2,train
1.8954413,-0.2693184,5,C_Lav_2,train
-0.29830942,0.3365531,2,C_Lav_2,train
-0.4141455,1.0972311,6,C_Lav_2,train
-0.19505858,0.96767765,1,C_Lav_2,train
0.214813,0.11246696,1,C_Lava_76,train
0.66969454,-1.1735544,6,C_Lava_76,train
0.37214404,-1.6978768,2,C_Lava_76,train
0.8426758,1.3043056,5,C_Lava_76,train
-0.34469056,0.3831215,4,C_Lava_76,train
0.8728459,-1.8873954,0,C_Lava_76,train
-0.39766094,-0.39363757,3,C_Lava_76,train
1.5752504,-0.21285847,10,C_Lava_76,train
-1.0941103,2.2994072,7,C_Lava_76,train
2.131253,0.32204226,13,C_Lava_76,train
-0.031682156,-0.41139653,9,C_Lava_76,train
-0.34747767,-0.16794816,8,C_Lava_76,train
2.3373513,-0.54536915,14,C_Lava_76,train
0.6967184,0.84092855,12,C_Lava_76,train
-0.8508907,-1.4881098,11,C_Lava_76,train
-0.19844043,-2.0842557,12,C_Savav_16,train
-0.36114955,-0.90907353,11,C_Savav_16,train
0.39998233,0.40434003,10,C_Savav_16,train
1.5864259,0.9318007,13,C_Savav_16,train
-2.130756,-0.11297827,7,C_Savav_16,train
1.3935415,-0.046264272,9,C_Savav_16,train
1.0162243,0.25644633,14,C_Savav_16,train
0.6840133,1.5785191,8,C_Savav_16,train
0.37306693,1.4390372,4,C_Savav_16,train
-1.119975,-1.390208,0,C_Savav_16,train
1.4326961,0.73418957,3,C_Savav_16,train
-0.5641104,-0.21745637,1,C_Savav_16,train
2.0267074,-0.23590177,6,C_Savav_16,train
-0.1075814,-0.11718467,2,C_Savav_16,train
-1.0823164,0.060226776,5,C_Savav_16,train
-0.44650808,-0.09010449,3,C_Lava_13,train
-0.64254624,1.5753663,0,C_Lava_13,train
-0.0631516,-1.4591835,4,C_Lava_13,train
0.17130125,0.31358156,5,C_Lava_13,train
-0.586042,1.0856138,2,C_Lava_13,train
0.21416804,-0.3981973,6,C_Lava_13,train
-0.41369888,-0.6336177,1,C_Lava_13,train
2.450085,1.1730403,11,C_Lava_13,train
0.19953695,0.012896266,12,C_Lava_13,train
1.3114631,-0.095029086,8,C_Lava_13,train
-1.1841515,0.34024447,14,C_Lava_13,train
-1.6073962,-0.28177342,9,C_Lava_13,train
0.9466267,0.84466904,7,C_Lava_13,train
0.6151746,1.1437906,13,C_Lava_13,train
0.8825324,0.5933576,10,C_Lava_13,train
-1.7884135,-0.04256364,4,C_Sav_96,train
0.9151086,-1.6099907,3,C_Sav_96,train
0.05682087,-0.90507257,0,C_Sav_96,train
1.2360038,1.5945765,6,C_Sav_96,train
1.0416952,-0.081591666,1,C_Sav_96,train
0.7439179,0.15946743,5,C_Sav_96,train
1.1880385,-0.4451377,2,C_Sav_96,train
-1.8259513,1.0478367,12,C_Sav_96,train
-0.11582332,-0.5914209,11,C_Sav_96,train
0.23139477,-1.6768771,7,C_Sav_96,train
2.1068711,-0.21299964,13,C_Sav_96,train
0.8582444,-1.0792754,10,C_Sav_96,train
2.1747468,-0.7274283,8,C_Sav_96,train
-0.39301234,1.1942737,14,C_Sav_96,train
-1.1860021,1.7482405,9,C_Sav_96,train
1.5769974,-0.13818893,0,C_Lav_26,train
-0.35517406,0.7700567,3,C_Lav_26,train
-0.11870182,-1.4770805,4,C_Lav_26,train
2.9175587,0.8139457,2,C_Lav_26,train
-0.025445694,-0.07008026,5,C_Lav_26,train
-0.6892348,0.14784603,1,C_Lav_26,train
-1.1143415,-0.39015982,6,C_Lav_26,train
0.6882712,-0.46408498,11,C_Lav_26,train
-0.48768595,-0.36328107,12,C_Lav_26,train
0.09622286,0.8369796,9,C_Lav_26,train
0.59499377,-0.84804523,14,C_Lav_26,train
-0.30511135,-0.32768485,8,C_Lav_26,train
-1.4364452,0.22800043,10,C_Lav_26,train
-0.15901056,-0.9056446,13,C_Lav_26,train
0.26856643,-0.69642246,7,C_Lav_26,train
0.15371808,1.068591,4,C_Sav_58,train
1.2075855,-0.2841613,3,C_Sav_58,train
0.85574794,0.75360256,0,C_Sav_58,train
-0.8128223,-0.4119481,6,C_Sav_58,train
-0.53001344,0.46917593,1,C_Sav_58,train
-0.22619554,2.0176828,5,C_Sav_58,train
-1.4159068,0.49403483,2,C_Sav_58,train
-2.144125,0.15779555,12,C_Sav_58,train
-1.1644464,-0.43625748,11,C_Sav_58,train
-0.03014216,1.5526857,13,C_Sav_58,train
-0.58873105,-0.7308252,7,C_Sav_58,train
0.0037216176,-0.22830017,10,C_Sav_58,train
0.8624851,-0.21291283,14,C_Sav_58,train
-1.5945947,-1.0629033,8,C_Sav_58,train
1.6180346,-1.6494836,9,C_Sav_58,train
-0.3494569,0.22689736,11,C_Lav_7,train
-0.29987183,-1.5091741,12,C_Lav_7,train
-0.287472,3.0799863,14,C_Lav_7,train
0.6863324,0.9288691,8,C_Lav_7,train
0.6273341,0.8788953,9,C_Lav_7,train
-2.0539668,-2.1513689,13,C_Lav_7,train
1.5421805,-1.2197323,7,C_Lav_7,train
-0.29600817,-0.94076174,10,C_Lav_7,train
-0.5075887,0.5112281,3,C_Lav_7,train
-0.03309732,0.33945516,0,C_Lav_7,train
1.0117431,-0.7961675,4,C_Lav_7,train
-0.22077346,0.045878522,5,C_Lav_7,train
-1.0748211,0.69270104,2,C_Lav_7,train
-1.3078614,-0.15485905,6,C_Lav_7,train
-0.5777649,0.76846033,1,C_Lav_7,train
0.5366447,-0.795695,4,C_Sav_65,train
-0.017933397,-0.25289157,3,C_Sav_65,train
-0.9245913,-0.43627486,0,C_Sav_65,train
-0.772383,1.4420477,6,C_Sav_65,train
-1.316407,0.15712345,1,C_Sav_65,train
0.50655586,-1.0007459,5,C_Sav_65,train
0.07839328,1.7502028,2,C_Sav_65,train
-0.41718104,0.7652122,12,C_Sav_65,train
2.2414994,-1.2741562,11,C_Sav_65,train
-0.31271023,-0.40215462,7,C_Sav_65,train
1.2699084,0.97082525,13,C_Sav_65,train
-2.1017323,-1.3464491,10,C_Sav_65,train
0.22717807,-0.20289159,8,C_Sav_65,train
-0.15438959,0.01109134,14,C_Sav_65,train
-0.2085678,-0.26097986,9,C_Sav_65,train
1.0934129,-0.9802505,4,C_Sav_93,val
-0.04336676,0.2646799,3,C_Sav_93,val
-1.3019153,0.8646993,0,C_Sav_93,val
-0.08526213,-0.41785187,6,C_Sav_93,val
-0.7619314,0.4009647,1,C_Sav_93,val
0.48392996,-0.55845845,5,C_Sav_93,val
0.80936646,0.3140028,2,C_Sav_93,val
0.55024123,-1.1218925,12,C_Sav_93,val
-0.14890468,-0.5630624,11,C_Sav_93,val
0.7547076,-0.055362824,13,C_Sav_93,val
-0.8909173,1.3984809,7,C_Sav_93,val
0.3785005,-0.42064178,10,C_Sav_93,val
-0.007643384,0.08258253,14,C_Sav_93,val
-1.8402998,-0.62934613,8,C_Sav_93,val
0.72556525,-0.9367517,9,C_Sav_93,val
0.78904927,-1.24547,11,C_Savav_40,val
-0.25999966,2.3041482,12,C_Savav_40,val
1.078929,0.022177074,14,C_Savav_40,val
-1.7691493,-0.31996405,8,C_Savav_40,val
-0.6215055,-0.34215617,9,C_Savav_40,val
1.8545281,-0.69986373,13,C_Savav_40,val
0.68556684,0.04859455,7,C_Savav_40,val
0.08683642,-0.6421784,10,C_Savav_40,val
1.1092972,-3.5722277,3,C_Savav_40,val
0.501124,2.238067,0,C_Savav_40,val
-1.6296068,0.24224952,4,C_Savav_40,val
-0.031924125,-0.9164249,5,C_Savav_40,val
-0.18270802,0.8452922,2,C_Savav_40,val
-1.3464587,-0.023120672,6,C_Savav_40,val
0.48955232,-0.81187314,1,C_Savav_40,val
-0.6469685,1.3312987,10,C_Lvav_9,val
0.25810307,-0.57594573,13,C_Lvav_9,val
-0.33251712,-1.0059345,7,C_Lvav_9,val
-1.3094906,-0.6113004,9,C_Lvav_9,val
0.17192692,0.17063949,14,C_Lvav_9,val
-0.16931692,0.2787336,8,C_Lvav_9,val
0.38013378,0.580909,12,C_Lvav_9,val
-0.5978645,-0.34478766,11,C_Lvav_9,val
0.43999022,0.4961178,1,C_Lvav_9,val
-1.2706213,-1.0499059,6,C_Lvav_9,val
1.9111564,-1.3101636,2,C_Lvav_9,val
-0.5152345,-0.845649,5,C_Lvav_9,val
-1.449087,-0.7624005,4,C_Lvav_9,val
0.76756245,-0.047737338,0,C_Lvav_9,val
0.9480244,-0.068291456,3,C_Lvav_9,val
1.1635087,1.4910523,6,C_Lav_43,val
-1.3960483,-0.07240998,1,C_Lav_43,val
-1.3052453,0.70618135,5,C_Lav_43,val
2.034514,-1.2742126,2,C_Lav_43,val
1.000395,0.16548723,4,C_Lav_43,val
-1.720228,-0.71370244,3,C_Lav_43,val
0.61743873,0.38381523,0,C_Lav_43,val
0.114725456,1.7087792,13,C_Lav_43,val
-1.3589823,-0.54224515,7,C_Lav_43,val
0.23646465,1.3900001,10,C_Lav_43,val
0.9669731,-1.6394249,14,C_Lav_43,val
-1.4357487,1.0561706,8,C_Lav_43,val
-0.8605492,-0.83880186,9,C_Lav_43,val
-0.0969002,1.2497829,12,C_Lav_43,val
-0.9767009,1.040348,11,C_Lav_43,val
0.6938559,-0.76761186,11,C_Lava_89,val
1.4870436,-0.08633997,12,C_Lava_89,val
-0.11467826,-0.6860628,9,C_Lava_89,val
-0.53857183,-0.9384212,8,C_Lava_89,val
0.4421349,0.493068,14,C_Lava_89,val
-0.63210076,1.5233306,10,C_Lava_89,val
0.96508545,0.19936512,7,C_Lava_89,val
-1.0545003,-1.0910947,13,C_Lava_89,val
0.23429674,-0.39265972,0,C_Lava_89,val
-0.73546946,1.8634846,3,C_Lava_89,val
1.9211508,-0.996435,4,C_Lava_89,val
0.41778412,0.5051712,2,C_Lava_89,val
1.130942,-0.13968134,5,C_Lava_89,val
-0.5918418,-0.6328471,1,C_Lava_89,val
1.4045454,-1.1575613,6,C_Lava_89,val
0.22045276,0.9058316,12,C_Lava_62,val
0.45602876,1.6428412,11,C_Lava_62,val
-0.898443,-0.63736486,10,C_Lava_62,val
0.35786417,0.12796102,13,C_Lava_62,val
-0.39160988,-0.35527763,7,C_Lava_62,val
-0.12512955,1.3742634,9,C_Lava_62,val
-0.07947722,-0.03293062,14,C_Lava_62,val
0.05504932,-0.033078067,8,C_Lava_62,val
-1.6556991,-0.5444914,4,C_Lava_62,val
-0.44967297,-1.5566885,0,C_Lava_62,val
-0.5556913,0.8206101,3,C_Lava_62,val
-1.0576079,-0.55688477,1,C_Lava_62,val
-0.06551433,-1.0814409,6,C_Lava_62,val
-0.50665754,-1.0509982,2,C_Lava_62,val
0.37175244,-0.463007,5,C_Lava_62,val
0.33699268,-1.6302333,3,C_Sav_45,val
-0.27180523,-0.49267247,0,C_Sav_45,val
0.51151955,-1.4542292,4,C_Sav_45,val
-1.8355718,-1.6148938,5,C_Sav_45,val
1.7091014,-0.20106941,2,C_Sav_45,val
-0.20501512,-0.87408245,6,C_Sav_45,val
0.37196892,0.18199292,1,C_Sav_45,val
-1.1874111,-0.99058366,11,C_Sav_45,val
0.23645219,-1.9828961,12,C_Sav_45,val
-0.041472632,-0.56002593,14,C_Sav_45,val
0.65559334,-0.7967799,8,C_Sav_45,val
-0.14003083,0.4783843,9,C_Sav_45,val
-0.3807288,2.2436335,13,C_Sav_45,val
-1.5796226,0.123338506,7,C_Sav_45,val
0.00046386814,1.0128558,10,C_Sav_45,val
-0.5512919,0.4906565,0,C_Lvav_95,val
-0.580462,2.2937179,3,C_Lvav_95,val
0.42808875,-1.9950347,4,C_Lvav_95,val
-0.72466564,0.14259234,2,C_Lvav_95,val
0.22456145,-1.4188962,5,C_Lvav_95,val
2.3414657,-0.003876606,1,C_Lvav_95,val
0.3783462,1.2761267,6,C_Lvav_95,val
0.28466722,-0.59760606,11,C_Lvav_95,val
0.42184475,-0.8811263,12,C_Lvav_95,val
0.027171925,-0.069945455,9,C_Lvav_95,val
1.1042119,1.7802196,8,C_Lvav_95,val
1.0912638,1.6660532,14,C_Lvav_95,val
1.5647316,0.86700165,10,C_Lvav_95,val
1.2737535,-1.238777,7,C_Lvav_95,val
0.7087793,-0.25656965,13,C_Lvav_95,val
-1.4328719,-0.12761845,10,C_Savav_92,val
-0.6646854,-1.9682342,7,C_Savav_92,val
0.079426005,-0.04675095,13,C_Savav_92,val
0.71187377,-0.52240664,9,C_Savav_92,val
-0.8189582,-1.291221,8,C_Savav_92,val
-0.30989924,0.31154808,14,C_Savav_92,val
-1.3507031,-0.063833386,12,C_Savav_92,val
1.8790873,-2.8893702,11,C_Savav_92,val
-0.50202644,1.1045063,1,C_Savav_92,val
0.26354444,0.91934806,6,C_Savav_92,val
-0.46695924,0.4414262,2,C_Savav_92,val
-0.35197297,-0.35687327,5,C_Savav_92,val
0.4379972,-0.50927836,4,C_Savav_92,val
0.2475273,0.19168854,0,C_Savav_92,val
0.01938653,-1.4528719,3,C_Savav_92,val
1.2427301,-0.60228443,4,C_Lava_84,val
-0.31718984,-1.2474947,3,C_Lava_84,val
1.5370351,-0.13099524,0,C_Lava_84,val
-1.1694262,-0.7142362,6,C_Lava_84,val
-1.0011716,0.8026328,1,C_Lava_84,val
-0.2462803,-0.3870501,5,C_Lava_84,val
1.1011325,-1.2475771,2,C_Lava_84,val
0.5319855,-0.5550644,12,C_Lava_84,val
0.7075586,-0.15019616,11,C_Lava_84,val
-1.1692668,-0.26122028,7,C_Lava_84,val
0.34799275,1.0314682,13,C_Lava_84,val
0.0049926247,0.49051338,10,C_Lava_84,val
-1.2254287,1.8498493,8,C_Lava_84,val
0.068036266,0.5835702,14,C_Lava_84,val
0.8930069,1.3665051,9,C_Lava_84,val
-1.6610155,-0.25735122,7,C_Savav_8,val
0.6713863,0.15727895,13,C_Savav_8,val
-0.112941556,-0.41135794,10,C_Savav_8,val
-1.5137873,0.62737435,8,C_Savav_8,val
2.744946,0.13609374,14,C_Savav_8,val
1.476634,-1.8831546,9,C_Savav_8,val
-0.16318642,-1.8750782,12,C_Savav_8,val
1.0687667,-0.44331327,11,C_Savav_8,val
0.1494309,0.038956434,6,C_Savav_8,val
0.38988346,-0.5380333,1,C_Savav_8,val
1.4105196,0.51933455,5,C_Savav_8,val
-1.2001779,1.1752644,2,C_Savav_8,val
1.1314585,0.45986003,4,C_Savav_8,val
0.021615056,-0.855073,3,C_Savav_8,val
1.2057772,-0.38150758,0,C_Savav_8,val
-0.18793756,0.1401012,12,C_Sav_89,val
-2.2654576,0.39213204,11,C_Sav_89,val
0.087051116,-1.1265962,13,C_Sav_89,val
0.5185167,-1.4475186,7,C_Sav_89,val
-0.63820475,0.027858203,10,C_Sav_89,val
0.5828491,1.0227033,14,C_Sav_89,val
1.2288754,-0.4881971,8,C_Sav_89,val
-0.31409618,0.8529924,9,C_Sav_89,val
-0.7924945,-0.593061,4,C_Sav_89,val
0.027685642,-0.10248247,3,C_Sav_89,val
-0.32257333,0.06570467,0,C_Sav_89,val
0.62908363,-1.3340127,6,C_Sav_89,val
2.308486,1.1497427,1,C_Sav_89,val
-1.126226,0.59684587,5,C_Sav_89,val
0.9255863,-2.669247,2,C_Sav_89,val
2.0936925,-1.1894217,0,C_Lava_65,val
0.530838,0.21707204,3,C_Lava_65,val
-0.15471445,-0.7699067,4,C_Lava_65,val
0.22092025,0.879964,2,C_Lava_65,val
0.9395753,-0.18489186,5,C_Lava_65,val
-0.46348244,0.715201,1,C_Lava_65,val
-0.26846537,1.6835829,6,C_Lava_65,val
1.2797105,-0.14080343,11,C_Lava_65,val
0.4445135,0.051336616,12,C_Lava_65,val
-1.5705163,0.16508767,9,C_Lava_65,val
-2.3908372,-0.011695988,14,C_Lava_65,val
-0.7528168,0.32206398,8,C_Lava_65,val
-0.24079593,-0.28717214,10,C_Lava_65,val
0.61753196,-0.90308297,13,C_Lava_65,val
-0.29849765,-2.166454,7,C_Lava_65,val
-0.31779283,0.8010043,0,C_Sav_72,val
0.11622529,-0.076031305,3,C_Sav_72,val
-1.8994163,0.113534495,4,C_Sav_72,val
0.8203155,0.7940694,2,C_Sav_72,val
0.3807639,1.3010268,5,C_Sav_72,val
-0.5848687,1.14375,1,C_Sav_72,val
-1.7679185,-1.6360017,6,C_Sav_72,val
1.2359818,-0.17040718,11,C_Sav_72,val
1.0477362,0.10788695,12,C_Sav_72,val
-0.12925988,-0.38648936,9,C_Sav_72,val
1.6278911,-0.8647013,8,C_Sav_72,val
0.6691534,0.76652634,14,C_Sav_72,val
0.36350614,2.1673207,10,C_Sav_72,val
-1.658795,-0.65168,7,C_Sav_72,val
-1.5471377,0.6979554,13,C_Sav_72,val
0.07921853,-0.73846877,12,C_Lava_1,val
0.087760374,-0.15112495,11,C_Lava_1,val
-1.0397074,1.8963277,7,C_Lava_1,val
0.43435115,0.047631618,13,C_Lava_1,val
-1.4810197,-0.53620434,10,C_Lava_1,val
1.8134513,-0.005326632,8,C_Lava_1,val
-0.03316571,-1.0775869,14,C_Lava_1,val
-0.9161394,0.11956958,9,C_Lava_1,val
1.8240534,-0.9961375,4,C_Lava_1,val
-0.8976996,1.1773683,3,C_Lava_1,val
-1.3138407,0.4374423,0,C_Lava_1,val
-0.30566263,0.12868643,6,C_Lava_1,val
0.5017459,-0.6473283,1,C_Lava_1,val
-1.1349676,0.8843037,5,C_Lava_1,val
-0.7751542,0.25083333,2,C_Lava_1,val
0.5382969,0.18393056,12,C_Savav_52,val
-0.23692013,1.731188,11,C_Savav_52,val
0.54841304,0.2268061,10,C_Savav_52,val
1.3562055,0.14548787,7,C_Savav_52,val
-0.38430887,-0.65370166,13,C_Savav_52,val
1.2118946,1.3132927,9,C_Savav_52,val
0.8668965,2.4690816,8,C_Savav_52,val
0.036788628,-0.5777064,14,C_Savav_52,val
-0.32803187,-0.069873884,4,C_Savav_52,val
1.1562828,0.6750483,0,C_Savav_52,val
0.35467964,0.46648982,3,C_Savav_52,val
-0.32222188,0.3856606,1,C_Savav_52,val
0.40787092,-0.72081625,6,C_Savav_52,val
-0.67453235,-1.8695668,2,C_Savav_52,val
-0.48597574,-0.160742,5,C_Savav_52,val
1.9943967,0.79838336,4,C_Sav_60,val
-1.0831772,-1.4793689,3,C_Sav_60,val
0.3935241,0.18773875,0,C_Sav_60,val
-0.48268735,0.041009948,6,C_Sav_60,val
-1.7315867,0.5095047,1,C_Sav_60,val
-0.46746683,-0.0028263703,5,C_Sav_60,val
-0.6196045,-0.22527297,2,C_Sav_60,val
0.619732,0.12171828,12,C_Sav_60,val
-0.076628454,2.539012,11,C_Sav_60,val
0.6821441,-0.0800439,13,C_Sav_60,val
-2.210854,1.4411694,7,C_Sav_60,val
1.0164436,1.1551701,10,C_Sav_60,val
0.33389744,-0.010114121,14,C_Sav_60,val
0.22468704,0.06651587,8,C_Sav_60,val
0.5650382,1.160955,9,C_Sav_60,val
0.31664336,-1.1803813,5,C_Lava_97,val
0.726989,-1.350446,2,C_Lava_97,val
-0.23257169,-0.57470447,6,C_Lava_97,val
0.9574284,0.5941876,1,C_Lava_97,val
-0.97715676,-0.63386965,3,C_Lava_97,val
0.071656846,0.3076655,0,C_Lava_97,val
0.047383875,-0.6618895,4,C_Lava_97,val
-1.2468596,-1.7635024,14,C_Lava_97,val
0.003919401,1.7900699,8,C_Lava_97,val
1.4396613,0.7065475,9,C_Lava_97,val
0.2613599,-0.73350954,13,C_Lava_97,val
0.22873342,0.794549,7,C_Lava_97,val
-0.23678997,1.415399,10,C_Lava_97,val
-1.1151291,1.6299127,11,C_Lava_97,val
1.1409436,-0.3897678,12,C_Lava_97,val
-1.0403583,-1.2615551,14,C_Lvav_78,val
0.059399024,-1.3129863,8,C_Lvav_78,val
0.99300575,1.2976393,9,C_Lvav_78,val
0.1189169,-1.1866058,13,C_Lvav_78,val
-1.877837,0.38661793,7,C_Lvav_78,val
0.69939333,0.046442073,10,C_Lvav_78,val
0.38310054,-2.5822613,11,C_Lvav_78,val
-0.32313153,2.2627883,12,C_Lvav_78,val
0.2042153,0.82423115,5,C_Lvav_78,val
0.90869814,-0.61488676,2,C_Lvav_78,val
0.57894164,0.6470002,6,C_Lvav_78,val
-1.517643,1.6565444,1,C_Lvav_78,val
-0.18643682,-0.6654889,3,C_Lvav_78,val
0.60919946,-0.064834304,0,C_Lvav_78,val
-1.1360084,-0.6065651,4,C_Lvav_78,val
-1.7605947,-0.8847131,6,C_Lvav_42,val
0.14568856,0.5642782,1,C_Lvav_42,val
-0.8116475,2.2183414,5,C_Lvav_42,val
-1.0254694,-0.41075775,2,C_Lvav_42,val
0.5333698,-0.7427745,4,C_Lvav_42,val
-0.7065483,-0.32545218,3,C_Lvav_42,val
1.0465893,-0.10300795,0,C_Lvav_42,val
-0.20452699,-1.0215768,7,C_Lvav_42,val
-0.5648173,0.05182039,13,C_Lvav_42,val
-0.31744865,0.9104296,10,C_Lvav_42,val
0.15993364,0.252677,8,C_Lvav_42,val
1.1253886,1.7105129,14,C_Lvav_42,val
0.65318835,1.4144832,9,C_Lvav_42,val
-0.06633428,0.5812839,12,C_Lvav_42,val
-1.1086141,0.13917723,11,C_Lvav_42,val
-0.14953081,0.09368372,10,C_Sav_88,val
-0.96049106,-0.89910746,13,C_Sav_88,val
0.071020104,-0.673856,7,C_Sav_88,val
1.5250353,-2.003467,9,C_Sav_88,val
-1.5318905,0.39273775,14,C_Sav_88,val
-0.86681557,-2.6372213,8,C_Sav_88,val
-0.12110297,0.57670146,12,C_Sav_88,val
0.6597276,0.42269814,11,C_Sav_88,val
-1.504113,-0.21209466,1,C_Sav_88,val
0.085370846,1.5639764,6,C_Sav_88,val
0.097660325,-0.31160343,2,C_Sav_88,val
0.83970106,1.7163421,5,C_Sav_88,val
-0.09303627,-1.3081813,4,C_Sav_88,val
-1.0803874,0.1614106,0,C_Sav_88,val
-1.6672314,-1.7286083,3,C_Sav_88,val
0.17499194,0.026250826,1,C_Lav_35,val
0.45541254,0.2598817,6,C_Lav_35,val
0.55265,0.111612834,2,C_Lav_35,val
1.6783648,0.77180386,5,C_Lav_35,val
0.3133063,0.21318042,4,C_Lav_35,val
0.85658747,0.08766726,0,C_Lav_35,val
0.57330894,0.027535252,3,C_Lav_35,val
-0.75425786,0.7830196,10,C_Lav_35,val
-0.4781626,-0.87428164,7,C_Lav_35,val
1.5620152,0.9887642,13,C_Lav_35,val
1.3391718,0.5648201,9,C_Lav_35,val
1.5505229,0.6475898,8,C_Lav_35,val
0.6485535,1.1606472,14,C_Lav_35,val
0.010534838,1.6749988,12,C_Lav_35,val
0.9438083,-1.7063113,11,C_Lav_35,val
0.2594106,-0.5876056,0,C_Savav_68,val
1.2002717,-0.393268,3,C_Savav_68,val
-0.16027835,0.2137467,4,C_Savav_68,val
0.09061854,-1.0293045,2,C_Savav_68,val
-1.1560116,-0.22292075,5,C_Savav_68,val
0.7984582,2.1539528,1,C_Savav_68,val
0.43885225,1.2505835,6,C_Savav_68,val
0.08563452,-0.32622877,11,C_Savav_68,val
0.61187714,0.8239417,12,C_Savav_68,val
0.82083356,-0.072010405,9,C_Savav_68,val
-0.43159235,-0.738256,14,C_Savav_68,val
-0.4305857,-0.56010914,8,C_Savav_68,val
1.2511901,2.1141183,10,C_Savav_68,val
0.15570381,-0.696129,13,C_Savav_68,val
0.19867468,-1.333814,7,C_Savav_68,val
-1.6067524,-0.7028362,8,C_Savav_37,val
1.917463,0.16851085,14,C_Savav_37,val
0.4157647,1.1735606,9,C_Savav_37,val
-1.0436614,0.619854,7,C_Savav_37,val
-0.6235445,-0.9026835,13,C_Savav_37,val
0.655233,-0.50184035,10,C_Savav_37,val
-0.51231766,-0.22246173,11,C_Savav_37,val
-0.92870104,1.412251,12,C_Savav_37,val
-0.024994234,0.5864198,5,C_Savav_37,val
-1.6570655,-0.40111804,2,C_Savav_37,val
1.9394413,-2.0360968,6,C_Savav_37,val
-0.25462323,-2.987634,1,C_Savav_37,val
-0.3067465,-1.4285424,3,C_Savav_37,val
0.055686463,2.209031,0,C_Savav_37,val
0.1505559,-0.48742816,4,C_Savav_37,val
-1.019153,0.40765956,0,C_Lava_60,val
1.5673785,0.1805839,3,C_Lava_60,val
0.7510983,-1.6714461,4,C_Lava_60,val
0.8402714,-0.072887346,2,C_Lava_60,val
-0.9887396,-1.5645953,5,C_Lava_60,val
-0.042452622,0.33328795,1,C_Lava_60,val
0.9847947,-0.17589438,6,C_Lava_60,val
-1.6631062,1.3378499,11,C_Lava_60,val
-1.256025,1.347162,12,C_Lava_60,val
1.8150395,-1.432815,9,C_Lava_60,val
-0.93025917,-0.40486294,8,C_Lava_60,val
0.83512276,-0.97769123,14,C_Lava_60,val
0.45733476,0.8807586,10,C_Lava_60,val
-0.28100276,-0.21505961,7,C_Lava_60,val
-0.9554043,0.86321,13,C_Lava_60,val
1.5397675,-0.6077906,0,C_Lava_93,val
-0.74558616,-0.32086092,3,C_Lava_93,val
-0.97788334,2.0571811,4,C_Lava_93,val
1.0019994,-0.00660225,2,C_Lava_93,val
0.99668276,-2.2844443,5,C_Lava_93,val
0.70661706,0.82067317,1,C_Lava_93,val
1.0577155,0.75118554,6,C_Lava_93,val
1.0119649,-1.4955952,11,C_Lava_93,val
-0.076730415,-0.843083,12,C_Lava_93,val
-0.2840156,-0.94662297,9,C_Lava_93,val
-0.040612314,-1.9911757,8,C_Lava_93,val
0.17406455,0.3012303,14,C_Lava_93,val
1.5968276,-0.35235807,10,C_Lava_93,val
-0.7330794,0.11478374,7,C_Lava_93,val
-0.24343336,-0.7673572,13,C_Lava_93,val
-0.48922566,0.5925976,11,C_Lava_86,val
0.9686563,0.96523684,12,C_Lava_86,val
-0.11093677,1.3533429,14,C_Lava_86,val
-1.2711068,-0.51746094,8,C_Lava_86,val
0.12911315,0.5051616,9,C_Lava_86,val
0.37938988,-2.8150918,13,C_Lava_86,val
0.89300287,2.05672,7,C_Lava_86,val
-1.1237533,1.1187782,10,C_Lava_86,val
-0.31053725,1.074346,3,C_Lava_86,val
-2.0095217,0.3674767,0,C_Lava_86,val
0.4719084,-0.07841043,4,C_Lava_86,val
-0.43982428,-0.8244154,5,C_Lava_86,val
-2.5521328,2.7067716,2,C_Lava_86,val
-0.5357681,0.51184547,6,C_Lava_86,val
-1.3077209,0.10814958,1,C_Lava_86,val
-1.2999206,0.8989904,3,C_Lav_50,val
-1.6698275,-0.18222341,0,C_Lav_50,val
0.7728854,-0.17754155,4,C_Lav_50,val
0.45779225,-0.19068256,5,C_Lav_50,val
-1.7651289,-0.09244226,2,C_Lav_50,val
-0.19245821,0.42231494,6,C_Lav_50,val
0.35302475,-0.90357864,1,C_Lav_50,val
1.0479237,3.3353314,11,C_Lav_50,val
-0.7448893,-0.099734426,12,C_Lav_50,val
-0.66772324,1.7795916,8,C_Lav_50,val
-0.98974746,-0.5640991,14,C_Lav_50,val
-0.8126992,0.8067342,9,C_Lav_50,val
-1.4286219,-0.90562916,7,C_Lav_50,val
0.087046266,-0.41563302,13,C_Lav_50,val
0.52501357,-0.299757,10,C_Lav_50,val
-0.36786774,-0.4260389,13,C_Lav_18,val
-0.114060335,-0.090876445,7,C_Lav_18,val
0.6813915,1.4095383,10,C_Lav_18,val
1.0054258,1.0130546,14,C_Lav_18,val
-0.6786598,0.6530616,8,C_Lav_18,val
-0.16705137,-1.5442592,9,C_Lav_18,val
1.2217864,-0.3314675,12,C_Lav_18,val
-0.83807397,0.7923302,11,C_Lav_18,val
0.34262323,0.11462613,6,C_Lav_18,val
1.0669101,1.198915,1,C_Lav_18,val
-1.033055,1.2605945,5,C_Lav_18,val
-1.4759482,-0.14556813,2,C_Lav_18,val
0.6661327,0.6901475,4,C_Lav_18,val
0.7242848,-0.9046525,3,C_Lav_18,val
-1.7054069,-2.6156876,0,C_Lav_18,val
0.6444354,-0.9212576,0,C_Lvav_5,val
0.31204656,-0.4246493,3,C_Lvav_5,val
1.1973579,-1.0930867,4,C_Lvav_5,val
-1.6429362,-0.740216,2,C_Lvav_5,val
-0.8685849,0.5373063,5,C_Lvav_5,val
-0.23102498,0.6753963,1,C_Lvav_5,val
-0.6054552,0.7822381,6,C_Lvav_5,val
-0.6474155,-1.2161251,11,C_Lvav_5,val
0.7440779,-0.264662,12,C_Lvav_5,val
0.33564347,0.30932862,9,C_Lvav_5,val
-0.9874777,-0.24539062,14,C_Lvav_5,val
1.9301441,-1.8732549,8,C_Lvav_5,val
-0.33766165,-1.1897664,10,C_Lvav_5,val
-0.041789316,0.3003152,13,C_Lvav_5,val
0.7409729,0.022517351,7,C_Lvav_5,val
-0.28638124,-0.0093934415,0,C_Sav_81,val
0.3255145,-0.025442505,3,C_Sav_81,val
-0.46274966,0.10534691,4,C_Sav_81,val
-0.70117325,-0.3997945,2,C_Sav_81,val
0.36112913,-1.7455106,5,C_Sav_81,val
-1.9224896,-0.25933528,1,C_Sav_81,val
-1.0285547,-0.67459404,6,C_Sav_81,val
-0.31155637,-0.25934264,11,C_Sav_81,val
-1.0290691,0.718269,12,C_Sav_81,val
0.9378103,-1.0447954,9,C_Sav_81,val
-0.58577394,-0.60241336,8,C_Sav_81,val
-0.1880317,-0.34986857,14,C_Sav_81,val
-0.25740963,-1.0282362,10,C_Sav_81,val
-0.37869525,-0.09185006,7,C_Sav_81,val
-0.9354881,0.21112558,13,C_Sav_81,val
-0.25930238,-2.2578354,5,C_Lvav_94,val
-1.2139511,0.6838935,2,C_Lvav_94,val
-0.111147426,-1.2039101,6,C_Lvav_94,val
0.9594007,-0.81059825,1,C_Lvav_94,val
-0.79968274,0.7004528,3,C_Lvav_94,val
0.28056595,-0.80530334,0,C_Lvav_94,val
1.041155,-1.5772634,4,C_Lvav_94,val
-0.880907,-0.17960757,8,C_Lvav_94,val
-0.059609532,-0.5353261,14,C_Lvav_94,val
0.7368694,-1.2999265,9,C_Lvav_94,val
0.69573456,-0.16833441,7,C_Lvav_94,val
-1.681794,-0.23661408,13,C_Lvav_94,val
-0.29479837,0.30888662,10,C_Lvav_94,val
0.6173034,0.6709251,11,C_Lvav_94,val
-1.3340156,-1.0334865,12,C_Lvav_94,val
-1.1442881,0.52443254,12,C_Savav_60,val
-2.4471815,-0.71728516,11,C_Savav_60,val
-0.19355914,-0.68124896,7,C_Savav_60,val
1.174865,-0.6157442,13,C_Savav_60,val
-0.41584703,0.08649289,10,C_Savav_60,val
-0.22424367,0.3258774,8,C_Savav_60,val
0.26057878,-0.9697917,14,C_Savav_60,val
-0.13072461,-1.0536026,9,C_Savav_60,val
-1.0784247,-0.42093605,4,C_Savav_60,val
-1.2582335,0.80430675,3,C_Savav_60,val
0.23153892,-1.1189237,0,C_Savav_60,val
-0.07189973,-1.1035609,6,C_Savav_60,val
-0.718543,0.587486,1,C_Savav_60,val
0.20703933,0.2811724,5,C_Savav_60,val
-0.00249212,1.373731,2,C_Savav_60,val
0.17085737,-0.36643755,6,C_Savav_87,val
0.06411511,-0.4764216,1,C_Savav_87,val
-1.6894709,1.8240529,5,C_Savav_87,val
0.009490646,0.67259306,2,C_Savav_87,val
-0.10948997,-0.0035254029,4,C_Savav_87,val
-1.4691246,0.8374086,3,C_Savav_87,val
0.63330483,-0.23463422,0,C_Savav_87,val
-1.2998627,-0.086865835,13,C_Savav_87,val
-0.015280299,-0.95302784,7,C_Savav_87,val
0.6906015,2.0668507,10,C_Savav_87,val
-0.11192626,0.48210764,14,C_Savav_87,val
-0.32246375,0.27631313,8,C_Savav_87,val
-0.64100987,-1.608768,9,C_Savav_87,val
0.3360387,-0.538262,12,C_Savav_87,val
0.2917967,1.1224762,11,C_Savav_87,val
1.0465578,-0.120619,4,C_Lvav_71,val
1.4012432,2.2216744,3,C_Lvav_71,val
-1.0121999,-0.10302812,0,C_Lvav_71,val
-0.87635076,-0.9519184,6,C_Lvav_71,val
0.12246846,-1.1269035,1,C_Lvav_71,val
0.6633146,-0.11154704,5,C_Lvav_71,val
-1.9676492,0.4538031,2,C_Lvav_71,val
0.94721293,0.23615055,12,C_Lvav_71,val
-0.07664962,0.23234302,11,C_Lvav_71,val
1.3848016,-0.7005639,7,C_Lvav_71,val
-0.63305,0.36958072,13,C_Lvav_71,val
0.9872428,-1.226015,10,C_Lvav_71,val
-0.67123044,0.052841585,8,C_Lvav_71,val
0.36523336,0.83017355,14,C_Lvav_71,val
2.004684,-0.16871998,9,C_Lvav_71,val
0.6641144,-2.2120078,9,C_Savav_79,val
0.1645607,-0.81722546,14,C_Savav_79,val
-0.13543725,-0.11646811,8,C_Savav_79,val
-0.7359523,0.026657816,10,C_Savav_79,val
-0.19447537,-0.05660836,13,C_Savav_79,val
-1.4772255,0.71417195,7,C_Savav_79,val
-1.1674027,-0.21486722,11,C_Savav_79,val
-0.26185745,0.64731723,12,C_Savav_79,val
0.7863532,0.027146848,2,C_Savav_79,val
0.6292239,-0.2223955,5,C_Savav_79,val
-0.46126783,-0.6600927,1,C_Savav_79,val
-0.7625314,0.81477165,6,C_Savav_79,val
-0.9419098,-0.27157062,0,C_Savav_79,val
-1.4378167,-1.7061198,3,C_Savav_79,val
0.63841397,-0.4098401,4,C_Savav_79,val
0.12804663,0.97295344,9,C_Lava_74,val
-0.35746646,-0.37487543,14,C_Lava_74,val
-1.3187035,-0.93747944,8,C_Lava_74,val
-1.5500393,0.46272683,10,C_Lava_74,val
-0.7244698,-1.7720913,13,C_Lava_74,val
1.560054,0.106108926,7,C_Lava_74,val
-0.941456,-0.67080134,11,C_Lava_74,val
-0.37692338,-1.0603358,12,C_Lava_74,val
-1.2689412,-1.2844635,2,C_Lava_74,val
-0.21316,-0.6845547,5,C_Lava_74,val
-1.0302048,-1.447858,1,C_Lava_74,val
0.31069875,-0.613325,6,C_Lava_74,val
-0.5365905,1.7044761,0,C_Lava_74,val
0.06323615,0.4907676,3,C_Lava_74,val
-1.3869331,-0.8734773,4,C_Lava_74,val
-1.0992414,-0.45406002,5,C_Sav_32,val
-1.5635746,-1.7902826,2,C_Sav_32,val
0.21270695,0.37940302,6,C_Sav_32,val
0.66584057,-1.7139798,1,C_Sav_32,val
-0.103004694,-1.3730376,3,C_Sav_32,val
-0.20487347,-0.526243,0,C_Sav_32,val
-1.1700125,0.3537827,4,C_Sav_32,val
-0.5523291,-1.0470709,8,C_Sav_32,val
0.6698139,0.3289408,14,C_Sav_32,val
0.16494681,0.074825555,9,C_Sav_32,val
-0.43242046,0.6057693,7,C_Sav_32,val
0.44755104,-0.69393986,13,C_Sav_32,val
1.5485641,-0.36136207,10,C_Sav_32,val
0.045677252,0.115485735,11,C_Sav_32,val
1.3760535,-0.13319978,12,C_Sav_32,val
-0.48990744,-1.6175867,11,C_Savav_81,val
0.6459235,2.3060915,12,C_Savav_81,val
0.2614012,-0.30398798,9,C_Savav_81,val
0.91522217,-0.4025964,14,C_Savav_81,val
0.11521542,-1.5151012,8,C_Savav_81,val
0.24731308,-0.167662,10,C_Savav_81,val
-0.47640938,-0.1404852,13,C_Savav_81,val
-0.89826596,-0.27048135,7,C_Savav_81,val
-0.93290573,-0.079996794,0,C_Savav_81,val
0.24626859,-0.57398564,3,C_Savav_81,val
1.7179049,0.55282986,4,C_Savav_81,val
2.3916132,2.3528895,2,C_Savav_81,val
-0.57867765,0.22166273,5,C_Savav_81,val
-0.9046458,1.9200568,1,C_Savav_81,val
-0.9583606,0.8484807,6,C_Savav_81,val
0.20977323,0.4766558,9,C_Lava_30,val
1.788547,-0.6184634,8,C_Lava_30,val
-0.6873419,0.401456,14,C_Lava_30,val
-0.6520077,0.7452749,10,C_Lava_30,val
-1.2953154,0.23379512,7,C_Lava_30,val
0.9674048,-0.42396978,13,C_Lava_30,val
1.2833188,0.29583883,11,C_Lava_30,val
1.7957726,-0.09653738,12,C_Lava_30,val
0.03738941,0.26300204,2,C_Lava_30,val
0.87154275,-0.8195633,5,C_Lava_30,val
-0.9692079,0.001899929,1,C_Lava_30,val
0.6410349,0.5426732,6,C_Lava_30,val
2.7503102,-0.62864137,0,C_Lava_30,val
-0.18908408,-1.4135189,3,C_Lava_30,val
0.12395125,-0.87817764,4,C_Lava_30,val
1.9721763,-0.31974548,2,C_Lava_53,val
-0.19645199,1.1466866,5,C_Lava_53,val
1.1917036,0.107909165,1,C_Lava_53,val
0.795479,-2.1833484,6,C_Lava_53,val
1.431082,0.17257169,0,C_Lava_53,val
0.41413522,0.5255592,3,C_Lava_53,val
1.2870306,-0.89522475,4,C_Lava_53,val
0.14505467,-0.17883542,9,C_Lava_53,val
0.12401124,2.0235405,8,C_Lava_53,val
0.54693586,-1.1495197,14,C_Lava_53,val
-0.2912121,-1.3962165,10,C_Lava_53,val
0.42450878,0.76172274,7,C_Lava_53,val
0.5654007,1.3403417,13,C_Lava_53,val
-0.3099618,1.348503,11,C_Lava_53,val
-1.0103538,1.4638544,12,C_Lava_53,val
0.87450194,0.6447501,14,C_Lvav_40,val
0.6443021,1.7465729,8,C_Lvav_40,val
0.43005115,1.2923516,9,C_Lvav_40,val
-1.2982224,0.24393187,13,C_Lvav_40,val
0.2406768,1.5587223,7,C_Lvav_40,val
-0.88187945,1.224552,10,C_Lvav_40,val
-0.78346586,0.14261088,11,C_Lvav_40,val
-1.3655902,-1.2891296,12,C_Lvav_40,val
-0.2148199,0.037874393,5,C_Lvav_40,val
1.3274322,-0.4354322,2,C_Lvav_40,val
-1.4205793,0.3284427,6,C_Lvav_40,val
-0.99030125,-0.33709228,1,C_Lvav_40,val
1.2213999,0.08626063,3,C_Lvav_40,val
-0.6437776,0.34988895,0,C_Lvav_40,val
-1.3795981,0.67551565,4,C_Lvav_40,val
2.0773737,0.93179905,4,C_Lava_40,val
1.5322695,0.9675628,0,C_Lava_40,val
0.48926085,-0.22484991,3,C_Lava_40,val
0.4083951,-0.2142815,1,C_Lava_40,val
1.014964,0.387708,6,C_Lava_40,val
1.2951022,0.035132073,2,C_Lava_40,val
-0.7028722,0.7869921,5,C_Lava_40,val
0.067234434,0.4645459,12,C_Lava_40,val
0.308238,1.1394432,11,C_Lava_40,val
-0.103981934,-1.91225,10,C_Lava_40,val
1.2769804,-1.0332551,13,C_Lava_40,val
0.28218022,-0.50465995,7,C_Lava_40,val
-0.43622422,-1.0250115,9,C_Lava_40,val
-0.40461445,0.7670489,14,C_Lava_40,val
1.0246494,1.8856179,8,C_Lava_40,val
-0.15567634,-0.09289334,11,C_Lvav_41,val
-0.95163286,-1.1891145,12,C_Lvav_41,val
0.64041716,-2.5407577,9,C_Lvav_41,val
-0.3097452,-0.29811382,14,C_Lvav_41,val
-0.9608808,-1.9962128,8,C_Lvav_41,val
-0.22980803,0.13059926,10,C_Lvav_41,val
0.32590726,0.6112121,13,C_Lvav_41,val
0.5720208,0.4416806,7,C_Lvav_41,val
1.0850652,1.2287122,0,C_Lvav_41,val
1.1244867,3.0503168,3,C_Lvav_41,val
0.71442944,1.0279559,4,C_Lvav_41,val
0.48256767,1.2824864,2,C_Lvav_41,val
-0.7378474,-0.83425874,5,C_Lvav_41,val
0.6718625,-2.3390355,1,C_Lvav_41,val
-0.34398037,0.37349638,6,C_Lvav_41,val
-0.0259173,0.44564438,11,C_Lvav_44,val
-0.756902,3.0329537,12,C_Lvav_44,val
0.7775368,1.2609289,9,C_Lvav_44,val
0.32454792,0.6419073,8,C_Lvav_44,val
0.74231946,0.94625825,14,C_Lvav_44,val
-0.99130917,-0.29210266,10,C_Lvav_44,val
-1.2780178,0.8739749,7,C_Lvav_44,val
-1.0731395,0.1447902,13,C_Lvav_44,val
-1.1606399,1.3188775,0,C_Lvav_44,val
-0.78991044,-1.3679578,3,C_Lvav_44,val
-1.2148875,-1.821147,4,C_Lvav_44,val
-1.2596173,0.28919142,2,C_Lvav_44,val
-0.45582956,0.608162,5,C_Lvav_44,val
-0.38531283,0.534371,1,C_Lvav_44,val
0.56888777,0.8005325,6,C_Lvav_44,val
-2.1470258,-0.284262,5,C_Lav_95,val
-1.4991531,-1.3220081,2,C_Lav_95,val
-0.35286197,0.22610429,6,C_Lav_95,val
-1.5750937,-1.5050062,1,C_Lav_95,val
0.99478626,-0.39748928,3,C_Lav_95,val
0.09327292,0.25885198,0,C_Lav_95,val
0.9671153,1.3820449,4,C_Lav_95,val
0.025414959,-0.23186207,14,C_Lav_95,val
-1.0532073,0.4582428,8,C_Lav_95,val
-0.18601224,-1.3714874,9,C_Lav_95,val
-1.2776301,1.5139034,13,C_Lav_95,val
-2.163257,0.6307668,7,C_Lav_95,val
-1.6866947,-0.5347528,10,C_Lav_95,val
-0.52990067,-2.3941169,11,C_Lav_95,val
-0.3425932,1.3708243,12,C_Lav_95,val
-0.30145544,1.3109876,1,C_Lvav_70,val
-0.8126813,-1.0548797,6,C_Lvav_70,val
-2.1704147,1.8098711,2,C_Lvav_70,val
-1.0225177,-1.0210875,5,C_Lvav_70,val
0.7366917,-0.60722727,4,C_Lvav_70,val
0.083757445,-0.50564516,0,C_Lvav_70,val
0.4804584,0.114786714,3,C_Lvav_70,val
0.16088733,-0.665012,10,C_Lvav_70,val
1.2448608,-0.34716237,7,C_Lvav_70,val
-1.3973505,-0.82016504,13,C_Lvav_70,val
1.413247,-1.3298032,9,C_Lvav_70,val
-0.0101711,1.00941,8,C_Lvav_70,val
0.1233497,1.0077405,14,C_Lvav_70,val
-0.19535393,0.10108741,12,C_Lvav_70,val
-1.0647511,0.0608595,11,C_Lvav_70,val
1.3100548,0.8697263,2,C_Lav_69,val
0.05722123,0.53545535,5,C_Lav_69,val
1.2033147,-0.53222126,1,C_Lav_69,val
0.3772594,0.7224837,6,C_Lav_69,val
0.98062897,-0.33117253,0,C_Lav_69,val
0.72752714,0.3778316,3,C_Lav_69,val
-1.20987,-0.8387348,4,C_Lav_69,val
0.44158298,-1.3531874,9,C_Lav_69,val
1.5096258,0.37544885,8,C_Lav_69,val
1.0453591,-0.1551397,14,C_Lav_69,val
-1.4098758,0.46059003,10,C_Lav_69,val
2.0325515,2.5458205,7,C_Lav_69,val
1.8703593,-1.6566788,13,C_Lav_69,val
1.9984715,0.8567316,11,C_Lav_69,val
-0.25238135,-1.5551194,12,C_Lav_69,val
-0.20956993,-2.2729373,9,C_Lvav_36,val
0.6933349,1.081073,8,C_Lvav_36,val
-0.699433,0.5572722,14,C_Lvav_36,val
0.3978539,-1.4369887,10,C_Lvav_36,val
0.12236455,-0.96847785,7,C_Lvav_36,val
-1.1705835,1.1068425,13,C_Lvav_36,val
0.11877688,0.18065129,11,C_Lvav_36,val
2.031148,-0.18688306,12,C_Lvav_36,val
0.93249315,0.37544,2,C_Lvav_36,val
0.59633964,0.62213326,5,C_Lvav_36,val
-0.3003683,-1.5524737,1,C_Lvav_36,val
-0.20561981,-1.2497835,6,C_Lvav_36,val
0.97122324,1.468262,0,C_Lvav_36,val
0.10460147,0.642052,3,C_Lvav_36,val
-1.282465,0.3627361,4,C_Lvav_36,val
0.05518321,-1.0304737,12,C_Lava_4,val
-1.1951373,-0.21077564,11,C_Lava_4,val
1.9137292,0.6553186,13,C_Lava_4,val
0.4019219,1.3385401,7,C_Lava_4,val
1.6097921,-1.1007487,10,C_Lava_4,val
1.1153231,-0.29162258,14,C_Lava_4,val
2.041774,-0.056057516,8,C_Lava_4,val
-1.2619222,-0.60393953,9,C_Lava_4,val
0.36405718,0.76992923,4,C_Lava_4,val
-0.09577767,-0.08355858,3,C_Lava_4,val
-0.2748596,-0.5468706,0,C_Lava_4,val
-1.3594488,-0.74970716,6,C_Lava_4,val
1.0825909,-0.6923084,1,C_Lava_4,val
0.3982464,0.78193057,5,C_Lava_4,val
0.5396353,2.358574,2,C_Lava_4,val
1.2073841,0.50629914,7,C_Lvav_6,val
-0.07412843,0.28446263,13,C_Lvav_6,val
-1.8653208,-1.2197603,10,C_Lvav_6,val
-0.96639824,-1.4396979,8,C_Lvav_6,val
-1.2230012,0.5218343,14,C_Lvav_6,val
1.5299597,0.2020133,9,C_Lvav_6,val
1.5356884,-0.061248995,12,C_Lvav_6,val
0.8715222,0.3860429,11,C_Lvav_6,val
0.39173573,-0.74965006,6,C_Lvav_6,val
1.3740774,0.63179404,1,C_Lvav_6,val
-2.7269852,-0.26269776,5,C_Lvav_6,val
-1.9980184,0.4106672,2,C_Lvav_6,val
0.34446684,-0.51766986,4,C_Lvav_6,val
-0.20654547,0.010261687,3,C_Lvav_6,val
0.2899565,-0.5782055,0,C_Lvav_6,val
0.037482563,0.5523107,5,C_Lava_61,val
1.492971,-0.9265476,2,C_Lava_61,val
-0.06914119,-0.65772074,6,C_Lava_61,val
-1.1422144,1.2246852,1,C_Lava_61,val
0.04460623,-0.78133935,3,C_Lava_61,val
-1.4261737,-0.692027,0,C_Lava_61,val
1.4143295,0.956809,4,C_Lava_61,val
0.32029498,0.062054493,8,C_Lava_61,val
0.49587864,0.7012692,14,C_Lava_61,val
-0.4891482,0.30968544,9,C_Lava_61,val
-1.9309367,-1.0922893,7,C_Lava_61,val
-0.17893028,-0.7732776,13,C_Lava_61,val
-0.21317191,-0.2845483,10,C_Lava_61,val
0.23860624,-0.24765158,11,C_Lava_61,val
0.3609353,-1.5309249,12,C_Lava_61,val
-1.3160597,0.10600175,10,C_Lav_98,val
-1.2229028,0.9772407,13,C_Lav_98,val
-1.2489766,0.30086276,7,C_Lav_98,val
-0.09332846,0.8684772,9,C_Lav_98,val
-0.1723414,1.4948791,14,C_Lav_98,val
-0.21512833,-2.1399975,8,C_Lav_98,val
-0.54952836,0.34168145,12,C_Lav_98,val
-0.7459275,0.31783408,11,C_Lav_98,val
0.7735119,0.066184625,1,C_Lav_98,val
-0.12355381,-0.58428735,6,C_Lav_98,val
0.024079999,-0.20182258,2,C_Lav_98,val
-0.4557622,-0.13551292,5,C_Lav_98,val
-0.6907245,1.5133128,4,C_Lav_98,val
-1.8230749,0.1565673,0,C_Lav_98,val
-0.166649,-1.1757072,3,C_Lav_98,val
-0.048616756,1.2611921,13,C_Lav_20,val
0.46529338,0.42683947,7,C_Lav_20,val
-0.37480012,-0.98697126,10,C_Lav_20,val
1.0335599,-1.8026757,14,C_Lav_20,val
-0.32950813,1.3244994,8,C_Lav_20,val
0.9830303,-0.3129901,9,C_Lav_20,val
2.1582162,-2.0206385,12,C_Lav_20,val
0.88450813,0.9010441,11,C_Lav_20,val
0.5969574,-1.5641525,6,C_Lav_20,val
0.2747556,-0.050532885,1,C_Lav_20,val
0.63259184,0.028444165,5,C_Lav_20,val
-0.38357642,0.19831449,2,C_Lav_20,val
0.4587798,-0.06291534,4,C_Lav_20,val
-0.7632701,0.78239536,3,C_Lav_20,val
0.16341257,-1.7004032,0,C_Lav_20,val
-1.4205337,0.818459,12,C_Lvav_53,val
0.6831759,0.18059048,11,C_Lvav_53,val
0.8700204,0.6710111,7,C_Lvav_53,val
0.20048243,-0.2284677,13,C_Lvav_53,val
-1.0832206,0.20122644,10,C_Lvav_53,val
-0.53615487,1.7599874,8,C_Lvav_53,val
0.039810274,-0.78809834,14,C_Lvav_53,val
0.6026852,0.37035733,9,C_Lvav_53,val
0.27525416,0.12853764,4,C_Lvav_53,val
-1.4258631,0.7776282,3,C_Lvav_53,val
0.8675893,1.4705939,0,C_Lvav_53,val
0.72778547,0.11182653,6,C_Lvav_53,val
0.60136443,0.7028664,1,C_Lvav_53,val
-0.90770644,0.7573815,5,C_Lvav_53,val
0.046401463,0.67639756,2,C_Lvav_53,val
-0.5567921,0.64279747,3,C_Lava_3,val
-1.4169191,0.61405843,0,C_Lava_3,val
1.3281053,1.1530324,4,C_Lava_3,val
-1.4112028,1.9122596,5,C_Lava_3,val
-1.2858102,-0.49360323,2,C_Lava_3,val
-0.3871591,-0.23667908,6,C_Lava_3,val
0.38030437,1.184716,1,C_Lava_3,val
0.37299067,-1.5278192,11,C_Lava_3,val
0.8156948,-0.13687357,12,C_Lava_3,val
-0.32135367,-0.16863474,14,C_Lava_3,val
-1.180521,0.2194807,8,C_Lava_3,val
-0.85165095,-0.5820633,9,C_Lava_3,val
-0.95953256,0.3776694,13,C_Lava_3,val
0.15387759,0.6971143,7,C_Lava_3,val
-1.1164088,-0.10724905,10,C_Lava_3,val
-0.64736336,1.1054921,5,C_Savav_54,val
0.5550972,1.4499499,2,C_Savav_54,val
0.23793983,-0.43813872,6,C_Savav_54,val
-0.9641326,-1.3228557,1,C_Savav_54,val
-0.48464274,-1.1570706,3,C_Savav_54,val
-0.6803492,-1.3959519,0,C_Savav_54,val
0.2335272,0.11827013,4,C_Savav_54,val
1.2941037,0.7945087,8,C_Savav_54,val
0.9643426,-0.12811789,14,C_Savav_54,val
1.0897782,0.74277514,9,C_Savav_54,val
-0.14746745,1.2808994,7,C_Savav_54,val
-0.74704707,-1.9706854,13,C_Savav_54,val
-0.010153168,0.7175774,10,C_Savav_54,val
-0.1770566,0.36154732,11,C_Savav_54,val
-0.2013517,-0.96704,12,C_Savav_54,val
-1.0380162,-0.5691874,9,C_Lav_85,val
0.4731866,-0.7554339,14,C_Lav_85,val
0.15889585,0.044680793,8,C_Lav_85,val
-0.23001954,-0.16216075,10,C_Lav_85,val
-0.9755749,0.5992866,13,C_Lav_85,val
-1.2647588,0.48157173,7,C_Lav_85,val
-0.8212704,-0.72341335,11,C_Lav_85,val
1.4836006,0.12594348,12,C_Lav_85,val
-0.99691087,0.85587287,2,C_Lav_85,val
-0.32382068,-0.7057093,5,C_Lav_85,val
0.5122385,-0.3914209,1,C_Lav_85,val
-0.09902291,-0.1425103,6,C_Lav_85,val
-1.4722868,-0.08871505,0,C_Lav_85,val
-2.322382,-1.5183872,3,C_Lav_85,val
1.1184378,-0.024011191,4,C_Lav_85,val
-0.7602371,0.9096033,4,C_Lava_72,val
-0.13907497,-1.7603447,3,C_Lava_72,val
-1.4931455,-1.0493066,0,C_Lava_72,val
-1.383717,0.50764817,6,C_Lava_72,val
-1.3727219,0.17441395,1,C_Lava_72,val
0.5410384,-0.54046226,5,C_Lava_72,val
-0.36898407,-0.25694382,2,C_Lava_72,val
1.0995684,-1.359124,12,C_Lava_72,val
1.7381473,0.5588063,11,C_Lava_72,val
-0.3609362,-0.9948831,13,C_Lava_72,val
1.4099193,-0.11859806,7,C_Lava_72,val
0.54369414,0.42285067,10,C_Lava_72,val
0.42019376,-1.1889855,14,C_Lava_72,val
-0.78647923,-0.6019091,8,C_Lava_72,val
0.09146931,0.4299169,9,C_Lava_72,val
-1.0239124,-0.49461755,8,C_Sav_10,val
0.5947654,0.5523803,14,C_Sav_10,val
0.9323729,-0.6402243,9,C_Sav_10,val
-0.4922496,-1.2773622,7,C_Sav_10,val
1.2264463,-0.7595245,13,C_Sav_10,val
-1.4528189,-0.57123375,10,C_Sav_10,val
-1.5593731,1.2894812,11,C_Sav_10,val
-0.93153155,2.083376,12,C_Sav_10,val
0.29703513,0.8366436,5,C_Sav_10,val
-1.3989222,0.0870371,2,C_Sav_10,val
-1.0151032,0.8914728,6,C_Sav_10,val
-0.8389586,2.0463603,1,C_Sav_10,val
1.4140445,0.11997469,3,C_Sav_10,val
1.1503184,1.2773,0,C_Sav_10,val
0.8296452,1.118233,4,C_Sav_10,val
-0.21562552,-0.46881127,5,C_Lava_92,val
-0.74859965,-0.32325694,2,C_Lava_92,val
1.8393767,-0.13358231,6,C_Lava_92,val
0.20949492,0.20232612,1,C_Lava_92,val
1.6647278,-0.7682839,3,C_Lava_92,val
0.9013541,0.40965077,0,C_Lava_92,val
0.43171972,0.5200714,4,C_Lava_92,val
-2.5413032,-0.55458915,8,C_Lava_92,val
1.0539244,0.71738243,14,C_Lava_92,val
0.93713266,-0.17691168,9,C_Lava_92,val
0.61930144,-0.0969303,7,C_Lava_92,val
0.42669576,-0.22486202,13,C_Lava_92,val
1.6876862,-0.5103471,10,C_Lava_92,val
0.5312462,-1.6554097,11,C_Lava_92,val
-0.8299875,0.4005653,12,C_Lava_92,val
1.7170705,0.43430752,11,C_Savav_77,val
-0.3398977,-0.5477416,12,C_Savav_77,val
1.4439821,1.6754683,9,C_Savav_77,val
1.5965146,-0.78323734,8,C_Savav_77,val
-0.590683,-1.1652495,14,C_Savav_77,val
-0.24063656,0.40956116,10,C_Savav_77,val
1.0607421,-0.97031975,7,C_Savav_77,val
-0.79533064,1.596794,13,C_Savav_77,val
2.0994616,0.59495646,0,C_Savav_77,val
0.21152481,-1.7143382,3,C_Savav_77,val
0.66650426,0.12057248,4,C_Savav_77,val
2.6633732,-1.1979905,2,C_Savav_77,val
-1.0706251,1.6259978,5,C_Savav_77,val
0.9406509,-0.8898717,1,C_Savav_77,val
-1.5309904,1.7265017,6,C_Savav_77,val
-0.4363179,-0.5400402,12,C_Lava_50,val
0.98040974,1.5964289,11,C_Lava_50,val
-1.0444298,2.1727452,13,C_Lava_50,val
0.1574205,-1.7390982,7,C_Lava_50,val
1.671444,1.4224468,10,C_Lava_50,val
-2.0697696,-1.0302126,14,C_Lava_50,val
-1.0638287,0.4527502,8,C_Lava_50,val
0.823244,0.32509065,9,C_Lava_50,val
-1.9513793,0.43462414,4,C_Lava_50,val
-0.13765952,-1.3360194,3,C_Lava_50,val
1.2574624,-1.3274199,0,C_Lava_50,val
-1.5668553,-0.3401245,6,C_Lava_50,val
-0.60124063,2.3293169,1,C_Lava_50,val
0.5322501,-1.5220997,5,C_Lava_50,val
0.25024867,-0.2774754,2,C_Lava_50,val
0.86493,0.07027874,4,C_Lava_36,val
-0.35904965,-1.0055358,3,C_Lava_36,val
0.9614444,0.734628,0,C_Lava_36,val
-1.3890805,-0.28353518,6,C_Lava_36,val
0.6613033,-1.6595569,1,C_Lava_36,val
2.572263,0.0783478,5,C_Lava_36,val
-0.5761653,-0.27267122,2,C_Lava_36,val
2.061614,-0.8822094,12,C_Lava_36,val
2.1125774,-0.82253575,11,C_Lava_36,val
0.5137594,-0.30344975,7,C_Lava_36,val
0.31564885,1.8283563,13,C_Lava_36,val
1.235102,-0.971625,10,C_Lava_36,val
-2.248876,-0.39732778,8,C_Lava_36,val
-0.47354358,-0.2830016,14,C_Lava_36,val
1.2307308,0.40293393,9,C_Lava_36,val
-0.36762762,-1.3526708,11,C_Lvav_32,val
2.145391,2.6340723,12,C_Lvav_32,val
-0.42560986,-0.7811209,14,C_Lvav_32,val
0.71163094,-0.16882543,8,C_Lvav_32,val
1.03815,0.47370672,9,C_Lvav_32,val
1.0862614,0.4319259,13,C_Lvav_32,val
-0.09331647,1.8646921,7,C_Lvav_32,val
-0.3266276,-0.059854604,10,C_Lvav_32,val
1.2791519,0.52847457,3,C_Lvav_32,val
0.3297533,-1.1969959,0,C_Lvav_32,val
0.40434515,-0.75961214,4,C_Lvav_32,val
-0.30979615,-0.022199892,5,C_Lvav_32,val
-0.40899923,-0.25119781,2,C_Lvav_32,val
-0.5428496,-0.3571156,6,C_Lvav_32,val
1.6471924,-0.30414763,1,C_Lvav_32,val
-2.416563,-1.0149873,4,C_Sav_52,val
-0.6388287,0.23821303,0,C_Sav_52,val
2.4844782,0.1731304,3,C_Sav_52,val
0.19769052,-0.13787362,1,C_Sav_52,val
1.0185139,0.5035002,6,C_Sav_52,val
-0.52268636,0.3931632,2,C_Sav_52,val
1.062525,1.0485047,5,C_Sav_52,val
0.2942645,-0.16757375,12,C_Sav_52,val
0.13406113,2.052238,11,C_Sav_52,val
-0.40864173,-0.45593727,10,C_Sav_52,val
0.075278774,1.9764948,13,C_Sav_52,val
0.21229795,-0.5949324,7,C_Sav_52,val
-1.2734157,1.4795915,9,C_Sav_52,val
-1.0513123,1.4122343,14,C_Sav_52,val
-1.3679821,3.0069277,8,C_Sav_52,val
0.9543472,-1.316498,4,C_Lvav_30,val
-0.5356224,0.024193536,3,C_Lvav_30,val
1.1214242,0.9894058,0,C_Lvav_30,val
-1.9157331,0.9919744,6,C_Lvav_30,val
0.50435954,-0.27373016,1,C_Lvav_30,val
-0.28987396,0.71133304,5,C_Lvav_30,val
0.43547982,-0.926643,2,C_Lvav_30,val
-0.49452233,0.906231,12,C_Lvav_30,val
-0.24748817,1.8272618,11,C_Lvav_30,val
0.4675266,-1.099417,7,C_Lvav_30,val
-0.6513438,-1.8436399,13,C_Lvav_30,val
0.70194817,-2.5528054,10,C_Lvav_30,val
0.26691875,0.7821164,8,C_Lvav_30,val
-0.7920716,0.19256984,14,C_Lvav_30,val
0.70923674,0.043590076,9,C_Lvav_30,val
-0.25114095,-0.93842924,7,C_Lvav_60,val
-0.19910592,0.18849003,13,C_Lvav_60,val
-0.26916295,0.7801555,10,C_Lvav_60,val
-0.33202672,0.40696836,8,C_Lvav_60,val
0.3173944,-0.023729967,14,C_Lvav_60,val
0.6012633,-1.000974,9,C_Lvav_60,val
0.8212924,0.5608443,12,C_Lvav_60,val
0.16557884,0.44036314,11,C_Lvav_60,val
0.012276655,-0.4066553,6,C_Lvav_60,val
-0.64986706,1.6621966,1,C_Lvav_60,val
-0.44091788,-1.1855714,5,C_Lvav_60,val
-0.4711947,-0.17714113,2,C_Lvav_60,val
1.0257789,-1.3880488,4,C_Lvav_60,val
1.61818,1.6009423,3,C_Lvav_60,val
-2.427758,-0.034134734,0,C_Lvav_60,val
0.70448166,-0.1583551,11,C_Sav_67,val
-1.3802217,0.9402186,12,C_Sav_67,val
-0.7032964,0.44227126,14,C_Sav_67,val
-0.63552785,0.95136625,8,C_Sav_67,val
0.005278023,0.10078292,9,C_Sav_67,val
0.80761516,1.2763796,13,C_Sav_67,val
-0.17240593,-0.21011373,7,C_Sav_67,val
0.5325648,0.84586316,10,C_Sav_67,val
-1.9869908,-1.0142157,3,C_Sav_67,val
-0.7027788,-0.468676,0,C_Sav_67,val
-0.31432238,0.5590359,4,C_Sav_67,val
2.4492447,2.1280527,5,C_Sav_67,val
0.40888846,-0.1969557,2,C_Sav_67,val
1.4268836,0.6931152,6,C_Sav_67,val
-0.8638847,1.0336235,1,C_Sav_67,val
-1.6629696,-0.60877454,9,C_Lav_37,val
1.3323089,0.5019322,14,C_Lav_37,val
-1.4462389,0.64283854,8,C_Lav_37,val
-0.23871277,0.11302917,10,C_Lav_37,val
0.5959348,-0.015505905,13,C_Lav_37,val
-1.8714328,0.6408143,7,C_Lav_37,val
-0.71106964,0.54978096,11,C_Lav_37,val
-0.054217327,-0.014239023,12,C_Lav_37,val
1.1236588,0.17353486,2,C_Lav_37,val
1.059445,-0.35765448,5,C_Lav_37,val
-0.62678677,-0.86472404,1,C_Lav_37,val
0.5518949,0.23489103,6,C_Lav_37,val
0.8143751,-0.491455,0,C_Lav_37,val
-1.1996529,0.9133692,3,C_Lav_37,val
-0.5972792,0.00017109909,4,C_Lav_37,val
2.0785527,-2.3446295,8,C_Sav_69,val
0.9807689,-0.045511592,14,C_Sav_69,val
-1.0754588,1.4023639,9,C_Sav_69,val
0.3778749,0.1138872,7,C_Sav_69,val
-0.94940025,-1.6457587,13,C_Sav_69,val
-0.17771807,-1.8139198,10,C_Sav_69,val
0.7106795,-1.8168265,11,C_Sav_69,val
0.95089465,-0.27852258,12,C_Sav_69,val
-0.56184554,-1.2251722,5,C_Sav_69,val
1.2691997,1.211661,2,C_Sav_69,val
-0.5230741,0.39162463,6,C_Sav_69,val
-0.6218859,0.79456574,1,C_Sav_69,val
-1.4785795,-1.5804882,3,C_Sav_69,val
-0.727939,-1.1969963,0,C_Sav_69,val
-0.46518725,0.34604517,4,C_Sav_69,val
-0.15255913,0.31568983,7,C_Lav_25,val
0.511767,-0.22335333,13,C_Lav_25,val
-0.3837592,-1.6533648,10,C_Lav_25,val
-0.66796124,-0.048719943,8,C_Lav_25,val
-0.47521827,0.17241637,14,C_Lav_25,val
0.85352975,-0.8501972,9,C_Lav_25,val
2.6094797,-0.08314117,12,C_Lav_25,val
0.19400966,0.29909292,11,C_Lav_25,val
-0.092272684,0.014244966,6,C_Lav_25,val
1.433286,2.1807785,1,C_Lav_25,val
0.382555,0.4082171,5,C_Lav_25,val
-0.853171,-1.5765716,2,C_Lav_25,val
-0.68203723,0.13840985,4,C_Lav_25,val
-0.96674484,0.11983719,3,C_Lav_25,val
-1.1287019,-0.32950354,0,C_Lav_25,val
-0.32975146,0.36896423,12,C_Savav_21,val
-0.63614243,0.063216425,11,C_Savav_21,val
1.3398187,0.047344346,7,C_Savav_21,val
-1.909449,-1.0035557,13,C_Savav_21,val
-1.993874,-1.441854,10,C_Savav_21,val
1.004418,1.0672107,8,C_Savav_21,val
-0.104741074,-0.33500078,14,C_Savav_21,val
2.2596545,-1.6189661,9,C_Savav_21,val
-0.53702843,1.2185729,4,C_Savav_21,val
0.63377345,1.1462643,3,C_Savav_21,val
-0.40672287,0.31442755,0,C_Savav_21,val
-0.12852842,-0.6243618,6,C_Savav_21,val
0.6269144,0.2556151,1,C_Savav_21,val
-0.3547152,-0.16818526,5,C_Savav_21,val
-1.3581889,-0.035447106,2,C_Savav_21,val
1.8517163,-0.03468665,1,C_Sav_25,val
-0.112050794,-0.20944743,6,C_Sav_25,val
-0.98407984,-0.84020364,2,C_Sav_25,val
-1.1808249,-0.30918193,5,C_Sav_25,val
0.19988438,-0.10788941,4,C_Sav_25,val
1.606215,0.5684438,0,C_Sav_25,val
-0.15600917,-1.57813,3,C_Sav_25,val
0.3017842,1.277675,10,C_Sav_25,val
0.23072317,-0.16284129,7,C_Sav_25,val
-1.7641103,1.3730153,13,C_Sav_25,val
-0.87924755,0.105961,9,C_Sav_25,val
-0.6237597,-0.10761568,8,C_Sav_25,val
0.27177438,1.5176497,14,C_Sav_25,val
0.5216772,2.195011,12,C_Sav_25,val
0.20979097,1.2435443,11,C_Sav_25,val
-0.22418766,0.18840384,7,C_Savav_53,val
-1.5235287,-0.8927042,13,C_Savav_53,val
0.18474518,-0.44596386,10,C_Savav_53,val
-0.03395753,-0.7826335,8,C_Savav_53,val
-0.81014884,-0.9215715,14,C_Savav_53,val
0.8384999,1.224533,9,C_Savav_53,val
0.46595287,-0.5495709,12,C_Savav_53,val
0.81917065,2.3453345,11,C_Savav_53,val
1.7654523,1.4673939,6,C_Savav_53,val
-1.0625457,1.2321861,1,C_Savav_53,val
1.1331589,-1.3900206,5,C_Savav_53,val
1.4855822,1.6218045,2,C_Savav_53,val
1.2230787,1.9205048,4,C_Savav_53,val
-0.8900038,2.5791664,3,C_Savav_53,val
-1.1743131,0.66649324,0,C_Savav_53,val
-0.73089784,0.30378366,3,C_Savav_94,val
0.12173872,1.2504454,0,C_Savav_94,val
1.9452263,0.20117955,4,C_Savav_94,val
0.7450873,0.78554773,5,C_Savav_94,val
-0.01691951,0.7299748,2,C_Savav_94,val
0.1929698,-0.1576913,6,C_Savav_94,val
-0.3559551,-0.9609023,1,C_Savav_94,val
1.5276985,-2.2847693,11,C_Savav_94,val
0.744669,-0.15839407,12,C_Savav_94,val
0.625565,-1.3060082,8,C_Savav_94,val
0.49035558,0.84029704,14,C_Savav_94,val
-2.050368,-1.4038508,9,C_Savav_94,val
1.8263617,0.12568317,7,C_Savav_94,val
-0.56596226,1.5364605,13,C_Savav_94,val
1.0686021,-0.600892,10,C_Savav_94,val
-0.47309703,1.7327743,3,C_Savav_62,val
0.07898426,0.20173022,0,C_Savav_62,val
-0.057863798,-1.3449599,4,C_Savav_62,val
0.17657773,-0.12768364,5,C_Savav_62,val
-0.18245834,0.13788033,2,C_Savav_62,val
0.24580656,-0.11488103,6,C_Savav_62,val
-0.72235954,1.250986,1,C_Savav_62,val
1.8568219,0.6938055,11,C_Savav_62,val
0.42329088,2.9579446,12,C_Savav_62,val
-0.31796277,0.5926473,14,C_Savav_62,val
0.1592773,0.6169534,8,C_Savav_62,val
1.352464,-1.7871988,9,C_Savav_62,val
0.52530634,0.11807358,13,C_Savav_62,val
-0.95022416,-0.0025897818,7,C_Savav_62,val
-0.9068485,1.97572,10,C_Savav_62,val
0.7820321,0.725715,3,C_Lava_52,val
1.2709,-0.28249246,0,C_Lava_52,val
0.5874846,-0.23149699,4,C_Lava_52,val
-0.28235567,-0.34547514,5,C_Lava_52,val
0.17714745,-1.0073344,2,C_Lava_52,val
0.0790849,0.30477357,6,C_Lava_52,val
2.021742,-0.058081128,1,C_Lava_52,val
-2.0305152,0.36248994,11,C_Lava_52,val
1.0678629,0.7780093,12,C_Lava_52,val
-0.19626206,0.10133063,8,C_Lava_52,val
-0.4168719,-0.98451686,14,C_Lava_52,val
1.4210165,-1.3522416,9,C_Lava_52,val
-0.1725511,-0.6959318,7,C_Lava_52,val
1.6242136,0.37242746,13,C_Lava_52,val
1.0506036,-0.83374166,10,C_Lava_52,val
1.3983635,-1.1010785,10,C_Lava_5,val
0.02236894,-1.8102437,13,C_Lava_5,val
1.0356555,-0.37913707,7,C_Lava_5,val
-0.35526764,-0.3298654,9,C_Lava_5,val
-1.1946203,0.7095425,14,C_Lava_5,val
0.9899995,-0.32924742,8,C_Lava_5,val
1.3540382,0.86771965,12,C_Lava_5,val
0.40709525,0.721117,11,C_Lava_5,val
0.05253486,0.38234198,1,C_Lava_5,val
-0.5046822,-0.5510606,6,C_Lava_5,val
-0.5522378,-1.5039878,2,C_Lava_5,val
-0.7207937,0.5424175,5,C_Lava_5,val
-0.44015995,0.25483143,4,C_Lava_5,val
-0.72808105,0.6165118,0,C_Lava_5,val
1.261318,0.01721076,3,C_Lava_5,val
0.07473968,0.31876367,3,C_Savav_1,val
0.09914703,-0.6062524,0,C_Savav_1,val
0.7885536,-0.3759846,4,C_Savav_1,val
0.11858875,-0.7914733,5,C_Savav_1,val
-0.3411151,0.10543028,2,C_Savav_1,val
1.3526769,-0.21225773,6,C_Savav_1,val
0.093062334,0.00046879798,1,C_Savav_1,val
0.34739754,1.2936137,11,C_Savav_1,val
0.86121607,0.7095396,12,C_Savav_1,val
-0.8376996,0.41348016,14,C_Savav_1,val
0.49457267,-1.0150362,8,C_Savav_1,val
-0.3295374,-0.47983366,9,C_Savav_1,val
-0.6288449,-1.275359,13,C_Savav_1,val
2.1192322,0.90313625,7,C_Savav_1,val
-1.0827302,-1.2919657,10,C_Savav_1,val
0.3651802,0.0809905,1,C_Lava_32,val
2.2011821,-0.54483145,6,C_Lava_32,val
-0.0007418138,0.89793044,2,C_Lava_32,val
-2.210547,-2.316672,5,C_Lava_32,val
1.9261929,-1.4022875,4,C_Lava_32,val
-0.14220837,-0.12186798,0,C_Lava_32,val
-1.4384252,0.73739505,3,C_Lava_32,val
1.4305671,-1.1951776,10,C_Lava_32,val
-0.3763546,-1.175732,13,C_Lava_32,val
0.9422985,0.46909365,7,C_Lava_32,val
1.9600366,-0.26488286,9,C_Lava_32,val
0.47887477,0.8717434,14,C_Lava_32,val
1.3749876,-1.1246878,8,C_Lava_32,val
2.1296217,-1.3471376,12,C_Lava_32,val
-1.3247643,0.77800757,11,C_Lava_32,val
0.45253938,0.10932125,2,C_Lava_98,val
0.11957264,0.11593638,5,C_Lava_98,val
0.8529314,1.1670456,1,C_Lava_98,val
-0.8529784,1.5358553,6,C_Lava_98,val
0.08032308,1.509571,0,C_Lava_98,val
0.8111751,-1.4432086,3,C_Lava_98,val
1.0234427,0.39529762,4,C_Lava_98,val
-0.5439356,0.25814876,9,C_Lava_98,val
-0.5065487,0.27299535,8,C_Lava_98,val
0.020724894,0.23705325,14,C_Lava_98,val
-1.0049509,-0.36446455,10,C_Lava_98,val
1.307502,-0.10872097,7,C_Lava_98,val
-0.6305251,0.19028583,13,C_Lava_98,val
0.7815291,-0.4141258,11,C_Lava_98,val
1.904485,0.23657313,12,C_Lava_98,val
-0.3433684,2.9765396,0,C_Sav_8,val
0.26475278,-0.2994081,3,C_Sav_8,val
0.4456025,-0.7704426,4,C_Sav_8,val
-0.41424012,0.40260983,2,C_Sav_8,val
-1.2457867,1.1794168,5,C_Sav_8,val
2.3236816,-0.54060435,1,C_Sav_8,val
-2.3088744,0.33177882,6,C_Sav_8,val
0.0019594566,-1.6366436,11,C_Sav_8,val
0.009316464,-0.31976175,12,C_Sav_8,val
1.2649825,0.2730503,9,C_Sav_8,val
0.42342043,1.3139603,14,C_Sav_8,val
0.75500274,-1.637793,8,C_Sav_8,val
0.35606024,1.1218711,10,C_Sav_8,val
0.8059299,0.32508034,13,C_Sav_8,val
0.7828292,-0.72391593,7,C_Sav_8,val
1.1372771,0.18238166,11,C_Lav_40,val
-0.15947202,-0.4988161,12,C_Lav_40,val
1.2531724,0.24269974,9,C_Lav_40,val
1.113696,-1.0774046,8,C_Lav_40,val
1.6019514,0.92839146,14,C_Lav_40,val
-0.6284157,0.18184507,10,C_Lav_40,val
-0.43179935,-0.6399858,7,C_Lav_40,val
0.17493686,1.4919769,13,C_Lav_40,val
0.011137631,-0.93728083,0,C_Lav_40,val
-0.85925084,1.497015,3,C_Lav_40,val
-0.08398714,-0.7993607,4,C_Lav_40,val
1.2460021,-0.5742066,2,C_Lav_40,val
-0.5847994,1.3438783,5,C_Lav_40,val
0.99107766,-0.40580413,1,C_Lav_40,val
-0.034081846,-0.21449351,6,C_Lav_40,val
0.6276124,0.89208275,12,C_Lav_13,val
-0.2945894,-0.8847846,11,C_Lav_13,val
0.5599913,0.1441202,13,C_Lav_13,val
-0.24238977,0.14644249,7,C_Lav_13,val
-0.22866145,3.0374267,10,C_Lav_13,val
-0.8996772,-0.021090087,14,C_Lav_13,val
1.6764727,0.88627034,8,C_Lav_13,val
1.7580532,-0.42106274,9,C_Lav_13,val
-0.07721792,-0.10863418,4,C_Lav_13,val
-1.2425001,-0.6393352,3,C_Lav_13,val
0.36098254,-0.7128468,0,C_Lav_13,val
1.3583617,-0.31204477,6,C_Lav_13,val
0.70091337,0.88475096,1,C_Lav_13,val
-0.48138854,0.7350184,5,C_Lav_13,val
0.03530146,0.28215647,2,C_Lav_13,val
0.6917486,-1.1169715,0,C_Sav_33,val
1.689487,1.1878791,3,C_Sav_33,val
0.9019816,-0.2460587,4,C_Sav_33,val
-1.4316627,1.1195346,2,C_Sav_33,val
0.10990975,0.7859124,5,C_Sav_33,val
-0.08132144,-0.0005347789,1,C_Sav_33,val
1.2421304,0.93741953,6,C_Sav_33,val
-0.24535316,0.3426649,11,C_Sav_33,val
0.699797,-0.8616634,12,C_Sav_33,val
1.5656638,0.224662,9,C_Sav_33,val
-0.004841389,1.1280017,8,C_Sav_33,val
-0.40573403,-0.552824,14,C_Sav_33,val
0.21122724,0.83886737,10,C_Sav_33,val
-0.26479134,-0.72767913,7,C_Sav_33,val
0.66956085,1.1805428,13,C_Sav_33,val
0.74935716,0.6700294,12,C_Savav_13,val
0.76350605,-1.1426351,11,C_Savav_13,val
1.2680748,-1.1483061,10,C_Savav_13,val
-0.38383234,-0.39408,7,C_Savav_13,val
1.2044905,0.060121108,13,C_Savav_13,val
1.5010108,0.39007717,9,C_Savav_13,val
1.7381486,-0.67377186,8,C_Savav_13,val
1.281712,0.5655169,14,C_Savav_13,val
-0.16137818,0.04893172,4,C_Savav_13,val
1.0728197,-0.7396864,0,C_Savav_13,val
-0.564155,-0.7516315,3,C_Savav_13,val
-3.1062434,0.16920486,1,C_Savav_13,val
0.609485,-0.6383596,6,C_Savav_13,val
-1.4289945,-0.7088628,2,C_Savav_13,val
-1.9116352,-1.1403022,5,C_Savav_13,val
-0.05829443,-1.3092467,6,C_Sav_17,val
-1.9573386,0.11687985,1,C_Sav_17,val
0.54819924,1.3315015,5,C_Sav_17,val
0.26151797,0.09270694,2,C_Sav_17,val
-0.0366531,-1.1940545,4,C_Sav_17,val
-1.4959521,-0.797284,3,C_Sav_17,val
-0.47636122,-0.7991291,0,C_Sav_17,val
-1.5968562,0.20888811,7,C_Sav_17,val
-0.344406,0.7672341,13,C_Sav_17,val
-0.36328846,-1.3299006,10,C_Sav_17,val
-0.94777334,0.15317206,8,C_Sav_17,val
-0.009396912,0.31077135,14,C_Sav_17,val
0.12823467,-0.07337536,9,C_Sav_17,val
-1.2300655,-0.67222315,12,C_Sav_17,val
-0.19098589,-0.4490782,11,C_Sav_17,val
-0.092963845,0.63870317,14,C_Lava_46,val
0.8835856,0.60478216,8,C_Lava_46,val
0.69264686,-0.60848725,9,C_Lava_46,val
0.3674683,-1.1349316,13,C_Lava_46,val
-1.3043449,0.31712085,7,C_Lava_46,val
-0.3010426,-0.6411607,10,C_Lava_46,val
0.5822024,1.0507553,11,C_Lava_46,val
-0.29915294,0.6327784,12,C_Lava_46,val
-0.7234552,-0.7425896,5,C_Lava_46,val
0.92495507,0.4627491,2,C_Lava_46,val
-0.27388358,-2.0878117,6,C_Lava_46,val
0.95727986,-0.5136236,1,C_Lava_46,val
0.30132353,-1.0393441,3,C_Lava_46,val
0.7593621,-0.4024846,0,C_Lava_46,val
0.07849667,0.889085,4,C_Lava_46,val
-0.014287032,-0.6636546,13,C_Lvav_65,val
-2.4641504,0.17303205,7,C_Lvav_65,val
0.25247723,0.0471292,10,C_Lvav_65,val
-0.28717673,0.39337412,14,C_Lvav_65,val
-0.031568028,0.60710496,8,C_Lvav_65,val
-0.39038667,0.0009124412,9,C_Lvav_65,val
1.6542691,1.9165859,12,C_Lvav_65,val
0.34905246,0.26820785,11,C_Lvav_65,val
1.3163031,-1.2548414,6,C_Lvav_65,val
0.5818815,0.5671926,1,C_Lvav_65,val
-1.6471169,2.4329054,5,C_Lvav_65,val
0.8890429,0.21071112,2,C_Lvav_65,val
0.9864717,0.11460514,4,C_Lvav_65,val
-1.0519274,0.75042075,3,C_Lvav_65,val
-0.2547475,-0.54298544,0,C_Lvav_65,val
1.6076788,-0.045558643,11,C_Lava_48,val
0.45525983,0.2869515,12,C_Lava_48,val
-0.26171574,2.069389,8,C_Lava_48,val
-1.5386664,-1.4510179,14,C_Lava_48,val
-0.19203123,-0.22367045,9,C_Lava_48,val
1.0173281,-0.28983644,7,C_Lava_48,val
-0.44675383,0.63932383,13,C_Lava_48,val
0.67273897,-0.7793861,10,C_Lava_48,val
-1.2511554,-0.19176392,3,C_Lava_48,val
-2.992153,1.5664757,0,C_Lava_48,val
1.7074207,-0.4860939,4,C_Lava_48,val
0.16514555,-0.047399305,5,C_Lava_48,val
-0.5280108,-0.053233694,2,C_Lava_48,val
0.1136859,-0.7221979,6,C_Lava_48,val
-0.18363497,-0.48879108,1,C_Lava_48,val
2.1301556,-1.6591085,9,C_Sav_22,val
-0.14510804,0.21642584,8,C_Sav_22,val
-0.28029615,-1.2371888,14,C_Sav_22,val
0.18915144,-0.26816928,10,C_Sav_22,val
-0.20497443,1.2717038,7,C_Sav_22,val
0.15808883,-0.5044682,13,C_Sav_22,val
-0.9609455,1.2789096,11,C_Sav_22,val
0.7772484,2.2862706,12,C_Sav_22,val
-0.4614417,-2.1615422,2,C_Sav_22,val
1.1901059,0.8419022,5,C_Sav_22,val
-1.0281528,0.08099957,1,C_Sav_22,val
1.0663656,-0.24908847,6,C_Sav_22,val
-1.1444011,1.025633,0,C_Sav_22,val
1.1794223,-0.6736133,3,C_Sav_22,val
-0.27709273,1.014758,4,C_Sav_22,val
1.2654879,1.9783899,4,C_Lava_81,val
0.30074397,-1.2335502,3,C_Lava_81,val
0.0019761077,-2.2873702,0,C_Lava_81,val
1.5771986,1.4597346,6,C_Lava_81,val
0.69906366,0.02862656,1,C_Lava_81,val
-0.8002199,0.23004428,5,C_Lava_81,val
0.31828612,-1.8022178,2,C_Lava_81,val
1.621506,-0.15641466,12,C_Lava_81,val
-2.184263,-1.201351,11,C_Lava_81,val
0.38748676,0.5312036,13,C_Lava_81,val
-0.4219226,1.6873713,7,C_Lava_81,val
-1.9781767,-0.8350186,10,C_Lava_81,val
0.38541058,-0.2677705,14,C_Lava_81,val
-1.6939645,-0.6516667,8,C_Lava_81,val
-1.0233623,1.7342087,9,C_Lava_81,val
-0.90463626,1.2087138,11,C_Lav_39,val
-1.8355556,0.7475606,12,C_Lav_39,val
0.10097915,0.7818352,9,C_Lav_39,val
-0.06736114,-1.4583484,8,C_Lav_39,val
-0.3454507,0.18110316,14,C_Lav_39,val
-1.7421557,-0.24745414,10,C_Lav_39,val
0.11938557,1.1503931,7,C_Lav_39,val
-1.0601668,0.95243436,13,C_Lav_39,val
0.82217175,0.9158405,0,C_Lav_39,val
0.51977205,-0.060711294,3,C_Lav_39,val
-0.8089949,-0.3091929,4,C_Lav_39,val
0.097468056,-3.4965327,2,C_Lav_39,val
0.1339918,-0.2758522,5,C_Lav_39,val
0.36981612,-0.3024963,1,C_Lav_39,val
-1.6505587,0.017068343,6,C_Lav_39,val
-1.2513329,-0.47927245,2,C_Lav_28,val
-0.02415047,1.2185578,5,C_Lav_28,val
-0.9106806,0.777481,1,C_Lav_28,val
0.25521868,-0.4373882,6,C_Lav_28,val
1.7535868,1.5133846,0,C_Lav_28,val
-0.061903454,0.5031441,3,C_Lav_28,val
-0.75056154,0.8160635,4,C_Lav_28,val
-0.23943044,0.055754833,9,C_Lav_28,val
1.4950387,1.7941426,8,C_Lav_28,val
-1.4099138,0.040727418,14,C_Lav_28,val
0.09411917,1.1328298,10,C_Lav_28,val
0.4752554,1.0302429,7,C_Lav_28,val
-0.53354406,0.55323684,13,C_Lav_28,val
0.97137517,1.634494,11,C_Lav_28,val
0.38189924,-1.6874489,12,C_Lav_28,val
-0.29026505,0.59989935,0,C_Lvav_22,val
0.6423314,2.338508,3,C_Lvav_22,val
-0.8589146,0.029470662,4,C_Lvav_22,val
0.5096,1.6170875,2,C_Lvav_22,val
0.37652344,-0.30115336,5,C_Lvav_22,val
1.3601334,2.3443124,1,C_Lvav_22,val
-0.14654341,1.663337,6,C_Lvav_22,val
0.9018278,-2.0746136,11,C_Lvav_22,val
-0.46219584,1.0325224,12,C_Lvav_22,val
-1.3371999,0.3234303,9,C_Lvav_22,val
-1.7458241,0.364411,14,C_Lvav_22,val
0.8991718,-0.8685835,8,C_Lvav_22,val
0.44723836,-0.87149966,10,C_Lvav_22,val
-0.12005204,-0.096242644,13,C_Lvav_22,val
-0.88775027,1.3879156,7,C_Lvav_22,val
-0.46650428,0.8349513,1,C_Lav_4,val
-0.13986945,1.6226497,6,C_Lav_4,val
1.5874956,0.65259063,2,C_Lav_4,val
1.788464,0.39727175,5,C_Lav_4,val
-0.24011713,0.45151317,4,C_Lav_4,val
-0.7686552,0.975923,0,C_Lav_4,val
-1.9562756,0.60568047,3,C_Lav_4,val
0.4444975,-0.9420092,10,C_Lav_4,val
-0.40999013,0.23523471,7,C_Lav_4,val
-1.421438,0.4753173,13,C_Lav_4,val
0.6162616,-1.1009815,9,C_Lav_4,val
0.31239435,0.81783915,8,C_Lav_4,val
1.9130824,-0.9798092,14,C_Lav_4,val
-1.3456266,2.2747533,12,C_Lav_4,val
1.1173987,0.15833819,11,C_Lav_4,val
1.6691809,-0.45947716,10,C_Sav_43,val
0.70619196,0.94718415,13,C_Sav_43,val
-1.5637444,-1.6563802,7,C_Sav_43,val
-1.1215794,1.3688214,9,C_Sav_43,val
-0.29334986,-1.0048496,14,C_Sav_43,val
0.21311417,0.11892589,8,C_Sav_43,val
2.4651883,-0.4676671,12,C_Sav_43,val
1.1274154,-1.2208714,11,C_Sav_43,val
-0.30353597,-0.34627438,1,C_Sav_43,val
-0.38774037,-0.10928346,6,C_Sav_43,val
-0.1631336,0.31249708,2,C_Sav_43,val
0.80964506,-0.5307318,5,C_Sav_43,val
-1.3729035,0.43924463,4,C_Sav_43,val
-0.28013283,0.40034336,0,C_Sav_43,val
2.9067676,-0.18824793,3,C_Sav_43,val
0.22589743,-0.38214105,2,C_Sav_41,val
0.59509254,0.37320232,5,C_Sav_41,val
1.7459213,-0.33462587,1,C_Sav_41,val
0.7928275,-0.5082876,6,C_Sav_41,val
-0.034369256,-1.1511604,0,C_Sav_41,val
-0.68366957,-0.46697935,3,C_Sav_41,val
0.8301519,-1.1472818,4,C_Sav_41,val
0.18594229,2.5042958,9,C_Sav_41,val
-0.42663857,-2.1184173,8,C_Sav_41,val
0.83991855,0.20645162,14,C_Sav_41,val
0.4736171,-0.75493884,10,C_Sav_41,val
1.5792118,0.6018319,7,C_Sav_41,val
-2.3677304,0.8457757,13,C_Sav_41,val
0.6254946,0.41995236,11,C_Sav_41,val
-0.7156378,-0.8382155,12,C_Sav_41,val
0.6759296,-0.33444065,6,C_Sav_53,val
0.32529315,0.47862813,1,C_Sav_53,val
1.4894094,0.73321426,5,C_Sav_53,val
0.71198285,1.1001846,2,C_Sav_53,val
-1.5471985,-0.20514612,4,C_Sav_53,val
-1.4535044,-0.6181106,3,C_Sav_53,val
0.6491501,-1.2249407,0,C_Sav_53,val
1.5673059,0.065240875,13,C_Sav_53,val
0.4518553,-0.4467009,7,C_Sav_53,val
0.10158285,0.022472005,10,C_Sav_53,val
1.5024588,-0.378075,14,C_Sav_53,val
2.0273733,-0.8661869,8,C_Sav_53,val
0.72338593,-1.1167353,9,C_Sav_53,val
0.74378717,2.1664207,12,C_Sav_53,val
-0.17368817,-1.6861968,11,C_Sav_53,val
-2.0947814,-1.4029062,5,C_Lav_27,test
-0.40368262,-0.17547715,2,C_Lav_27,test
0.6137047,-0.94082403,6,C_Lav_27,test
0.06906727,0.6932541,1,C_Lav_27,test
-0.29581857,0.5682671,3,C_Lav_27,test
-0.39652145,-0.8040136,0,C_Lav_27,test
-0.002454938,0.7136438,4,C_Lav_27,test
1.8558637,-1.8388377,14,C_Lav_27,test
-0.2761397,0.81092876,8,C_Lav_27,test
0.11106169,1.6099164,9,C_Lav_27,test
2.2445421,0.5726745,13,C_Lav_27,test
1.7455744,0.94644386,7,C_Lav_27,test
0.2579752,1.8593327,10,C_Lav_27,test
0.96955514,-1.4792103,11,C_Lav_27,test
-0.52968097,-1.480005,12,C_Lav_27,test
-2.0914044,-1.1236593,8,C_Lav_9,test
-0.2791155,0.41050348,14,C_Lav_9,test
1.2032936,0.4884599,9,C_Lav_9,test
-0.55244094,0.62279797,7,C_Lav_9,test
-0.22598219,0.35704097,13,C_Lav_9,test
1.0640317,1.1106161,10,C_Lav_9,test
1.0972222,1.0628847,11,C_Lav_9,test
-0.2056774,0.2160197,12,C_Lav_9,test
0.18320528,-0.11494352,5,C_Lav_9,test
-1.4383229,-0.38925144,2,C_Lav_9,test
0.7238166,-0.76066214,6,C_Lav_9,test
0.23353603,-0.4452205,1,C_Lav_9,test
-1.3131812,-0.79640007,3,C_Lav_9,test
0.66646415,0.10551333,0,C_Lav_9,test
0.052452773,-0.54557526,4,C_Lav_9,test
-0.0519748,-1.191723,6,C_Lava_79,test
-0.45190603,-0.28257287,1,C_Lava_79,test
0.95379496,-0.5460634,5,C_Lava_79,test
-1.6321887,0.37089324,2,C_Lava_79,test
0.4422488,0.41268924,4,C_Lava_79,test
0.010665754,2.0403376,3,C_Lava_79,test
0.91930664,-0.9395099,0,C_Lava_79,test
-0.9964249,1.0376707,13,C_Lava_79,test
0.36817414,-0.62089133,7,C_Lava_79,test
-0.3565895,-1.9826356,10,C_Lava_79,test
0.7309001,0.53931594,14,C_Lava_79,test
-1.1595289,2.2508636,8,C_Lava_79,test
1.6069754,0.14316729,9,C_Lava_79,test
-0.22089568,1.1505041,12,C_Lava_79,test
-0.8285684,1.3750776,11,C_Lava_79,test
1.706489,-1.5320683,8,C_Sav_28,test
1.6070503,-0.73369503,14,C_Sav_28,test
-0.08832055,-1.0487081,9,C_Sav_28,test
0.6680194,0.3578572,7,C_Sav_28,test
-0.07154149,-0.14518905,13,C_Sav_28,test
0.7931958,0.3934371,10,C_Sav_28,test
-0.6112888,0.27981675,11,C_Sav_28,test
-0.02878755,-0.2437669,12,C_Sav_28,test
0.7605522,1.5984167,5,C_Sav_28,test
-0.11973933,0.43437293,2,C_Sav_28,test
-1.5033395,0.14306313,6,C_Sav_28,test
1.1644096,-0.38702738,1,C_Sav_28,test
1.0830148,2.029148,3,C_Sav_28,test
0.26387095,-0.19272336,0,C_Sav_28,test
-1.8599339,-1.5656695,4,C_Sav_28,test
-1.3361351,0.4191802,0,C_Lava_21,test
1.1297979,1.3431538,3,C_Lava_21,test
-0.14285967,1.0566399,4,C_Lava_21,test
-0.15591946,0.53975385,2,C_Lava_21,test
0.2551036,0.08863828,5,C_Lava_21,test
-0.9187912,-0.37430507,1,C_Lava_21,test
-0.63911057,-0.99205905,6,C_Lava_21,test
0.3255435,1.5029566,11,C_Lava_21,test
-1.3827084,-2.054303,12,C_Lava_21,test
0.82125574,-0.13809937,9,C_Lava_21,test
0.24656993,1.1450815,8,C_Lava_21,test
1.3754649,-1.1362078,14,C_Lava_21,test
-2.2025168,0.40363076,10,C_Lava_21,test
-0.2693265,0.8993786,7,C_Lava_21,test
1.4023265,-0.20733263,13,C_Lava_21,test
-0.40441388,-0.32496136,1,C_Lav_1,test
-0.52223516,2.8805532,6,C_Lav_1,test
-0.33754355,-0.53143024,2,C_Lav_1,test
2.2092876,-2.191352,5,C_Lav_1,test
0.36723858,0.3094669,4,C_Lav_1,test
1.6719471,-1.0268619,0,C_Lav_1,test
-1.2190015,-0.8354044,3,C_Lav_1,test
-1.5182171,1.110169,10,C_Lav_1,test
-0.24475276,-2.8486514,13,C_Lav_1,test
2.432254,0.75432056,7,C_Lav_1,test
0.7169046,-1.6947532,9,C_Lav_1,test
-0.0010771742,0.035708208,14,C_Lav_1,test
-0.89882845,0.22964783,8,C_Lav_1,test
0.14369401,-1.2824395,12,C_Lav_1,test
-0.17755723,-0.35979527,11,C_Lav_1,test
1.1451887,-0.14071712,3,C_Savav_91,test
1.1847289,0.9489976,0,C_Savav_91,test
0.7480753,-0.015014606,4,C_Savav_91,test
0.40029734,-0.7511879,5,C_Savav_91,test
1.1109409,0.33493584,2,C_Savav_91,test
-1.0511547,1.5433174,6,C_Savav_91,test
-0.4302401,-2.2357392,1,C_Savav_91,test
-0.72419876,1.1501266,11,C_Savav_91,test
-0.5193149,-1.016192,12,C_Savav_91,test
-0.03802265,-0.29690942,14,C_Savav_91,test
-0.14208898,0.86603206,8,C_Savav_91,test
-0.027501358,-1.0758581,9,C_Savav_91,test
0.15766549,0.53851604,13,C_Savav_91,test
-0.6318434,-0.6384257,7,C_Savav_91,test
0.60269827,-0.12872541,10,C_Savav_91,test
0.412273,-0.2118743,10,C_Lava_51,test
0.31491494,0.40583265,13,C_Lava_51,test
-1.0465083,-0.4620137,7,C_Lava_51,test
-0.1738159,-1.6027838,9,C_Lava_51,test
-1.4456391,2.4554882,14,C_Lava_51,test
0.2923699,-0.053583708,8,C_Lava_51,test
-0.59856796,0.4539963,12,C_Lava_51,test
-1.5575308,0.017807098,11,C_Lava_51,test
-1.0117532,0.5786731,1,C_Lava_51,test
-0.76519555,0.18116194,6,C_Lava_51,test
0.22457388,0.30928886,2,C_Lava_51,test
-2.5142639,0.47223547,5,C_Lava_51,test
0.12764308,1.3996217,4,C_Lava_51,test
1.4877845,0.926568,0,C_Lava_51,test
-0.20908895,1.3654808,3,C_Lava_51,test
0.5155624,-0.4007976,2,C_Lvav_55,test
-0.7780633,0.10385458,5,C_Lvav_55,test
-0.69452536,1.3153782,1,C_Lvav_55,test
1.4886127,-0.29833505,6,C_Lvav_55,test
-1.3031878,0.42322353,0,C_Lvav_55,test
0.35639504,-0.18854378,3,C_Lvav_55,test
1.4665406,-2.346803,4,C_Lvav_55,test
-0.07909206,-0.0959678,9,C_Lvav_55,test
0.72083163,-1.1790416,8,C_Lvav_55,test
-1.5835125,-1.3322097,14,C_Lvav_55,test
-0.7529666,-0.03600332,10,C_Lvav_55,test
0.36858308,-0.45742518,7,C_Lvav_55,test
0.042499866,-0.7760411,13,C_Lvav_55,test
-0.9018128,-0.62464505,11,C_Lvav_55,test
-0.6521106,-0.15463161,12,C_Lvav_55,test
-1.0826272,-0.37041044,11,C_Savav_78,test
0.36012655,1.3259815,12,C_Savav_78,test
0.88938206,0.17425384,14,C_Savav_78,test
1.2773973,0.848464,8,C_Savav_78,test
-0.6967879,-0.25149217,9,C_Savav_78,test
-0.0025044768,0.08033845,13,C_Savav_78,test
-0.12866494,0.5274812,7,C_Savav_78,test
0.03143401,0.021625506,10,C_Savav_78,test
-0.05277269,-0.114545144,3,C_Savav_78,test
-0.47667974,1.9410999,0,C_Savav_78,test
0.30392867,0.5024842,4,C_Savav_78,test
-0.024179522,-0.018430388,5,C_Savav_78,test
-0.20365535,1.467886,2,C_Savav_78,test
-0.12687828,0.35756826,6,C_Savav_78,test
0.95451796,0.74134,1,C_Savav_78,test
-1.5508683,-0.20049399,13,C_Lav_59,test
-0.5613897,-0.65262055,7,C_Lav_59,test
-0.8273311,-3.2061133,10,C_Lav_59,test
-0.31945533,0.07841887,14,C_Lav_59,test
-0.5671867,-1.7532002,8,C_Lav_59,test
-0.8011919,-0.88178337,9,C_Lav_59,test
-0.24621391,-0.66549146,12,C_Lav_59,test
1.204073,0.9518358,11,C_Lav_59,test
1.6916591,-0.16529253,6,C_Lav_59,test
-0.26964608,0.51252997,1,C_Lav_59,test
0.17726997,-0.7103714,5,C_Lav_59,test
0.5155954,0.83845353,2,C_Lav_59,test
-0.07377771,1.1752262,4,C_Lav_59,test
1.0659565,1.1819365,3,C_Lav_59,test
0.020466197,-0.5119704,0,C_Lav_59,test
0.7057445,-1.7424052,9,C_Lava_87,test
-0.038422182,-0.8865332,14,C_Lava_87,test
-2.478531,-0.24964648,8,C_Lava_87,test
2.4410586,-0.3634813,10,C_Lava_87,test
1.3336804,0.45981327,13,C_Lava_87,test
1.0022248,0.9100111,7,C_Lava_87,test
1.1296579,0.31339407,11,C_Lava_87,test
-0.30346924,0.95457256,12,C_Lava_87,test
2.0224957,1.1169682,2,C_Lava_87,test
-1.0215352,-0.21287835,5,C_Lava_87,test
-3.2907448,0.93816626,1,C_Lava_87,test
0.2816825,1.917647,6,C_Lava_87,test
-0.90317327,0.38915756,0,C_Lava_87,test
1.1597571,-1.1770313,3,C_Lava_87,test
-0.43672183,2.3994784,4,C_Lava_87,test
0.047950726,-0.36430255,5,C_Savav_69,test
0.0829279,0.62725335,2,C_Savav_69,test
-1.0012448,-0.9774743,6,C_Savav_69,test
-0.407546,-0.4668359,1,C_Savav_69,test
-0.21434331,-0.45486742,3,C_Savav_69,test
1.7807986,-0.59749234,0,C_Savav_69,test
0.22507247,1.2193707,4,C_Savav_69,test
0.5266895,-0.5225555,14,C_Savav_69,test
-2.0651796,0.91750014,8,C_Savav_69,test
0.36135453,-0.93158305,9,C_Savav_69,test
-0.26765,-0.8304829,13,C_Savav_69,test
0.7267927,-1.4026681,7,C_Savav_69,test
-0.112001345,1.9863111,10,C_Savav_69,test
-0.49661288,-0.9914678,11,C_Savav_69,test
1.2298176,-0.25766116,12,C_Savav_69,test
0.58855116,-0.6603875,5,C_Lav_90,test
1.7855422,0.9448279,2,C_Lav_90,test
0.1079905,-0.6804438,6,C_Lav_90,test
-0.9389849,0.15455246,1,C_Lav_90,test
-0.9952268,2.3413112,3,C_Lav_90,test
-0.16756576,-0.34749928,0,C_Lav_90,test
-0.4688005,1.6766706,4,C_Lav_90,test
-0.11348359,-0.34747583,8,C_Lav_90,test
0.768734,-3.0483189,14,C_Lav_90,test
-1.9569523,-0.21774979,9,C_Lav_90,test
-0.19363378,0.18224517,7,C_Lav_90,test
-0.18936768,-1.2727336,13,C_Lav_90,test
0.8134881,0.1000168,10,C_Lav_90,test
-1.803574,-0.11898162,11,C_Lav_90,test
-0.96440864,-0.0708592,12,C_Lav_90,test
0.9158322,-0.9440814,3,C_Lava_57,test
-0.7967249,0.791273,0,C_Lava_57,test
0.5708256,-0.037251428,4,C_Lava_57,test
-1.1209161,1.3390322,5,C_Lava_57,test
-1.0154831,-1.2222179,2,C_Lava_57,test
0.64515877,0.42218095,6,C_Lava_57,test
-0.7037835,-1.1424135,1,C_Lava_57,test
-0.072241075,-0.94290274,11,C_Lava_57,test
1.9296999,0.4265949,12,C_Lava_57,test
-0.5017546,-0.39934635,14,C_Lava_57,test
-0.6432623,1.0064874,8,C_Lava_57,test
-1.0270188,1.170283,9,C_Lava_57,test
1.3994744,0.18249953,13,C_Lava_57,test
0.66758126,-2.2046316,7,C_Lava_57,test
1.0038798,0.7194864,10,C_Lava_57,test
0.45892406,-1.0287082,10,C_Lav_56,test
-0.14306909,-0.97543895,7,C_Lav_56,test
1.5746381,0.3581585,13,C_Lav_56,test
-1.4714137,-1.3104444,9,C_Lav_56,test
0.32134295,-0.33720863,8,C_Lav_56,test
0.47696784,-0.7130717,14,C_Lav_56,test
2.401903,-0.56939167,12,C_Lav_56,test
-2.5108654,-1.0566285,11,C_Lav_56,test
0.6817664,-2.3186169,1,C_Lav_56,test
-1.1478381,1.4058142,6,C_Lav_56,test
0.0935037,0.766295,2,C_Lav_56,test
-0.93890077,0.649512,5,C_Lav_56,test
0.5596331,-2.0739174,4,C_Lav_56,test
2.086697,0.3972757,0,C_Lav_56,test
-0.7914998,0.020465948,3,C_Lav_56,test
2.6513543,-1.4983009,4,C_Savav_86,test
0.72117305,-0.80695975,0,C_Savav_86,test
0.5533451,0.6221484,3,C_Savav_86,test
0.8028126,0.037984353,1,C_Savav_86,test
0.6175511,-1.9398675,6,C_Savav_86,test
-0.16585498,-0.1984673,2,C_Savav_86,test
0.054971047,-0.17042135,5,C_Savav_86,test
-0.7079343,0.6286973,12,C_Savav_86,test
-0.7874007,0.24446729,11,C_Savav_86,test
0.9411555,-0.5990267,10,C_Savav_86,test
0.34571126,-1.3028951,13,C_Savav_86,test
-0.01934804,0.03219079,7,C_Savav_86,test
0.33429036,1.8349745,9,C_Savav_86,test
1.3706772,-2.4603305,14,C_Savav_86,test
-0.8313987,0.014207657,8,C_Savav_86,test
0.9086223,-1.8110297,4,C_Lav_5,test
-0.8338228,-0.03132742,3,C_Lav_5,test
-0.19208714,-0.30302763,0,C_Lav_5,test
1.2678273,-1.0060902,6,C_Lav_5,test
-0.57383275,0.9673584,1,C_Lav_5,test
-1.3568368,1.4646966,5,C_Lav_5,test
2.2721372,-0.24663478,2,C_Lav_5,test
0.8275317,-0.45837787,12,C_Lav_5,test
-1.2551624,-0.5887768,11,C_Lav_5,test
0.44080138,-0.6735911,7,C_Lav_5,test
0.84173626,-0.3128196,13,C_Lav_5,test
-0.07808795,-1.2477056,10,C_Lav_5,test
1.3347613,0.41173,8,C_Lav_5,test
-0.19789419,0.47202963,14,C_Lav_5,test
1.2089369,0.4701593,9,C_Lav_5,test
0.708238,2.6542964,5,C_Sav_37,test
-0.37494874,0.9981883,2,C_Sav_37,test
0.3351022,1.4068482,6,C_Sav_37,test
-1.3310906,1.345973,1,C_Sav_37,test
0.8065623,0.59011096,3,C_Sav_37,test
-0.171471,0.47742224,0,C_Sav_37,test
0.69252306,-0.4045511,4,C_Sav_37,test
0.24146925,-1.2198163,14,C_Sav_37,test
0.016607115,0.6188082,8,C_Sav_37,test
-1.1813542,-0.013745087,9,C_Sav_37,test
0.6895436,-0.82127154,13,C_Sav_37,test
2.229328,-0.16034654,7,C_Sav_37,test
0.14168055,0.2357927,10,C_Sav_37,test
-0.50973636,-0.3221889,11,C_Sav_37,test
-0.07792046,-1.5870421,12,C_Sav_37,test
-1.0098372,0.11850314,5,C_Savav_10,test
-1.2709686,1.6210455,2,C_Savav_10,test
-0.92186064,0.572756,6,C_Savav_10,test
-0.06446437,1.1492952,1,C_Savav_10,test
1.4056509,1.2325174,3,C_Savav_10,test
1.8568771,-0.48240295,0,C_Savav_10,test
-0.27042958,-1.1472734,4,C_Savav_10,test
-1.702681,-2.1029403,14,C_Savav_10,test
0.6427247,0.1107887,8,C_Savav_10,test
2.5103467,1.5712881,9,C_Savav_10,test
-0.18811488,-1.3746918,13,C_Savav_10,test
0.39410827,0.89760053,7,C_Savav_10,test
0.22177672,-1.6491113,10,C_Savav_10,test
0.09575191,1.1853265,11,C_Savav_10,test
1.6150001,0.17190224,12,C_Savav_10,test
0.22463438,0.3165118,11,C_Lav_33,test
-0.98802453,-0.36261928,12,C_Lav_33,test
1.2583021,-1.0125589,8,C_Lav_33,test
-0.6628174,1.3919729,14,C_Lav_33,test
0.2194927,0.0650818,9,C_Lav_33,test
0.55496305,-0.5252598,7,C_Lav_33,test
-0.851572,-1.5902084,13,C_Lav_33,test
0.2857437,-1.073676,10,C_Lav_33,test
1.8146864,0.5941177,3,C_Lav_33,test
0.21846762,-0.46245825,0,C_Lav_33,test
0.85252535,1.2873828,4,C_Lav_33,test
-1.2915975,-0.009483754,5,C_Lav_33,test
0.024903666,0.4018475,2,C_Lav_33,test
-0.24980387,-1.4251975,6,C_Lav_33,test
-1.0074383,1.3961314,1,C_Lav_33,test
1.4970405,-0.29681066,12,C_Sav_0,test
-0.36493093,1.0841422,11,C_Sav_0,test
1.2741939,-1.2554201,7,C_Sav_0,test
0.13082671,-0.41890806,13,C_Sav_0,test
-1.737511,-0.34421992,10,C_Sav_0,test
1.1627069,0.12643522,8,C_Sav_0,test
1.2590525,-1.1254382,14,C_Sav_0,test
0.38862127,-0.8525171,9,C_Sav_0,test
-1.1865885,1.1555378,4,C_Sav_0,test
0.3281514,-0.63790375,3,C_Sav_0,test
1.1037679,-0.01095251,0,C_Sav_0,test
0.07295625,0.44393748,6,C_Sav_0,test
1.6761445,-0.34245902,1,C_Sav_0,test
-0.3971166,-1.5628064,5,C_Sav_0,test
-0.13949072,-1.0374675,2,C_Sav_0,test
2.0059834,-0.8514979,9,C_Lava_49,test
-1.0036548,0.22443604,8,C_Lava_49,test
-0.78229153,1.0634733,14,C_Lava_49,test
-0.8485095,0.39876914,10,C_Lava_49,test
1.3192059,0.6813515,7,C_Lava_49,test
0.62792754,1.5769607,13,C_Lava_49,test
0.6480857,-0.5239427,11,C_Lava_49,test
-0.58188665,-1.2397914,12,C_Lava_49,test
-1.1233721,-0.57262105,2,C_Lava_49,test
1.0502775,-0.5629933,5,C_Lava_49,test
0.83754385,-0.017572414,1,C_Lava_49,test
1.2692816,0.41106653,6,C_Lava_49,test
-0.3504506,2.3765635,0,C_Lava_49,test
0.31845266,-0.10333764,3,C_Lava_49,test
0.4976892,-0.048067562,4,C_Lava_49,test
1.6380774,-2.2208908,0,C_Lav_94,test
-0.26375312,1.3749273,3,C_Lav_94,test
-1.2354748,-0.13657928,4,C_Lav_94,test
-1.1260176,0.46129534,2,C_Lav_94,test
0.27202758,-1.9521399,5,C_Lav_94,test
0.38599956,-0.19695267,1,C_Lav_94,test
-1.4565237,0.5261472,6,C_Lav_94,test
-2.503797,1.2461586,11,C_Lav_94,test
0.3407269,-0.81006825,12,C_Lav_94,test
-0.030233229,-0.67346704,9,C_Lav_94,test
-1.3781295,0.9086933,14,C_Lav_94,test
1.3198785,1.3340119,8,C_Lav_94,test
-0.5389909,-0.26105917,10,C_Lav_94,test
0.81498194,1.6523355,13,C_Lav_94,test
0.8667481,0.16998897,7,C_Lav_94,test
1.6656749,-2.2361674,6,C_Savav_71,test
-0.81276345,0.7941891,1,C_Savav_71,test
0.4011622,-0.35756785,5,C_Savav_71,test
2.4002764,-0.21357584,2,C_Savav_71,test
1.0836675,-1.3473847,4,C_Savav_71,test
-0.6897791,-1.0729828,3,C_Savav_71,test
-0.9929743,0.8925968,0,C_Savav_71,test
-1.8515248,0.92092055,7,C_Savav_71,test
-0.6988614,0.042103842,13,C_Savav_71,test
1.0708778,0.5471583,10,C_Savav_71,test
-0.4443312,-0.7250573,8,C_Savav_71,test
-0.7834583,0.4675346,14,C_Savav_71,test
-0.100339875,1.7082529,9,C_Savav_71,test
0.27010545,-1.2830329,12,C_Savav_71,test
1.4870435,0.4750098,11,C_Savav_71,test
-3.074622,1.2809396,12,C_Lava_55,test
-0.11543098,-0.8516276,11,C_Lava_55,test
0.024171555,-1.5079829,7,C_Lava_55,test
-1.5954494,0.5980198,13,C_Lava_55,test
0.5103244,-1.9039578,10,C_Lava_55,test
-1.0447543,0.76758415,8,C_Lava_55,test
1.0632571,-0.59056664,14,C_Lava_55,test
0.7288896,-1.2912724,9,C_Lava_55,test
1.4415709,0.8756385,4,C_Lava_55,test
1.0897306,-0.17733246,3,C_Lava_55,test
0.42470983,-0.57042015,0,C_Lava_55,test
-1.9658668,-0.6229232,6,C_Lava_55,test
-0.51565045,-1.5572742,1,C_Lava_55,test
1.1475029,-0.752054,5,C_Lava_55,test
0.9697985,1.8647109,2,C_Lava_55,test
0.6883385,0.7433051,11,C_Lvav_37,test
-0.39561823,-0.62806576,12,C_Lvav_37,test
-0.78383034,0.047453005,8,C_Lvav_37,test
0.19865759,0.74181986,14,C_Lvav_37,test
1.2525759,0.11366846,9,C_Lvav_37,test
-1.9952532,2.2762635,7,C_Lvav_37,test
0.0890957,0.14502856,13,C_Lvav_37,test
0.7707019,-0.51650214,10,C_Lvav_37,test
-0.9095651,-0.081172004,3,C_Lvav_37,test
-1.4619676,-1.1744158,0,C_Lvav_37,test
-0.6408472,-0.5149195,4,C_Lvav_37,test
1.0924385,0.058169276,5,C_Lvav_37,test
0.30720496,-0.4877596,2,C_Lvav_37,test
-0.24610324,-0.76117474,6,C_Lvav_37,test
0.6567026,-1.4942759,1,C_Lvav_37,test
0.94347477,-0.9983024,5,C_Lava_59,test
1.5203769,1.2265476,2,C_Lava_59,test
0.77414143,1.616623,6,C_Lava_59,test
-2.295255,0.09866675,1,C_Lava_59,test
-0.906719,-0.03593769,3,C_Lava_59,test
0.18392602,-0.70040125,0,C_Lava_59,test
-0.82448876,-1.3534653,4,C_Lava_59,test
0.7197043,-0.17754996,8,C_Lava_59,test
0.45116356,1.2232617,14,C_Lava_59,test
-0.55117375,-0.586875,9,C_Lava_59,test
0.75145334,-1.2549369,7,C_Lava_59,test
-0.22799084,-0.614608,13,C_Lava_59,test
0.42815065,-1.051336,10,C_Lava_59,test
-1.4232363,-0.3857289,11,C_Lava_59,test
-0.02700034,-0.240078,12,C_Lava_59,test
0.86534226,0.7205791,0,C_Lvav_27,test
1.1846328,0.5338315,3,C_Lvav_27,test
-0.7704049,0.6794529,4,C_Lvav_27,test
0.019895874,0.034913562,2,C_Lvav_27,test
-0.06810358,1.5297279,5,C_Lvav_27,test
1.0208536,0.654042,1,C_Lvav_27,test
-0.693258,-0.9520489,6,C_Lvav_27,test
0.49851754,-0.29107818,11,C_Lvav_27,test
-0.3480876,1.2845352,12,C_Lvav_27,test
-0.34330758,0.031149585,9,C_Lvav_27,test
0.15818849,1.2316805,8,C_Lvav_27,test
-1.095686,-0.98055774,14,C_Lvav_27,test
-0.38238427,-0.47912055,10,C_Lvav_27,test
-0.7199041,-1.1020317,7,C_Lvav_27,test
0.57230353,0.13076153,13,C_Lvav_27,test
-0.42973053,1.0291795,4,C_Sav_21,test
0.085450895,-0.50745,3,C_Sav_21,test
1.3889335,-0.29683372,0,C_Sav_21,test
-0.79899186,1.4065282,6,C_Sav_21,test
-1.7746108,-0.60092103,1,C_Sav_21,test
-1.2243831,0.7576775,5,C_Sav_21,test
-0.43946382,-0.06774043,2,C_Sav_21,test
-0.13436538,0.102879286,12,C_Sav_21,test
-1.2505939,-1.3718678,11,C_Sav_21,test
0.2463181,-0.44089347,13,C_Sav_21,test
-1.5357032,-0.9343436,7,C_Sav_21,test
-0.42208463,-0.49985585,10,C_Sav_21,test
-0.009772019,-0.93995535,14,C_Sav_21,test
0.45889974,-0.037508816,8,C_Sav_21,test
1.7510537,-0.12577602,9,C_Sav_21,test
-0.9353459,0.77136093,11,C_Lvav_85,test
1.4728557,-0.5139911,12,C_Lvav_85,test
-0.64380836,1.4066303,8,C_Lvav_85,test
-1.9320331,-0.84010524,14,C_Lvav_85,test
0.39158955,0.085380726,9,C_Lvav_85,test
-0.72528714,0.25542086,7,C_Lvav_85,test
1.1754099,-0.32462806,13,C_Lvav_85,test
-1.4140483,-0.25650728,10,C_Lvav_85,test
-1.7698627,1.3768002,3,C_Lvav_85,test
0.62016934,-0.50264806,0,C_Lvav_85,test
-0.52084494,1.1762626,4,C_Lvav_85,test
-1.4024367,0.7996002,5,C_Lvav_85,test
-1.7738097,0.6912511,2,C_Lvav_85,test
-2.0789423,-0.9221272,6,C_Lvav_85,test
1.4878114,-0.049179595,1,C_Lvav_85,test
-1.9699047,-0.28430885,10,C_Savav_61,test
0.67662233,1.5004942,7,C_Savav_61,test
-0.73213005,2.153621,13,C_Savav_61,test
0.94416976,2.6862977,9,C_Savav_61,test
1.3079622,1.0558066,8,C_Savav_61,test
1.1772884,2.370837,14,C_Savav_61,test
1.2738142,-0.8393399,12,C_Savav_61,test
-0.7999637,-0.0037981179,11,C_Savav_61,test
0.67372775,1.0460101,1,C_Savav_61,test
1.496622,-0.92646277,6,C_Savav_61,test
0.23605102,1.204165,2,C_Savav_61,test
0.4435172,0.4121006,5,C_Savav_61,test
0.08947776,0.3690598,4,C_Savav_61,test
1.433584,-1.1208296,0,C_Savav_61,test
0.03670616,-0.26990694,3,C_Savav_61,test
-0.1304051,-0.06394434,4,C_Sav_16,test
0.052353457,2.6666903,0,C_Sav_16,test
0.58253485,-1.0683763,3,C_Sav_16,test
-0.5020509,0.7936372,1,C_Sav_16,test
1.0177331,0.30276042,6,C_Sav_16,test
0.948704,1.0359455,2,C_Sav_16,test
-0.5312648,-0.48999318,5,C_Sav_16,test
-0.24444559,-0.30541056,12,C_Sav_16,test
-0.426169,0.02919845,11,C_Sav_16,test
-0.099931054,1.300061,10,C_Sav_16,test
-0.98780054,0.43655613,7,C_Sav_16,test
-0.99891317,-1.0745772,13,C_Sav_16,test
1.0627756,-0.16841462,9,C_Sav_16,test
-1.4263432,0.5040961,8,C_Sav_16,test
0.10398419,-0.35067964,14,C_Sav_16,test
-1.4883173,-0.90609443,13,C_Lvav_3,test
0.46199697,-0.1899235,7,C_Lvav_3,test
0.38911363,1.5983301,10,C_Lvav_3,test
1.0115416,0.8060578,14,C_Lvav_3,test
0.4423133,-0.77771056,8,C_Lvav_3,test
1.7455646,0.21612339,9,C_Lvav_3,test
2.151283,-0.8284032,12,C_Lvav_3,test
1.230909,-0.8362288,11,C_Lvav_3,test
1.5195079,1.2007363,6,C_Lvav_3,test
1.7033671,-0.077960856,1,C_Lvav_3,test
0.9949808,0.46059203,5,C_Lvav_3,test
1.2982299,-0.12603378,2,C_Lvav_3,test
-0.18966597,-0.68478197,4,C_Lvav_3,test
0.70611614,0.27363515,3,C_Lvav_3,test
1.0795168,0.3928237,0,C_Lvav_3,test
-1.0705249,-0.26724172,11,C_Sav_14,test
-0.16620809,-2.7628634,12,C_Sav_14,test
-0.2180633,1.422683,9,C_Sav_14,test
0.13005745,1.4725838,14,C_Sav_14,test
-0.081536084,0.5792766,8,C_Sav_14,test
-0.4872724,-1.0207418,10,C_Sav_14,test
0.18144321,1.1119448,13,C_Sav_14,test
-0.18222207,0.57618076,7,C_Sav_14,test
-0.74130064,0.30689523,0,C_Sav_14,test
-2.2602737,0.12639278,3,C_Sav_14,test
0.87022835,1.5763992,4,C_Sav_14,test
0.096595034,0.2285074,2,C_Sav_14,test
-1.1606587,-1.8814133,5,C_Sav_14,test
1.2359761,-0.30379078,1,C_Sav_14,test
-1.1179386,-1.0738356,6,C_Sav_14,test
-0.39607558,-0.72657573,0,C_Lvav_63,test
-0.53832066,-0.49937707,3,C_Lvav_63,test
-0.22569454,-1.8418874,4,C_Lvav_63,test
0.87366295,-1.9592341,2,C_Lvav_63,test
-0.3418766,1.7878048,5,C_Lvav_63,test
0.5062803,0.29994574,1,C_Lvav_63,test
0.13358423,0.58578235,6,C_Lvav_63,test
0.5196668,0.66170067,11,C_Lvav_63,test
-0.031504568,-1.5886148,12,C_Lvav_63,test
2.267426,0.21081491,9,C_Lvav_63,test
1.6184342,-0.38991264,14,C_Lvav_63,test
-2.2117445,-0.07944482,8,C_Lvav_63,test
-0.55462587,0.7876284,10,C_Lvav_63,test
0.32506213,0.1962691,13,C_Lvav_63,test
-0.6361909,-0.52268285,7,C_Lvav_63,test
-1.6509429,0.07312598,10,C_Lava_54,test
-0.73018825,0.3273511,7,C_Lava_54,test
-0.9204012,1.1262468,13,C_Lava_54,test
-0.13375723,1.3458521,9,C_Lava_54,test
0.54394823,1.7168385,8,C_Lava_54,test
-0.9402446,0.31827006,14,C_Lava_54,test
-1.1604804,0.11661076,12,C_Lava_54,test
-1.4027733,0.00908075,11,C_Lava_54,test
1.8655863,0.4244069,1,C_Lava_54,test
-0.7260526,-0.213949,6,C_Lava_54,test
-0.07282622,0.568969,2,C_Lava_54,test
-1.1961586,0.9747875,5,C_Lava_54,test
0.49463013,-0.33855212,4,C_Lava_54,test
1.755934,-0.9801286,0,C_Lava_54,test
0.080535695,1.7109115,3,C_Lava_54,test
-1.1814703,-2.381108,12,C_Sav_48,test
2.571639,0.88874674,11,C_Sav_48,test
-0.2691337,-1.0547323,10,C_Sav_48,test
0.48005337,0.5919032,13,C_Sav_48,test
0.5169663,0.59206665,7,C_Sav_48,test
0.79520124,0.7460273,9,C_Sav_48,test
-1.0617303,-0.59743965,14,C_Sav_48,test
1.7245742,0.7315808,8,C_Sav_48,test
0.23111498,-1.0253516,4,C_Sav_48,test
0.36496666,0.39144608,0,C_Sav_48,test
-2.8609192,-0.702652,3,C_Sav_48,test
-0.38797966,-1.5468454,1,C_Sav_48,test
1.9880761,1.3807168,6,C_Sav_48,test
1.1708438,-0.16667484,2,C_Sav_48,test
-2.1241167,0.023365662,5,C_Sav_48,test
-2.8889205,0.18173806,7,C_Savav_98,test
0.047299787,0.41756812,13,C_Savav_98,test
0.3395146,0.55262274,10,C_Savav_98,test
0.46686748,2.381762,8,C_Savav_98,test
0.014654423,-0.043443188,14,C_Savav_98,test
-0.11383817,0.48415148,9,C_Savav_98,test
-1.893631,0.8754056,12,C_Savav_98,test
-0.89808136,2.3445554,11,C_Savav_98,test
-1.5305345,-0.61813706,6,C_Savav_98,test
0.18943298,-1.4176143,1,C_Savav_98,test
-1.3562593,0.4345165,5,C_Savav_98,test
-0.61535215,1.9100795,2,C_Savav_98,test
0.89149857,-1.1600441,4,C_Savav_98,test
0.03481586,-1.6295863,3,C_Savav_98,test
-0.56028056,0.9608196,0,C_Savav_98,test
-1.2108343,-0.12120133,12,C_Lava_91,test
1.3987882,0.22753555,11,C_Lava_91,test
0.57484627,0.3579595,10,C_Lava_91,test
0.07726337,0.7045517,13,C_Lava_91,test
0.4048255,-1.5146134,7,C_Lava_91,test
1.2911726,-0.26926255,9,C_Lava_91,test
-1.3307188,-0.7204,14,C_Lava_91,test
1.4322993,-0.53254825,8,C_Lava_91,test
0.093835115,-0.44135132,4,C_Lava_91,test
-0.28354025,-0.27962315,0,C_Lava_91,test
1.3707323,-0.1618649,3,C_Lava_91,test
-1.1610737,-0.8792074,1,C_Lava_91,test
-0.07878838,0.7806583,6,C_Lava_91,test
0.23655525,1.3193369,2,C_Lava_91,test
-0.06269096,0.5366665,5,C_Lava_91,test
-1.0152147,0.38071436,12,C_Lvav_59,test
0.77027446,0.3802992,11,C_Lvav_59,test
-0.3479275,-0.06033568,10,C_Lvav_59,test
0.19915281,0.7682909,7,C_Lvav_59,test
-1.6925358,1.4249098,13,C_Lvav_59,test
0.022990279,1.8309629,9,C_Lvav_59,test
1.3187137,-1.3899648,8,C_Lvav_59,test
0.2191536,0.45548654,14,C_Lvav_59,test
0.5600158,-0.9646257,4,C_Lvav_59,test
0.96141547,-2.1886442,0,C_Lvav_59,test
-0.89461136,0.3930771,3,C_Lvav_59,test
0.18195087,1.1351627,1,C_Lvav_59,test
0.4349404,0.60313135,6,C_Lvav_59,test
1.5326017,0.7913798,2,C_Lvav_59,test
1.1031853,0.4937754,5,C_Lvav_59,test
0.2334618,0.41880065,8,C_Lav_38,test
-0.18132377,-0.7934411,14,C_Lav_38,test
0.21691988,-1.2098504,9,C_Lav_38,test
1.2976763,0.9740464,7,C_Lav_38,test
0.16638422,-0.044326615,13,C_Lav_38,test
-0.43569216,-0.2422322,10,C_Lav_38,test
0.18708889,-0.7861444,11,C_Lav_38,test
2.3375645,0.53904533,12,C_Lav_38,test
-1.3380079,-1.9925125,5,C_Lav_38,test
1.0974761,-0.51412314,2,C_Lav_38,test
-1.8230631,1.6277884,6,C_Lav_38,test
-0.43504077,0.4065774,1,C_Lav_38,test
-0.38761336,-0.42480326,3,C_Lav_38,test
0.99587613,0.119010165,0,C_Lav_38,test
1.1850336,-1.6706144,4,C_Lav_38,test
0.41223133,0.07606037,12,C_Lava_14,test
0.07347838,-1.0509105,11,C_Lava_14,test
1.3572499,-0.9681438,7,C_Lava_14,test
-1.8431671,-2.0919907,13,C_Lava_14,test
-0.7313929,-0.89506567,10,C_Lava_14,test
-0.42130747,0.31096745,8,C_Lava_14,test
-1.574625,-1.1830304,14,C_Lava_14,test
2.1438005,-1.5004117,9,C_Lava_14,test
-0.18747067,0.0025754776,4,C_Lava_14,test
0.5999731,0.87143993,3,C_Lava_14,test
-0.056669414,0.31955394,0,C_Lava_14,test
-2.5556333,-0.7178962,6,C_Lava_14,test
0.5419059,0.41967002,1,C_Lava_14,test
-0.6471903,1.5213847,5,C_Lava_14,test
2.3138456,-0.24950813,2,C_Lava_14,test
0.012386946,-0.49452356,13,C_Sav_49,test
-0.65009904,0.5589577,7,C_Sav_49,test
0.5439327,0.6073489,10,C_Sav_49,test
-1.4661187,0.42563772,14,C_Sav_49,test
-1.0860736,-0.776987,8,C_Sav_49,test
-0.10956938,-0.3700948,9,C_Sav_49,test
-1.3044577,-1.4541966,12,C_Sav_49,test
0.11886007,0.5031667,11,C_Sav_49,test
0.73752546,0.07191203,6,C_Sav_49,test
0.7790564,1.378887,1,C_Sav_49,test
-1.3095227,-0.14592159,5,C_Sav_49,test
1.1485751,0.4014325,2,C_Sav_49,test
-2.7613244,1.2666757,4,C_Sav_49,test
1.45998,-0.8315088,3,C_Sav_49,test
1.1314768,-0.54185486,0,C_Sav_49,test
-0.23144993,1.2283741,12,C_Lav_60,test
0.42097935,0.5250869,11,C_Lav_60,test
0.2556258,0.439583,10,C_Lav_60,test
0.24261299,-0.29107374,13,C_Lav_60,test
-1.5694022,1.4625312,7,C_Lav_60,test
1.6581312,-0.16341399,9,C_Lav_60,test
-0.40509456,0.3892956,14,C_Lav_60,test
-0.439818,-1.7145711,8,C_Lav_60,test
-0.40459317,0.5298308,4,C_Lav_60,test
-0.2920685,-0.20364189,0,C_Lav_60,test
-0.34249854,-0.802326,3,C_Lav_60,test
0.29916254,0.41609463,1,C_Lav_60,test
0.6256882,-0.7196757,6,C_Lav_60,test
0.4494534,-0.6773977,2,C_Lav_60,test
-0.73496944,1.1487443,5,C_Lav_60,test
-1.2348058,2.644176,8,C_Lava_43,test
-0.07780481,-1.9527274,14,C_Lava_43,test
-0.20261334,0.017671792,9,C_Lava_43,test
0.1947412,1.148997,7,C_Lava_43,test
-0.8310444,1.9020185,13,C_Lava_43,test
0.30758274,-0.6585778,10,C_Lava_43,test
0.0837535,-1.1245751,11,C_Lava_43,test
-1.8298072,-0.5071403,12,C_Lava_43,test
1.2757334,-0.32757914,5,C_Lava_43,test
0.16608672,-1.2275977,2,C_Lava_43,test
0.42090774,-0.0040496313,6,C_Lava_43,test
0.6010834,-0.1372005,1,C_Lava_43,test
0.54659915,-0.017403863,3,C_Lava_43,test
-0.5416581,-0.037075337,0,C_Lava_43,test
-0.8045481,-1.7438495,4,C_Lava_43,test
-1.1398377,-2.212458,7,C_Lava_95,test
0.56227297,-0.27031735,13,C_Lava_95,test
2.327681,0.79228175,10,C_Lava_95,test
1.4744861,-0.04650233,8,C_Lava_95,test
-0.8424822,1.6754166,14,C_Lava_95,test
0.83431804,-1.0194538,9,C_Lava_95,test
-0.6473337,1.5892335,12,C_Lava_95,test
-1.6124728,-0.39614004,11,C_Lava_95,test
-0.6467213,-1.5986998,6,C_Lava_95,test
-1.4892489,0.03240057,1,C_Lava_95,test
0.89102536,-1.8912355,5,C_Lava_95,test
-0.047808986,-1.0829792,2,C_Lava_95,test
-1.0343008,0.45307502,4,C_Lava_95,test
1.5550485,0.20470954,3,C_Lava_95,test
-0.34285235,-0.5445352,0,C_Lava_95,test
-0.082844324,1.6432164,10,C_Lava_10,test
0.44271356,1.5974811,13,C_Lava_10,test
-0.77687407,-1.163626,7,C_Lava_10,test
-1.5133839,0.002878617,9,C_Lava_10,test
0.11795177,-0.20036808,14,C_Lava_10,test
-1.586863,1.7270155,8,C_Lava_10,test
-0.87832135,-1.4767164,12,C_Lava_10,test
2.0562394,0.64297247,11,C_Lava_10,test
1.3474865,0.21399713,1,C_Lava_10,test
0.14119725,-0.5901301,6,C_Lava_10,test
-0.13645412,-0.31048605,2,C_Lava_10,test
0.75850385,-1.6993979,5,C_Lava_10,test
-0.6954027,0.3969277,4,C_Lava_10,test
-1.6434964,0.9282543,0,C_Lava_10,test
0.54884756,-0.8213312,3,C_Lava_10,test
-0.29048753,-0.13629667,11,C_Lava_75,test
-0.22887379,0.8958716,12,C_Lava_75,test
1.0511668,-0.43037385,14,C_Lava_75,test
0.64661497,0.87759376,8,C_Lava_75,test
1.093141,2.8498802,9,C_Lava_75,test
-0.6820153,-1.1558298,13,C_Lava_75,test
1.4659859,0.98645264,7,C_Lava_75,test
0.72886044,0.28288648,10,C_Lava_75,test
-0.021529522,0.042253844,3,C_Lava_75,test
-0.027778229,-0.55380845,0,C_Lava_75,test
0.36469084,0.45765096,4,C_Lava_75,test
-0.6845962,0.31753945,5,C_Lava_75,test
0.48375976,1.5028046,2,C_Lava_75,test
0.43185467,0.5441595,6,C_Lava_75,test
0.6209384,0.54289377,1,C_Lava_75,test
-2.8604476,-1.8626366,10,C_Lava_69,test
0.45695123,1.3931167,13,C_Lava_69,test
0.40010798,-1.5256858,7,C_Lava_69,test
-1.0431277,-1.8539755,9,C_Lava_69,test
1.0358027,-0.6316643,14,C_Lava_69,test
0.19749063,-0.4862892,8,C_Lava_69,test
-0.26170343,-1.9527847,12,C_Lava_69,test
-1.6280305,-0.6657545,11,C_Lava_69,test
1.9549353,-0.75713235,1,C_Lava_69,test
-0.9452685,1.0077215,6,C_Lava_69,test
-0.15380546,1.1170876,2,C_Lava_69,test
0.34639192,0.34671155,5,C_Lava_69,test
-0.87247777,-1.604701,4,C_Lava_69,test
0.31979552,0.6472527,0,C_Lava_69,test
-0.5857615,0.41915685,3,C_Lava_69,test
-1.7239927,-2.4625902,13,C_Savav_17,test
-0.9749009,-0.43403876,7,C_Savav_17,test
-1.7000805,0.29620153,10,C_Savav_17,test
1.0646254,-0.2711591,14,C_Savav_17,test
-1.048965,0.36905462,8,C_Savav_17,test
0.20854746,-0.5446336,9,C_Savav_17,test
-0.2627078,0.88364553,12,C_Savav_17,test
0.81458646,-1.3497502,11,C_Savav_17,test
-1.6729933,0.47786322,6,C_Savav_17,test
1.2436618,-1.6824511,1,C_Savav_17,test
-0.56102824,-1.049115,5,C_Savav_17,test
0.1891411,-0.5009252,2,C_Savav_17,test
0.7985763,-1.7451236,4,C_Savav_17,test
1.2476591,1.0971302,3,C_Savav_17,test
0.27757618,0.13884917,0,C_Savav_17,test
0.9903983,0.89891285,3,C_Lvav_54,test
0.14108789,0.79807657,0,C_Lvav_54,test
0.72330016,0.711929,4,C_Lvav_54,test
0.34794506,1.2154331,5,C_Lvav_54,test
0.4516568,-0.74980354,2,C_Lvav_54,test
-0.18530378,0.283222,6,C_Lvav_54,test
-1.2213993,0.45862705,1,C_Lvav_54,test
1.165809,-1.7802684,11,C_Lvav_54,test
-0.1279037,-0.9538545,12,C_Lvav_54,test
-0.42036116,3.375089,8,C_Lvav_54,test
-0.61443585,-0.29993826,14,C_Lvav_54,test
-0.38976014,0.30243275,9,C_Lvav_54,test
-0.22353947,0.46188626,7,C_Lvav_54,test
-0.8108151,-0.06986065,13,C_Lvav_54,test
-0.99122214,-1.9130359,10,C_Lvav_54,test
-0.07059408,-0.91458917,11,C_Sav_55,test
0.9202719,1.1926004,12,C_Sav_55,test
-0.8187671,1.2038782,9,C_Sav_55,test
1.5754039,-0.9356604,14,C_Sav_55,test
-0.28217518,0.5434222,8,C_Sav_55,test
-1.3099079,-0.84992194,10,C_Sav_55,test
1.5787501,-2.1265426,13,C_Sav_55,test
-0.57226795,-0.08944148,7,C_Sav_55,test
0.22092876,0.027916823,0,C_Sav_55,test
0.7782703,0.2687273,3,C_Sav_55,test
-0.72650665,1.2212484,4,C_Sav_55,test
-0.6167237,0.88508445,2,C_Sav_55,test
1.2023468,0.46834758,5,C_Sav_55,test
0.936473,0.9908404,1,C_Sav_55,test
0.18058693,-0.33178192,6,C_Sav_55,test
1.219314,-0.001606884,0,C_Savav_50,test
1.6417956,-2.4243903,3,C_Savav_50,test
0.514724,1.3026676,4,C_Savav_50,test
-0.22486132,0.711249,2,C_Savav_50,test
0.83725035,0.1266408,5,C_Savav_50,test
0.07169444,-1.5656589,1,C_Savav_50,test
0.5548288,-0.36856726,6,C_Savav_50,test
-1.5124226,0.4873498,11,C_Savav_50,test
-0.25828052,0.4676457,12,C_Savav_50,test
0.07500231,0.41286162,9,C_Savav_50,test
-0.21890399,0.18577793,14,C_Savav_50,test
-0.46519825,0.08226792,8,C_Savav_50,test
-0.25631455,-0.098722406,10,C_Savav_50,test
1.0292053,1.4438096,13,C_Savav_50,test
1.4219339,-0.4684948,7,C_Savav_50,test
-0.80222476,1.5088649,9,C_Lvav_81,test
0.081283525,-0.9752468,14,C_Lvav_81,test
0.3485273,0.8643316,8,C_Lvav_81,test
1.3778034,-3.0581682,10,C_Lvav_81,test
-0.36838007,-0.18226081,13,C_Lvav_81,test
0.62896043,0.3187822,7,C_Lvav_81,test
-1.4798666,2.1464946,11,C_Lvav_81,test
-0.2238414,-1.0494702,12,C_Lvav_81,test
-0.3959747,-1.1699305,2,C_Lvav_81,test
-2.3457043,1.6286529,5,C_Lvav_81,test
-1.469708,0.2070702,1,C_Lvav_81,test
-0.58938867,1.0421194,6,C_Lvav_81,test
-1.9010718,-0.8834327,0,C_Lvav_81,test
0.7683614,1.486586,3,C_Lvav_81,test
0.034610067,0.9487946,4,C_Lvav_81,test
1.0303526,0.7489149,2,C_Savav_66,test
1.217618,-0.08797732,5,C_Savav_66,test
-1.0318383,1.0014703,1,C_Savav_66,test
-1.073931,0.23802647,6,C_Savav_66,test
0.15842569,-0.266783,0,C_Savav_66,test
1.2893219,1.2034343,3,C_Savav_66,test
0.3000851,1.3340192,4,C_Savav_66,test
1.5892514,-0.8509328,9,C_Savav_66,test
1.7104895,-1.4538403,8,C_Savav_66,test
0.04436779,-0.6234252,14,C_Savav_66,test
-0.16445631,0.089550816,10,C_Savav_66,test
-1.2152113,2.0939593,7,C_Savav_66,test
0.48900828,-0.1059355,13,C_Savav_66,test
0.46366334,1.1132073,11,C_Savav_66,test
-0.012137129,0.087332904,12,C_Savav_66,test
-0.73044944,-0.5632146,13,C_Lav_92,test
-1.087839,1.3492483,7,C_Lav_92,test
0.36160457,1.037409,10,C_Lav_92,test
0.62744266,0.9066151,14,C_Lav_92,test
1.178392,0.1055934,8,C_Lav_92,test
-0.44318572,0.2672339,9,C_Lav_92,test
1.0962193,1.3454876,12,C_Lav_92,test
2.1835759,-0.96482444,11,C_Lav_92,test
-0.9938911,1.8651388,6,C_Lav_92,test
1.6158803,-2.0719938,1,C_Lav_92,test
-0.54733884,-0.52931976,5,C_Lav_92,test
0.07461125,-0.18199441,2,C_Lav_92,test
1.3889816,1.440825,4,C_Lav_92,test
0.52005625,-0.5429318,3,C_Lav_92,test
-0.39581856,2.289393,0,C_Lav_92,test
-0.93721014,-0.33558995,1,C_Lvav_83,test
0.6495819,-1.6379302,6,C_Lvav_83,test
-0.33920568,-0.3538375,2,C_Lvav_83,test
0.26251817,-0.4952175,5,C_Lvav_83,test
-0.24667266,-0.068572946,4,C_Lvav_83,test
-0.13868958,1.0425425,0,C_Lvav_83,test
1.1871473,1.3820221,3,C_Lvav_83,test
1.5900337,1.2608829,10,C_Lvav_83,test
-0.59997845,-0.92986757,7,C_Lvav_83,test
-0.16221678,-0.1152784,13,C_Lvav_83,test
1.1534264,1.0896924,9,C_Lvav_83,test
0.1958094,-1.4905266,8,C_Lvav_83,test
-0.48792323,0.31063366,14,C_Lvav_83,test
-0.3378135,0.32526803,12,C_Lvav_83,test
-0.8476515,-0.67348355,11,C_Lvav_83,test
1.533364,-0.06455716,7,C_Sav_74,test
0.7175025,1.000381,13,C_Sav_74,test
0.33519393,-0.10763661,10,C_Sav_74,test
0.5993134,0.37347215,8,C_Sav_74,test
0.28752765,0.3994043,14,C_Sav_74,test
1.5271881,-0.047645018,9,C_Sav_74,test
0.049694415,-0.25144103,12,C_Sav_74,test
-1.5997671,0.8945076,11,C_Sav_74,test
0.94277805,-1.0646125,6,C_Sav_74,test
0.49377754,-1.0084156,1,C_Sav_74,test
0.69676805,-1.6470186,5,C_Sav_74,test
0.4760202,-0.34795156,2,C_Sav_74,test
-0.32582375,-1.4080954,4,C_Sav_74,test
-0.82472736,-0.38908696,3,C_Sav_74,test
1.6003278,0.06862136,0,C_Sav_74,test
-0.7833503,1.0032725,8,C_Lvav_45,test
-1.2175366,-0.9406981,14,C_Lvav_45,test
0.07450931,-0.02031329,9,C_Lvav_45,test
0.12655184,-0.4962188,7,C_Lvav_45,test
-0.374965,0.11066155,13,C_Lvav_45,test
-0.8821494,-0.58587086,10,C_Lvav_45,test
-0.4741378,1.835253,11,C_Lvav_45,test
-2.704354,0.059774306,12,C_Lvav_45,test
0.081393294,1.0794156,5,C_Lvav_45,test
0.10476522,1.5906785,2,C_Lvav_45,test
0.75918484,-0.22272488,6,C_Lvav_45,test
-1.9189277,1.8201952,1,C_Lvav_45,test
-0.6688579,-0.17239651,3,C_Lvav_45,test
-0.310032,-0.1079076,0,C_Lvav_45,test
0.18000907,-0.4220012,4,C_Lvav_45,test
-0.34604922,-0.39427215,4,C_Savav_75,test
1.9551364,1.4849346,0,C_Savav_75,test
0.6937937,-0.4470262,3,C_Savav_75,test
-0.40894216,-0.35751626,1,C_Savav_75,test
1.3946394,-1.8519748,6,C_Savav_75,test
0.53176975,-0.040774085,2,C_Savav_75,test
0.117644526,-0.66883963,5,C_Savav_75,test
1.1304494,-0.7828201,12,C_Savav_75,test
-1.1424094,-0.29424658,11,C_Savav_75,test
-0.504843,-1.0225822,10,C_Savav_75,test
0.0952381,0.59414434,13,C_Savav_75,test
-0.69425446,0.67884773,7,C_Savav_75,test
0.25741613,-1.0659032,9,C_Savav_75,test
-0.93696404,-0.10435172,14,C_Savav_75,test
0.42746526,-0.26360527,8,C_Savav_75,test
1.0806367,-1.204354,2,C_Lvav_29,test
-1.0912354,-0.66145116,5,C_Lvav_29,test
-0.7716848,0.18583983,1,C_Lvav_29,test
0.74619764,-1.5757067,6,C_Lvav_29,test
-1.0140909,-0.86033326,0,C_Lvav_29,test
0.74592614,0.8791118,3,C_Lvav_29,test
0.95603424,-0.0048259245,4,C_Lvav_29,test
0.22619683,1.1697596,9,C_Lvav_29,test
0.75547796,0.08977324,14,C_Lvav_29,test
-1.5765647,0.52086055,8,C_Lvav_29,test
-1.5240067,0.105835095,10,C_Lvav_29,test
1.5902538,0.714194,13,C_Lvav_29,test
0.7657994,-0.20661291,7,C_Lvav_29,test
1.153386,0.04980343,11,C_Lvav_29,test
1.2266666,-0.5085393,12,C_Lvav_29,test
0.60334176,1.025398,10,C_Lvav_13,test
-0.1618171,-1.5593541,7,C_Lvav_13,test
-0.17633067,-1.5725496,13,C_Lvav_13,test
-1.7389964,0.30975798,9,C_Lvav_13,test
-1.5040661,0.20043573,8,C_Lvav_13,test
0.13333632,0.2368108,14,C_Lvav_13,test
-0.6262471,1.0967275,12,C_Lvav_13,test
-0.7241069,-0.51892084,11,C_Lvav_13,test
-1.4283646,-1.1576165,1,C_Lvav_13,test
-0.1486572,1.2364846,6,C_Lvav_13,test
0.55967635,-0.019525412,2,C_Lvav_13,test
1.1537013,-0.5122348,5,C_Lvav_13,test
-0.76643527,-0.778387,4,C_Lvav_13,test
-0.22976774,-0.010200349,0,C_Lvav_13,test
-1.6727393,1.1409646,3,C_Lvav_13,test
-0.011519205,-0.942596,4,C_Lav_42,test
-1.0365092,-0.27548918,0,C_Lav_42,test
-0.9508246,0.37259802,3,C_Lav_42,test
-0.30801952,0.93610924,1,C_Lav_42,test
0.20803963,1.6222296,6,C_Lav_42,test
0.15249449,-2.022735,2,C_Lav_42,test
-0.6899474,1.4290677,5,C_Lav_42,test
-0.9675679,-0.8605738,12,C_Lav_42,test
-0.7850234,0.52135503,11,C_Lav_42,test
-0.14074582,-0.48722917,10,C_Lav_42,test
0.453507,0.2849252,13,C_Lav_42,test
1.1463635,-1.2556705,7,C_Lav_42,test
0.8931978,-0.9921906,9,C_Lav_42,test
0.37213123,-0.96306604,14,C_Lav_42,test
-0.29191187,0.46018207,8,C_Lav_42,test
-2.2059503,0.82487154,6,C_Savav_82,test
0.009255636,-0.2291338,1,C_Savav_82,test
-2.571561,0.95581645,5,C_Savav_82,test
0.6862858,-1.4298638,2,C_Savav_82,test
-0.93003255,0.9474434,4,C_Savav_82,test
-1.4136521,-0.6584966,3,C_Savav_82,test
-0.5180587,-1.2129738,0,C_Savav_82,test
-0.22181147,-1.9774866,7,C_Savav_82,test
0.2108069,-0.6867047,13,C_Savav_82,test
-0.8763931,-0.2705907,10,C_Savav_82,test
-0.24573714,-1.7739248,8,C_Savav_82,test
-0.33691686,-1.1101936,14,C_Savav_82,test
0.44894874,2.3058455,9,C_Savav_82,test
0.06358232,-0.9431658,12,C_Savav_82,test
-0.2205948,1.8767669,11,C_Savav_82,test
0.12761135,-0.61179596,8,C_Savav_76,test
0.70258486,-0.72532654,14,C_Savav_76,test
-0.55205095,0.2731226,9,C_Savav_76,test
-0.45346707,0.23974581,7,C_Savav_76,test
0.14059663,-0.8283241,13,C_Savav_76,test
0.30290923,0.58980143,10,C_Savav_76,test
-0.6161363,-0.109139405,11,C_Savav_76,test
0.16996987,0.77678233,12,C_Savav_76,test
-1.0825181,-3.0956507,5,C_Savav_76,test
-0.41932088,-0.5511297,2,C_Savav_76,test
0.76086235,0.08542895,6,C_Savav_76,test
-0.539895,-0.75483334,1,C_Savav_76,test
-0.3199607,1.9829109,3,C_Savav_76,test
-0.12681302,1.2725911,0,C_Savav_76,test
-0.81995654,1.5364927,4,C_Savav_76,test
0.20354909,0.2512082,11,C_Sav_94,test
-0.23347402,0.94292283,12,C_Sav_94,test
0.8847438,-0.061841212,14,C_Sav_94,test
-0.06015156,-0.27279794,8,C_Sav_94,test
1.163744,-0.68822336,9,C_Sav_94,test
0.0022326205,1.2923795,13,C_Sav_94,test
0.1382006,-0.1437595,7,C_Sav_94,test
0.2528441,-0.68920445,10,C_Sav_94,test
-0.2678646,-0.212861,3,C_Sav_94,test
-0.90668297,-0.8356184,0,C_Sav_94,test
-0.5054529,-0.06198705,4,C_Sav_94,test
0.16372178,-0.5355172,5,C_Sav_94,test
-0.25330475,0.6157789,2,C_Sav_94,test
-0.64252955,0.92326653,6,C_Sav_94,test
0.5488001,1.5690279,1,C_Sav_94,test
1.3982946,-1.5549693,13,C_Lava_22,test
-1.1114929,-0.6102494,7,C_Lava_22,test
-0.4147703,0.78097874,10,C_Lava_22,test
-1.7036256,2.2304432,14,C_Lava_22,test
1.6385963,-0.04624417,8,C_Lava_22,test
-1.5906063,0.3464161,9,C_Lava_22,test
-0.84696364,-1.8415053,12,C_Lava_22,test
-0.9415988,0.70390874,11,C_Lava_22,test
0.8155925,-1.2647287,6,C_Lava_22,test
-0.1510281,-1.5932364,1,C_Lava_22,test
0.8830663,0.7686845,5,C_Lava_22,test
0.45520467,-0.75486225,2,C_Lava_22,test
1.3083036,0.15257066,4,C_Lava_22,test
0.74006903,-1.0144475,3,C_Lava_22,test
-0.046639934,2.2850854,0,C_Lava_22,test
-1.4696587,2.4187274,9,C_Lav_32,test
0.018411692,0.46850133,8,C_Lav_32,test
1.5705903,-1.2978516,14,C_Lav_32,test
0.81096065,-0.69800514,10,C_Lav_32,test
-0.7941453,-0.40894336,7,C_Lav_32,test
1.3560007,0.4846106,13,C_Lav_32,test
-2.0203257,-0.8356751,11,C_Lav_32,test
-1.6447562,-0.5209889,12,C_Lav_32,test
-0.9919429,-1.2542495,2,C_Lav_32,test
1.1998986,-0.63725805,5,C_Lav_32,test
1.2227583,-0.78817105,1,C_Lav_32,test
-2.3074803,-0.3650213,6,C_Lav_32,test
-0.3676745,-0.681159,0,C_Lav_32,test
-0.56154656,1.4670691,3,C_Lav_32,test
0.70980364,0.12075476,4,C_Lav_32,test
0.047718547,-1.4844059,0,C_Savav_29,test
1.6915175,1.4948096,3,C_Savav_29,test
0.875811,0.7278259,4,C_Savav_29,test
0.36818847,-0.36175996,2,C_Savav_29,test
-0.19209462,-1.8560779,5,C_Savav_29,test
-1.2505531,2.2670877,1,C_Savav_29,test
-0.8546144,-0.2766299,6,C_Savav_29,test
-0.96879804,0.8720149,11,C_Savav_29,test
2.1185434,0.77040625,12,C_Savav_29,test
0.43417138,0.008894251,9,C_Savav_29,test
-1.2261598,-0.44447577,14,C_Savav_29,test
-0.91567427,0.23030122,8,C_Savav_29,test
-1.3165624,0.1801053,10,C_Savav_29,test
-0.67918956,-0.56050986,13,C_Savav_29,test
-0.6728845,-0.3777811,7,C_Savav_29,test
-0.8652166,-0.10353929,0,C_Lav_67,test
-0.57532245,-0.8862593,3,C_Lav_67,test
-0.55557746,-1.6729785,4,C_Lav_67,test
0.74295944,0.22777855,2,C_Lav_67,test
1.4304439,-0.5971171,5,C_Lav_67,test
-0.08208876,-0.36426747,1,C_Lav_67,test
-0.31322548,-0.47474563,6,C_Lav_67,test
-0.39987984,-0.52247274,11,C_Lav_67,test
0.48797715,0.10331316,12,C_Lav_67,test
0.5671509,-1.4493723,9,C_Lav_67,test
0.8468461,0.15859497,14,C_Lav_67,test
-0.29862717,0.7520701,8,C_Lav_67,test
0.14622521,1.1590345,10,C_Lav_67,test
0.028656812,-0.35952634,13,C_Lav_67,test
-0.38805136,-0.84092975,7,C_Lav_67,test
0.15846881,-2.0757124,5,C_Lvav_23,test
-0.84383047,0.51744145,2,C_Lvav_23,test
-0.5152142,-0.15864432,6,C_Lvav_23,test
-1.4204092,1.838723,1,C_Lvav_23,test
0.88501793,2.1699703,3,C_Lvav_23,test
-1.0056188,-0.6832683,0,C_Lvav_23,test
0.39036596,0.03502994,4,C_Lvav_23,test
-1.5622717,1.3980103,14,C_Lvav_23,test
-1.0809627,0.19527516,8,C_Lvav_23,test
0.2673696,-0.5409839,9,C_Lvav_23,test
0.21136862,-2.0437434,13,C_Lvav_23,test
0.76967674,1.0513496,7,C_Lvav_23,test
-1.3445369,-0.76978624,10,C_Lvav_23,test
0.38277262,0.4519853,11,C_Lvav_23,test
0.55587524,-0.81075877,12,C_Lvav_23,test
0.20368561,1.0160265,2,C_Lvav_50,test
-0.49070022,-0.8254568,5,C_Lvav_50,test
-0.06371608,-0.2865573,1,C_Lvav_50,test
-1.307998,0.85499763,6,C_Lvav_50,test
-0.22211927,0.04691671,0,C_Lvav_50,test
-0.48119697,-1.7169647,3,C_Lvav_50,test
-0.018255193,-1.5244116,4,C_Lvav_50,test
-0.3411621,-1.6166688,9,C_Lvav_50,test
1.3297082,0.9508272,14,C_Lvav_50,test
1.6321194,0.5781129,8,C_Lvav_50,test
2.2892323,-0.8819509,10,C_Lvav_50,test
-1.6891272,0.77362394,13,C_Lvav_50,test
0.8683499,-1.2519764,7,C_Lvav_50,test
-1.4920825,0.5236181,11,C_Lvav_50,test
-0.8951321,1.2355622,12,C_Lvav_50,test
1.0130728,-2.0649977,12,C_Lvav_7,test
-2.1198995,-0.7706143,11,C_Lvav_7,test
0.7481525,-0.76857686,10,C_Lvav_7,test
-0.03188521,0.4781454,7,C_Lvav_7,test
-1.059159,1.2144068,13,C_Lvav_7,test
0.07642228,0.70651335,9,C_Lvav_7,test
0.044676155,-0.3576358,8,C_Lvav_7,test
-0.1337927,1.1651969,14,C_Lvav_7,test
0.7541361,-0.73888576,4,C_Lvav_7,test
-0.5693193,-1.6609023,0,C_Lvav_7,test
0.5812164,0.5737479,3,C_Lvav_7,test
-1.8338647,1.3409187,1,C_Lvav_7,test
-1.2039533,0.3605064,6,C_Lvav_7,test
2.3020003,-0.24404551,2,C_Lvav_7,test
-0.03495126,1.8415236,5,C_Lvav_7,test
-1.6687539,-0.036533084,1,C_Lvav_75,test
-1.1730703,-0.42002618,6,C_Lvav_75,test
-0.23849967,-0.23196752,2,C_Lvav_75,test
1.552354,0.084772654,5,C_Lvav_75,test
0.32239014,-1.9195459,4,C_Lvav_75,test
1.2387569,-0.46301743,0,C_Lvav_75,test
0.36404836,-0.8068553,3,C_Lvav_75,test
-0.6739609,0.2509037,10,C_Lvav_75,test
-0.016860645,0.3114887,13,C_Lvav_75,test
0.8392734,0.9312303,7,C_Lvav_75,test
-0.1195742,0.35988352,9,C_Lvav_75,test
1.2135327,2.4631793,14,C_Lvav_75,test
0.5833777,-0.7081264,8,C_Lvav_75,test
0.12019786,0.5539633,12,C_Lvav_75,test
0.0019625868,-0.7226153,11,C_Lvav_75,test
1.0015616,0.4426762,5,C_Savav_28,test
0.7481109,-0.24520841,2,C_Savav_28,test
-0.4759016,-0.14762703,6,C_Savav_28,test
0.43343726,0.5233724,1,C_Savav_28,test
-0.40887105,-0.26808658,3,C_Savav_28,test
-1.9031588,0.9228778,0,C_Savav_28,test
-0.9042945,-0.22920506,4,C_Savav_28,test
-0.9874406,-0.24636833,14,C_Savav_28,test
0.17953134,0.26437494,8,C_Savav_28,test
-1.2565409,-0.40188563,9,C_Savav_28,test
0.3186369,0.6583529,13,C_Savav_28,test
-0.19106433,-1.5290539,7,C_Savav_28,test
0.79663247,-0.10697624,10,C_Savav_28,test
-1.3297563,1.6260934,11,C_Savav_28,test
0.5639815,-1.7322506,12,C_Savav_28,test
-0.7996936,-0.04121296,12,C_Sav_34,test
0.8713452,-0.6263324,11,C_Sav_34,test
0.7363126,0.96815675,10,C_Sav_34,test
1.2437338,2.1330755,7,C_Sav_34,test
-0.43962926,1.5176319,13,C_Sav_34,test
0.09932547,0.47590548,9,C_Sav_34,test
-0.09521045,-0.80745345,8,C_Sav_34,test
0.87994456,0.7221405,14,C_Sav_34,test
1.4063879,-1.0363227,4,C_Sav_34,test
-1.2508118,0.2772344,0,C_Sav_34,test
0.694701,0.9607255,3,C_Sav_34,test
0.54970515,1.9839762,1,C_Sav_34,test
1.3990015,-0.81438845,6,C_Sav_34,test
-1.2849436,0.6852325,2,C_Sav_34,test
-2.3466444,0.35924903,5,C_Sav_34,test
1.8897064,-0.82780355,3,C_Lvav_15,test
0.18705493,1.7518032,0,C_Lvav_15,test
-0.54806215,0.22488144,4,C_Lvav_15,test
0.59310746,-0.46305624,5,C_Lvav_15,test
1.7400742,-0.7471264,2,C_Lvav_15,test
1.0841784,-0.71964467,6,C_Lvav_15,test
1.0256041,-0.27031273,1,C_Lvav_15,test
-0.0063822,0.52489626,11,C_Lvav_15,test
1.5296189,0.1538262,12,C_Lvav_15,test
0.5737666,0.36372674,8,C_Lvav_15,test
0.68260443,-0.8154418,14,C_Lvav_15,test
0.47390684,0.8036507,9,C_Lvav_15,test
1.2085049,1.0606214,7,C_Lvav_15,test
-0.92711854,0.6920817,13,C_Lvav_15,test
-1.5871501,-0.8245649,10,C_Lvav_15,test
2.0787497,-0.059330508,4,C_Lava_45,test
0.39159587,-2.3228014,0,C_Lava_45,test
0.56463677,-0.86091256,3,C_Lava_45,test
0.32321104,-1.0179918,1,C_Lava_45,test
-0.071160935,-0.005428004,6,C_Lava_45,test
0.07557381,-0.15053207,2,C_Lava_45,test
0.8967327,-1.4682684,5,C_Lava_45,test
-0.75130093,0.11029689,12,C_Lava_45,test
-0.97617453,-0.3568002,11,C_Lava_45,test
-1.0002453,0.30692405,10,C_Lava_45,test
-0.84370255,0.851401,7,C_Lava_45,test
0.7761383,1.472818,13,C_Lava_45,test
0.8103504,-0.95314986,9,C_Lava_45,test
-0.033448815,2.3319104,8,C_Lava_45,test
0.36309028,-0.10676757,14,C_Lava_45,test
-0.022050893,-0.09518608,4,C_Lav_89,test
1.3155062,1.3272108,0,C_Lav_89,test
0.3396329,-1.4997473,3,C_Lav_89,test
-0.12498816,-0.83374286,1,C_Lav_89,test
0.1957694,0.67647654,6,C_Lav_89,test
0.29953074,-1.2069312,2,C_Lav_89,test
-0.7299894,-0.5286534,5,C_Lav_89,test
0.54002404,-0.96144664,12,C_Lav_89,test
-0.19995305,-1.8304441,11,C_Lav_89,test
-1.4432533,0.08611067,10,C_Lav_89,test
2.0121436,-0.3538741,13,C_Lav_89,test
-0.6573418,0.47268072,7,C_Lav_89,test
0.09254707,1.2979884,9,C_Lav_89,test
-2.2486262,1.2530823,14,C_Lav_89,test
-0.020136641,1.9895463,8,C_Lav_89,test
1.51869,1.1142926,10,C_Lav_53,test
-1.0329971,0.41469845,13,C_Lav_53,test
-0.66530144,-0.8074564,7,C_Lav_53,test
-0.35548782,-1.6870488,9,C_Lav_53,test
1.8006946,0.23128201,14,C_Lav_53,test
-0.02401934,-0.519502,8,C_Lav_53,test
-0.98044604,-1.7319162,12,C_Lav_53,test
0.31871456,0.37312078,11,C_Lav_53,test
0.94074965,0.6153044,1,C_Lav_53,test
0.20325969,0.95265007,6,C_Lav_53,test
1.6580704,-1.2908748,2,C_Lav_53,test
1.5162747,1.4654566,5,C_Lav_53,test
0.16599818,-0.6875965,4,C_Lav_53,test
-0.50876635,-0.6383209,0,C_Lav_53,test
-2.0420976,-1.1684072,3,C_Lav_53,test
-0.2567206,1.3089224,5,C_Lav_63,test
0.646497,1.0833335,2,C_Lav_63,test
-0.06131208,0.01623041,6,C_Lav_63,test
-1.9543238,1.915688,1,C_Lav_63,test
-1.6831923,0.8852633,3,C_Lav_63,test
-1.3556533,1.0535918,0,C_Lav_63,test
1.0110362,0.41165873,4,C_Lav_63,test
0.1400356,-1.7495528,8,C_Lav_63,test
0.32882407,-0.3471915,14,C_Lav_63,test
0.25557485,-2.5904338,9,C_Lav_63,test
0.52185464,-1.3296959,7,C_Lav_63,test
0.74320817,1.2305729,13,C_Lav_63,test
0.11675769,0.55282164,10,C_Lav_63,test
0.8418825,-0.75423616,11,C_Lav_63,test
1.7941402,-0.9170072,12,C_Lav_63,test
-0.34236208,0.9420477,12,C_Lav_16,test
0.35781458,-0.18665728,11,C_Lav_16,test
1.1606318,0.8342147,7,C_Lav_16,test
-1.9845631,1.4548923,13,C_Lav_16,test
1.809748,-0.2861098,10,C_Lav_16,test
1.2423004,-0.24577054,8,C_Lav_16,test
-0.54543686,0.2514688,14,C_Lav_16,test
0.5407568,-1.1627139,9,C_Lav_16,test
-1.0324643,-2.6126707,4,C_Lav_16,test
-0.3585332,-0.18159118,3,C_Lav_16,test
0.48910323,-0.5723338,0,C_Lav_16,test
0.2316466,0.57575077,6,C_Lav_16,test
-1.0324752,-0.31339946,1,C_Lav_16,test
-1.3738433,0.9268794,5,C_Lav_16,test
1.5203723,2.041802,2,C_Lav_16,test
-0.49817276,0.32035917,6,C_Lvav_89,test
-0.66842896,-0.19671999,1,C_Lvav_89,test
0.0055949935,-0.8187138,5,C_Lvav_89,test
1.1421686,-1.5386162,2,C_Lvav_89,test
0.29856113,-1.2554356,4,C_Lvav_89,test
0.3429533,-0.87767595,3,C_Lvav_89,test
0.70692855,-0.852738,0,C_Lvav_89,test
-0.19380078,0.559038,7,C_Lvav_89,test
-0.40257442,0.76675856,13,C_Lvav_89,test
-1.0983213,-0.050812345,10,C_Lvav_89,test
0.7637267,-0.9309355,8,C_Lvav_89,test
0.7926534,0.80829734,14,C_Lvav_89,test
0.9463012,1.2468626,9,C_Lvav_89,test
-0.3955311,1.4550487,12,C_Lvav_89,test
0.34668964,-0.006629966,11,C_Lvav_89,test
0.74359226,0.6231551,1,C_Lava_73,test
1.5397848,-0.2506282,6,C_Lava_73,test
0.93263966,0.6926466,2,C_Lava_73,test
-0.87246144,-0.12218737,5,C_Lava_73,test
-0.3631038,0.067166306,4,C_Lava_73,test
1.7112768,-1.256002,0,C_Lava_73,test
-0.8188803,-0.9765424,3,C_Lava_73,test
-0.6783585,0.457893,10,C_Lava_73,test
0.25521278,0.4172235,13,C_Lava_73,test
0.92022604,-0.57889843,7,C_Lava_73,test
1.6880683,1.4423993,9,C_Lava_73,test
1.4345524,-1.8786957,14,C_Lava_73,test
-0.54752487,1.3520957,8,C_Lava_73,test
-1.4467938,-1.4747398,12,C_Lava_73,test
-0.7059784,2.3004687,11,C_Lava_73,test
0.53103656,-1.5520493,2,C_Lav_51,test
1.6906374,0.20174524,5,C_Lav_51,test
-3.2981436,1.8440295,1,C_Lav_51,test
-0.549397,0.16861364,6,C_Lav_51,test
1.8465096,1.2909892,0,C_Lav_51,test
0.59380776,0.8966809,3,C_Lav_51,test
0.22326735,-1.7972392,4,C_Lav_51,test
-0.9278848,1.1817386,9,C_Lav_51,test
-0.3540252,0.38846087,8,C_Lav_51,test
-0.63927,-0.9235511,14,C_Lav_51,test
-0.8201968,0.93828213,10,C_Lav_51,test
-0.45570865,-0.3068333,7,C_Lav_51,test
-1.4887264,0.503212,13,C_Lav_51,test
-0.16575876,0.83313036,11,C_Lav_51,test
0.6250456,-2.4220128,12,C_Lav_51,test
0.44329995,0.57538426,6,C_Savav_49,test
0.581447,-0.33566704,1,C_Savav_49,test
-0.35171515,-0.053829763,5,C_Savav_49,test
-0.8005838,-0.37875903,2,C_Savav_49,test
-1.0571932,-0.78908354,4,C_Savav_49,test
0.37505537,-0.14685765,3,C_Savav_49,test
-0.35493997,0.14594543,0,C_Savav_49,test
-1.5351974,-0.3368387,7,C_Savav_49,test
-0.35855713,0.66080993,13,C_Savav_49,test
1.3516841,0.3500314,10,C_Savav_49,test
0.009383371,-0.6497734,8,C_Savav_49,test
0.11393256,-0.30277598,14,C_Savav_49,test
-2.3482268,-0.74203664,9,C_Savav_49,test
-0.8817279,0.45208943,12,C_Savav_49,test
-0.028387338,-0.09397058,11,C_Savav_49,test
-0.6671505,0.7262178,11,C_Lvav_73,test
0.505161,0.26815468,12,C_Lvav_73,test
-0.8522711,-0.58456045,14,C_Lvav_73,test
-0.36691305,0.16468784,8,C_Lvav_73,test
-0.54060656,1.4672803,9,C_Lvav_73,test
-1.4017205,-1.5137068,13,C_Lvav_73,test
-0.5741745,-0.047130268,7,C_Lvav_73,test
-1.0937573,-0.34924072,10,C_Lvav_73,test
0.8716918,-1.0560385,3,C_Lvav_73,test
0.4774954,0.7212542,0,C_Lvav_73,test
-0.2176492,1.6828427,4,C_Lvav_73,test
-0.97380126,-0.62015206,5,C_Lvav_73,test
0.421938,-0.34295973,2,C_Lvav_73,test
0.7249845,-0.59298533,6,C_Lvav_73,test
0.65189445,1.4626865,1,C_Lvav_73,test
-0.17706686,-0.16598766,10,C_Lvav_99,test
1.0710328,-0.25879434,7,C_Lvav_99,test
-0.5404549,0.046368346,13,C_Lvav_99,test
-0.21015996,0.93361163,9,C_Lvav_99,test
-1.1861693,-0.8385743,8,C_Lvav_99,test
-0.43498302,1.4992155,14,C_Lvav_99,test
-0.93405384,1.7569859,12,C_Lvav_99,test
-1.0252736,0.5431144,11,C_Lvav_99,test
-0.61827517,1.5407543,1,C_Lvav_99,test
1.9293562,2.5611162,6,C_Lvav_99,test
0.9134184,1.48689,2,C_Lvav_99,test
0.36607748,0.6284615,5,C_Lvav_99,test
-2.370865,-0.59711677,4,C_Lvav_99,test
-0.9860162,1.0284395,0,C_Lvav_99,test
0.7083111,0.40080902,3,C_Lvav_99,test
0.6839452,-1.922901,6,C_Sav_12,test
0.05664605,-0.35784417,1,C_Sav_12,test
-1.6831629,-0.7250661,5,C_Sav_12,test
-2.1322052,-0.44621882,2,C_Sav_12,test
1.111821,-1.1303155,4,C_Sav_12,test
-0.15369552,1.419257,3,C_Sav_12,test
1.0714376,0.4090993,0,C_Sav_12,test
0.8816048,0.29646268,13,C_Sav_12,test
0.61826617,-0.84422237,7,C_Sav_12,test
-0.6965359,-1.2079452,10,C_Sav_12,test
0.98776233,-0.035022333,14,C_Sav_12,test
0.76069224,1.9065664,8,C_Sav_12,test
-0.1626583,-0.56313276,9,C_Sav_12,test
-1.2359054,-0.26981106,12,C_Sav_12,test
0.72266793,-0.054557815,11,C_Sav_12,test
0.5528456,0.3016147,4,C_Lav_83,test
1.752645,-0.4405027,3,C_Lav_83,test
1.5281965,-1.23096,0,C_Lav_83,test
-0.8973918,-0.38374606,6,C_Lav_83,test
0.611689,1.3448716,1,C_Lav_83,test
-1.6962538,0.4678231,5,C_Lav_83,test
1.309144,-0.04837364,2,C_Lav_83,test
1.0844775,-0.78995216,12,C_Lav_83,test
0.9700586,0.29988658,11,C_Lav_83,test
0.34384537,-0.3865615,13,C_Lav_83,test
1.4471744,-0.34798184,7,C_Lav_83,test
-1.4227849,-1.7139812,10,C_Lav_83,test
1.0281667,-0.21333773,14,C_Lav_83,test
1.3621236,-0.07640943,8,C_Lav_83,test
-0.3591748,0.3216216,9,C_Lav_83,test
-1.2797259,-0.42004615,11,C_Lava_70,test
1.0183433,-1.0273495,12,C_Lava_70,test
1.8759898,-0.55310583,8,C_Lava_70,test
-0.46296945,-0.3037255,14,C_Lava_70,test
-0.52462375,0.39482874,9,C_Lava_70,test
1.2225193,-1.0024011,7,C_Lava_70,test
0.955509,0.34639043,13,C_Lava_70,test
1.7094004,-3.15098,10,C_Lava_70,test
-1.4362,-0.75582653,3,C_Lava_70,test
1.4046552,-0.15714806,0,C_Lava_70,test
0.8011294,0.79121447,4,C_Lava_70,test
0.2982692,-0.0010305906,5,C_Lava_70,test
1.2511551,1.1263695,2,C_Lava_70,test
-0.41384792,-0.64792293,6,C_Lava_70,test
0.17577502,0.849089,1,C_Lava_70,test
-0.81204796,0.74621886,9,C_Lava_82,test
-0.49394628,-0.32094726,8,C_Lava_82,test
-1.8145685,-0.059604157,14,C_Lava_82,test
2.2275653,2.7537613,10,C_Lava_82,test
0.4120122,1.8546906,7,C_Lava_82,test
0.5778964,-0.06746427,13,C_Lava_82,test
-0.617484,0.9234567,11,C_Lava_82,test
-1.2128643,0.0049686925,12,C_Lava_82,test
-0.19258468,-1.1924938,2,C_Lava_82,test
-1.9581679,-0.9370665,5,C_Lava_82,test
-2.0769544,-0.418922,1,C_Lava_82,test
-1.3640962,0.7687264,6,C_Lava_82,test
0.7595997,-0.92561096,0,C_Lava_82,test
-1.2605515,-0.6019598,3,C_Lava_82,test
-0.29931754,1.0301546,4,C_Lava_82,test
1.8251102,-1.1240572,0,C_Savav_11,test
-0.2701879,-0.09687834,3,C_Savav_11,test
-1.0217496,-1.2253989,4,C_Savav_11,test
0.81415254,1.1772869,2,C_Savav_11,test
1.6741023,-0.42833656,5,C_Savav_11,test
0.523225,0.551822,1,C_Savav_11,test
-0.58631194,-2.3106623,6,C_Savav_11,test
-0.31558132,-0.25712952,11,C_Savav_11,test
-0.4489806,-1.0506251,12,C_Savav_11,test
-1.416113,0.19607191,9,C_Savav_11,test
-0.53088874,0.17270236,14,C_Savav_11,test
-0.7047513,-0.6581322,8,C_Savav_11,test
0.1849842,-0.8621205,10,C_Savav_11,test
-0.51420945,0.5806627,13,C_Savav_11,test
1.7500194,0.16737482,7,C_Savav_11,test
-1.3169413,-0.41982567,4,C_Lvav_88,test
-0.7814939,1.1244012,0,C_Lvav_88,test
-1.1946154,-2.1567569,3,C_Lvav_88,test
-0.4156482,-0.8187689,1,C_Lvav_88,test
-0.03239416,-0.61407053,6,C_Lvav_88,test
0.6438101,-0.6944923,2,C_Lvav_88,test
0.819813,2.6949646,5,C_Lvav_88,test
-0.43656835,0.02879712,12,C_Lvav_88,test
0.07998195,1.4414725,11,C_Lvav_88,test
2.1307232,0.9022176,10,C_Lvav_88,test
-0.32823938,0.5095814,7,C_Lvav_88,test
-1.0662153,-0.618541,13,C_Lvav_88,test
1.4728166,-0.7870669,9,C_Lvav_88,test
-0.22495735,-1.1249073,8,C_Lvav_88,test
1.4168034,-0.9169423,14,C_Lvav_88,test
0.03985247,-1.4237522,3,C_Lav_55,test
-0.18462417,2.5255597,0,C_Lav_55,test
0.038532063,-2.1554208,4,C_Lav_55,test
-1.0116127,-1.4152412,5,C_Lav_55,test
0.647388,-0.54282373,2,C_Lav_55,test
1.0277196,0.957333,6,C_Lav_55,test
-0.38598746,1.0912532,1,C_Lav_55,test
-0.38187292,1.3547555,11,C_Lav_55,test
0.142598,2.4543214,12,C_Lav_55,test
-0.37432966,-1.168846,14,C_Lav_55,test
0.011474927,0.88420886,8,C_Lav_55,test
-0.4478427,0.62123096,9,C_Lav_55,test
0.4930545,0.29650706,13,C_Lav_55,test
1.0629195,-0.24636324,7,C_Lav_55,test
-0.2833221,1.0313437,10,C_Lav_55,test
2.39702,0.5093496,2,C_Lava_7,test
1.2615943,0.049244795,5,C_Lava_7,test
-0.2306599,1.0508027,1,C_Lava_7,test
2.0570362,1.8758581,6,C_Lava_7,test
2.0987165,0.4357457,0,C_Lava_7,test
-1.0530131,-1.6324778,3,C_Lava_7,test
1.2584254,0.048966993,4,C_Lava_7,test
0.70266813,0.35342395,9,C_Lava_7,test
0.22414018,-0.08546301,8,C_Lava_7,test
0.94483936,1.1379664,14,C_Lava_7,test
1.1950593,0.12767956,10,C_Lava_7,test
-0.120829925,-0.070855305,7,C_Lava_7,test
0.9123807,-1.5735329,13,C_Lava_7,test
0.14629106,0.7338951,11,C_Lava_7,test
1.2291502,1.4558595,12,C_Lava_7,test
-0.89935446,-0.23908159,12,C_Sav_31,test
-0.3139385,0.091056295,11,C_Sav_31,test
-1.2152804,-1.2829894,10,C_Sav_31,test
-1.2468123,0.16534317,13,C_Sav_31,test
-0.92709565,-1.5911319,7,C_Sav_31,test
0.5491127,1.1645699,9,C_Sav_31,test
0.14759794,0.24846108,14,C_Sav_31,test
-0.49902463,0.60019016,8,C_Sav_31,test
0.7538503,-0.772963,4,C_Sav_31,test
2.1898725,1.257468,0,C_Sav_31,test
-1.0322468,0.3110315,3,C_Sav_31,test
0.7380419,0.023725595,1,C_Sav_31,test
-0.9065535,0.8249605,6,C_Sav_31,test
-1.4305763,0.75735265,2,C_Sav_31,test
0.9067554,0.5163751,5,C_Sav_31,test
0.15848696,1.0272979,4,C_Savav_70,test
-1.745043,0.4414093,0,C_Savav_70,test
0.6449902,0.7182138,3,C_Savav_70,test
-0.03596576,0.3769726,1,C_Savav_70,test
1.037201,-0.12652709,6,C_Savav_70,test
-0.27782404,0.02965709,2,C_Savav_70,test
-0.76358724,-0.29984665,5,C_Savav_70,test
-1.8160278,-0.31493485,12,C_Savav_70,test
-0.21500906,-0.3095075,11,C_Savav_70,test
-0.5266654,-1.4817028,10,C_Savav_70,test
0.9392687,-0.50649923,7,C_Savav_70,test
0.45692182,0.3418513,13,C_Savav_70,test
1.7150637,-1.0951025,9,C_Savav_70,test
1.2602376,0.40369886,8,C_Savav_70,test
0.9907949,0.26375225,14,C_Savav_70,test
-2.1091292,-0.08329954,1,C_Lava_85,test
0.7720688,-0.06288616,6,C_Lava_85,test
-1.0547943,0.30264273,2,C_Lava_85,test
-0.8714413,-2.1307738,5,C_Lava_85,test
0.8957026,0.17446634,4,C_Lava_85,test
1.2267106,0.3161524,0,C_Lava_85,test
1.2152388,0.54008377,3,C_Lava_85,test
-0.34396702,-1.4013368,10,C_Lava_85,test
-0.752429,0.7742279,7,C_Lava_85,test
0.18180987,-1.2183329,13,C_Lava_85,test
-1.7964306,-1.8440721,9,C_Lava_85,test
-0.90064275,1.1467648,8,C_Lava_85,test
1.6340579,-1.1688266,14,C_Lava_85,test
0.7490283,-2.0161018,12,C_Lava_85,test
1.1370099,0.27315006,11,C_Lava_85,test
